{
"type": "FeatureCollection",
"name": "nodos",
"crs": { "type": "name", "properties": { "name": "urn:ogc:def:crs:OGC:1.3:CRS84" } },
"features": [
{ "type": "Feature", "properties": { "ubigeo": "130101", "departamento": "LA LIBERTAD", "provincia": "TRUJILLO", "capital": "TRUJILLO", "distrito": "TRUJILLO", "gasto_mef_2012": 1080661263.9800045, "gasto_mef_2013": 1423904947.0699902, "gasto_mef_2014": 1306068228.8599963, "gasto_mef_2015": 1206031578.3099952, "gasto_mef_2016": 1301657321.8599982, "gasto_mef_2017": 1381576979.2400107, "gasto_mef_2018": 1424142630.5799849, "gasto_mef_2019": 1457422254.2099833, "gasto_mef_2020": 1610026587.4300096, "gasto_mef_2021": 1832681215.7499826, "gasto_mef_2022": 2046889198.4999969, "gasto_mef_2023": 2235101392.6200414, "gasto_mef_2024": 2681264792.8900661, "gasto_mef_2025": 3014895674.8401217, "gasto_mef_2026": 1321211347.0100186, "num_establecimientos_salud": 266, "num_ie_activas": 687, "num_ie_inactivas": 629, "num_ie_total": 1316, "poblacion_2017": 328664, "ie_activas_per_1000hab": 2.0902806513643113, "establecimientos_salud_per_1000hab": 0.80933719543363436, "gasto_mef_2026_per_capita": 4019.9454367074536, "gasto_mef_promedio_periodo": 1688235694.2100136, "gasto_mef_promedio_per_capita": 5136.6614360258918, "log_gasto_mef_2026": 21.001814840612973, "log_poblacion_2017": 12.702794273909891, "tendencia_gasto_mef": 91235161.017889842, "tendencia_gasto_mef_per_capita": 277.59402008704893, "proporcion_ie_inactivas": 0.47796352583586627, "area_km2": 38.388546488780499, "densidad_poblacional": 8561.5119628469365, "log_densidad_poblacional": 9.0551488796903143, "comunidad_louvain": 0, "cluster_graphsage": 7 }, "geometry": { "type": "Polygon", "coordinates": [ [ [ -79.049959987999955, -8.083159975999934 ], [ -79.043709987999989, -8.084529975999942 ], [ -79.038819987999943, -8.087229975999946 ], [ -79.033064362999937, -8.087360100999945 ], [ -79.030213643999957, -8.088702319999982 ], [ -79.023208367999985, -8.089163841999948 ], [ -79.019208564999985, -8.088077452999926 ], [ -79.015338787999951, -8.085659798999927 ], [ -79.009041049999951, -8.087282759999937 ], [ -79.002508011999964, -8.087049946999969 ], [ -78.994447440999977, -8.08923131399996 ], [ -78.991897132999952, -8.088730763999934 ], [ -78.993738237999935, -8.092673850999972 ], [ -78.996246112999984, -8.094228475999955 ], [ -78.994435487999965, -8.096398475999933 ], [ -78.994751987999962, -8.099308600999962 ], [ -78.997456862999968, -8.10165247599997 ], [ -79.000910112999975, -8.103244100999973 ], [ -78.999486487999945, -8.104888725999956 ], [ -78.993999987999985, -8.106583975999968 ], [ -78.998880862999954, -8.11201372599993 ], [ -79.000793362999957, -8.11300747599995 ], [ -78.992409987999963, -8.112299975999974 ], [ -78.991169987999967, -8.112899975999937 ], [ -78.990318362999972, -8.11623822599995 ], [ -78.984853487999942, -8.121001975999945 ], [ -78.982772612999952, -8.126983725999935 ], [ -78.985689988, -8.127009975999954 ], [ -78.988769987999945, -8.128949975999944 ], [ -78.989859987999978, -8.127659975999961 ], [ -78.994259987999953, -8.127979975999949 ], [ -78.999999987999956, -8.132599975999938 ], [ -79.005239987999971, -8.140559975999963 ], [ -79.01415998799996, -8.143449975999943 ], [ -79.016089987999976, -8.14585997599994 ], [ -79.017849987999966, -8.145939975999966 ], [ -79.018069987999979, -8.148099975999969 ], [ -79.020889987999965, -8.148169975999963 ], [ -79.02543998799996, -8.15117997599998 ], [ -79.026728487999947, -8.151254600999948 ], [ -79.027419862999977, -8.137294975999964 ], [ -79.035255862999975, -8.130185600999937 ], [ -79.041259987999979, -8.12762997599998 ], [ -79.042600987999947, -8.12919472599998 ], [ -79.046374987999968, -8.12591785099994 ], [ -79.046810487999949, -8.124339850999945 ], [ -79.05380473799994, -8.121230475999937 ], [ -79.054251987999976, -8.120210975999953 ], [ -79.060935487999984, -8.118654350999975 ], [ -79.061828113, -8.116597600999967 ], [ -79.063208987999985, -8.11576172599996 ], [ -79.064989987999979, -8.110619975999953 ], [ -79.062939987999982, -8.10320997599996 ], [ -79.05895998799997, -8.104489975999968 ], [ -79.05626998799994, -8.099059975999978 ], [ -79.054989987999988, -8.094209975999945 ], [ -79.052710987999944, -8.09104685099993 ], [ -79.049959987999955, -8.083159975999934 ] ] ] } },
{ "type": "Feature", "properties": { "ubigeo": "130102", "departamento": "LA LIBERTAD", "provincia": "TRUJILLO", "capital": "EL PORVENIR", "distrito": "EL PORVENIR", "gasto_mef_2012": 39987457.169999987, "gasto_mef_2013": 76374504.789999947, "gasto_mef_2014": 93984501.729999885, "gasto_mef_2015": 81837639.000000075, "gasto_mef_2016": 90856390.520000681, "gasto_mef_2017": 110861724.33999978, "gasto_mef_2018": 113635554.93999913, "gasto_mef_2019": 109920289.57000163, "gasto_mef_2020": 142965191.48000026, "gasto_mef_2021": 139069856.94999954, "gasto_mef_2022": 160403330.17999971, "gasto_mef_2023": 202246350.08999878, "gasto_mef_2024": 198210699.78999785, "gasto_mef_2025": 205315761.36999914, "gasto_mef_2026": 104814053.47999994, "num_establecimientos_salud": 22, "num_ie_activas": 306, "num_ie_inactivas": 186, "num_ie_total": 492, "poblacion_2017": 203936, "ie_activas_per_1000hab": 1.5004707359171503, "establecimientos_salud_per_1000hab": 0.10787698101365134, "gasto_mef_2026_per_capita": 513.95562078299042, "gasto_mef_promedio_periodo": 124698887.02666642, "gasto_mef_promedio_per_capita": 611.46088491814305, "log_gasto_mef_2026": 18.467698428493179, "log_poblacion_2017": 12.225566401601135, "tendencia_gasto_mef": 9016379.5323208254, "tendencia_gasto_mef_per_capita": 44.211809255456735, "proporcion_ie_inactivas": 0.37804878048780488, "area_km2": 36.014919973177868, "densidad_poblacional": 5662.5420839996714, "log_densidad_poblacional": 8.6418047853538109, "comunidad_louvain": 0, "cluster_graphsage": 7 }, "geometry": { "type": "Polygon", "coordinates": [ [ [ -78.98251110599989, -8.015978307999944 ], [ -78.965935240999954, -8.01437358499993 ], [ -78.961569801999985, -8.015441197999905 ], [ -78.957520026999873, -8.017702953999901 ], [ -78.955818826999916, -8.019603196999924 ], [ -78.953781035999782, -8.024027527999976 ], [ -78.953362324999887, -8.028360541999859 ], [ -78.958197451999922, -8.032451972999979 ], [ -78.961143311999933, -8.03360271299988 ], [ -78.966692461999855, -8.042061448999959 ], [ -78.97493385699994, -8.045666863999941 ], [ -78.978608786999985, -8.050837824999917 ], [ -78.977931980999927, -8.054792329999941 ], [ -78.979658666999853, -8.058042601999944 ], [ -78.980511927999885, -8.06705073899991 ], [ -78.983301277999885, -8.067932335999899 ], [ -78.98849047099992, -8.073264419999873 ], [ -78.988671734999912, -8.075127577999922 ], [ -78.990614258999983, -8.076542257999904 ], [ -78.99223176199996, -8.076094281999815 ], [ -78.993292687999883, -8.078718861999903 ], [ -78.991548111999975, -8.087526513999876 ], [ -78.991897132999895, -8.088730763999877 ], [ -78.994447440999977, -8.089231313999903 ], [ -79.002508011999851, -8.087049946999969 ], [ -79.009041049999894, -8.08728275999988 ], [ -79.014544257999944, -8.085731634999888 ], [ -79.014560979999885, -8.084167749999892 ], [ -79.01200009799993, -8.080074480999883 ], [ -79.014509665999924, -8.072397070999955 ], [ -79.020595126999922, -8.074478699999872 ], [ -79.021452729999908, -8.069736686999931 ], [ -79.032743109208354, -8.071846584021898 ], [ -79.0334364859998, -8.061983548999876 ], [ -79.032376420999924, -8.061734369999954 ], [ -79.032706671999904, -8.06096752499991 ], [ -79.03416788699991, -8.060793728999897 ], [ -79.034239930999945, -8.0554334979999 ], [ -79.035434263999889, -8.054001430999961 ], [ -79.027409820999878, -8.0473558569999 ], [ -79.02567614499992, -8.044790780999904 ], [ -79.020706286999882, -8.042240984999978 ], [ -79.018753100999902, -8.042562240999928 ], [ -79.013154686999883, -8.039628556999901 ], [ -79.007623195999884, -8.033533565999846 ], [ -79.002540398999884, -8.032688441999881 ], [ -78.999532415999852, -8.029619412999921 ], [ -78.99511738599989, -8.031485116999818 ], [ -78.992425668999942, -8.031328472999917 ], [ -78.987371461999885, -8.025563267999871 ], [ -78.987945752999906, -8.022968496999852 ], [ -78.986043879999897, -8.017390912999929 ], [ -78.983751967999922, -8.015886694999892 ], [ -78.981002062999949, -8.01639799499992 ], [ -78.98251110599989, -8.015978307999944 ] ], [ [ -78.976432826999883, -8.033394755999836 ], [ -78.976456896999935, -8.034590803999833 ], [ -78.976456896999935, -8.034590803999839 ], [ -78.976432826999883, -8.033394755999836 ] ] ] } },
{ "type": "Feature", "properties": { "ubigeo": "130103", "departamento": "LA LIBERTAD", "provincia": "TRUJILLO", "capital": "FLORENCIA DE MORA", "distrito": "FLORENCIA DE MORA", "gasto_mef_2012": 7940706.73000001, "gasto_mef_2013": 7487065.87, "gasto_mef_2014": 8137466.42, "gasto_mef_2015": 16659217.15, "gasto_mef_2016": 13557972.65, "gasto_mef_2017": 8947702.82, "gasto_mef_2018": 23827862.959999971, "gasto_mef_2019": 53096516.869999975, "gasto_mef_2020": 19710451.41, "gasto_mef_2021": 12879530.17000001, "gasto_mef_2022": 7602049.44, "gasto_mef_2023": 20979341.480000012, "gasto_mef_2024": 24066074.69, "gasto_mef_2025": 17815090.11000001, "gasto_mef_2026": 16146987.13, "num_establecimientos_salud": 7, "num_ie_activas": 73, "num_ie_inactivas": 42, "num_ie_total": 115, "poblacion_2017": 38025, "ie_activas_per_1000hab": 1.9197896120973044, "establecimientos_salud_per_1000hab": 0.18408941485864563, "gasto_mef_2026_per_capita": 424.64134464168325, "gasto_mef_promedio_periodo": 17256935.726666667, "gasto_mef_promedio_per_capita": 453.83131431076049, "log_gasto_mef_2026": 16.597244096742411, "log_poblacion_2017": 10.546025415269531, "tendencia_gasto_mef": 722193.28724996757, "tendencia_gasto_mef_per_capita": 18.992591380669758, "proporcion_ie_inactivas": 0.36521739130434783, "area_km2": 3.5970422280934939, "densidad_poblacional": 10571.185320822333, "log_densidad_poblacional": 9.2659818049710658, "comunidad_louvain": 0, "cluster_graphsage": 7 }, "geometry": { "type": "Polygon", "coordinates": [ [ [ -79.032743109208354, -8.071846584021898 ], [ -79.021452729999965, -8.069736686999931 ], [ -79.020595126999922, -8.074478699999872 ], [ -79.014509665999924, -8.072397070999955 ], [ -79.01200009799993, -8.080074480999883 ], [ -79.014560979999942, -8.084167749999892 ], [ -79.014544257999944, -8.085731634999888 ], [ -79.01627351999997, -8.085925055999894 ], [ -79.019761975999927, -8.088317727999879 ], [ -79.021985956999913, -8.088335102999906 ], [ -79.023359453999944, -8.089188491999835 ], [ -79.031407342999955, -8.088281115999962 ], [ -79.032315119999964, -8.087508152999874 ], [ -79.030345422999972, -8.087550537999846 ], [ -79.030248750999931, -8.083732550999969 ], [ -79.032666155999948, -8.07728218099993 ], [ -79.032743109208354, -8.071846584021898 ] ] ] } },
{ "type": "Feature", "properties": { "ubigeo": "130104", "departamento": "LA LIBERTAD", "provincia": "TRUJILLO", "capital": "HUANCHACO", "distrito": "HUANCHACO", "gasto_mef_2012": 22525744.009999964, "gasto_mef_2013": 32072631.18, "gasto_mef_2014": 28052005.270000014, "gasto_mef_2015": 33537772.13, "gasto_mef_2016": 33723263.160000049, "gasto_mef_2017": 50124608.770000041, "gasto_mef_2018": 47488232.22000001, "gasto_mef_2019": 28369707.39, "gasto_mef_2020": 27072040.270000029, "gasto_mef_2021": 61354097.019999936, "gasto_mef_2022": 62168052.49, "gasto_mef_2023": 42313772.199999742, "gasto_mef_2024": 52034299.599999174, "gasto_mef_2025": 72250849.659999907, "gasto_mef_2026": 22714774.780000068, "num_establecimientos_salud": 10, "num_ie_activas": 179, "num_ie_inactivas": 75, "num_ie_total": 254, "poblacion_2017": 74773, "ie_activas_per_1000hab": 2.3939122410495766, "establecimientos_salud_per_1000hab": 0.13373811402511601, "gasto_mef_2026_per_capita": 303.7831139582479, "gasto_mef_promedio_periodo": 41053456.676666602, "gasto_mef_promedio_per_capita": 549.04118701491984, "log_gasto_mef_2026": 16.938526186116579, "log_poblacion_2017": 11.222225509955029, "tendencia_gasto_mef": 1731375.5383570131, "tendencia_gasto_mef_per_capita": 23.155089916908686, "proporcion_ie_inactivas": 0.29527559055118108, "area_km2": 316.12064709012424, "densidad_poblacional": 236.53311065974958, "log_densidad_poblacional": 5.4703070270617733, "comunidad_louvain": 0, "cluster_graphsage": 0 }, "geometry": { "type": "Polygon", "coordinates": [ [ [ -78.980732487999944, -7.892333100999963 ], [ -78.975858737999943, -7.893703475999928 ], [ -78.968380112999967, -7.898354600999937 ], [ -78.965335237999966, -7.901332600999979 ], [ -78.960600487999955, -7.901182100999961 ], [ -78.956666862999953, -7.902761475999966 ], [ -78.955214112999954, -7.902845725999953 ], [ -78.953389487999971, -7.89984360099993 ], [ -78.949308362999943, -7.898527600999955 ], [ -78.946022237999955, -7.89630572599998 ], [ -78.941589737999948, -7.902548225999965 ], [ -78.938028862999943, -7.905340475999935 ], [ -78.935614612999984, -7.91023310099996 ], [ -78.933798362999937, -7.912049350999951 ], [ -78.933004987999936, -7.915180850999946 ], [ -78.930771112999935, -7.91708085099998 ], [ -78.929873487999942, -7.92353185099995 ], [ -78.928871362999985, -7.925640475999955 ], [ -78.928558112999951, -7.932905725999944 ], [ -78.931543612999974, -7.938730475999932 ], [ -78.93049973799998, -7.943657475999942 ], [ -78.93150198799998, -7.950546975999941 ], [ -78.93070698799994, -7.954999975999954 ], [ -78.924685112999953, -7.957799100999978 ], [ -78.921964987999957, -7.962916725999946 ], [ -78.921901362999961, -7.96745410099993 ], [ -78.924518612999975, -7.969616975999941 ], [ -78.929201488, -7.970102475999965 ], [ -78.930603487999974, -7.975864100999956 ], [ -78.933625862999975, -7.979658850999954 ], [ -78.93519661299996, -7.983158600999957 ], [ -78.942080862999944, -7.987734100999944 ], [ -78.942410112999937, -7.99027535099998 ], [ -78.94666598799995, -7.994419975999961 ], [ -78.948539487999938, -7.99831285099998 ], [ -78.955330362999973, -8.002426725999953 ], [ -78.956150487999935, -8.007093100999953 ], [ -78.962596488999964, -8.015122340999937 ], [ -78.965935240999954, -8.01437358499993 ], [ -78.984164603999943, -8.016004002999978 ], [ -78.986378100999957, -8.018122369999958 ], [ -78.987945752999963, -8.022968496999965 ], [ -78.98761697499998, -8.026043492999975 ], [ -78.992425668999942, -8.031328472999974 ], [ -78.995117385999947, -8.031485116999932 ], [ -78.999532415999965, -8.029619412999978 ], [ -79.00254039899994, -8.032688441999937 ], [ -79.00762319599994, -8.03353356599996 ], [ -79.01315468699994, -8.039628556999958 ], [ -79.018753100999959, -8.042562240999928 ], [ -79.020706286999939, -8.042240984999978 ], [ -79.025676144999977, -8.044790780999961 ], [ -79.027409820999935, -8.047355856999957 ], [ -79.035434263999946, -8.054001430999961 ], [ -79.04076261299997, -8.044292600999938 ], [ -79.043482237999967, -8.042458850999935 ], [ -79.045527612999933, -8.043020350999939 ], [ -79.04917723799997, -8.041045600999951 ], [ -79.049978737999936, -8.039843350999945 ], [ -79.051695362999965, -8.039562475999958 ], [ -79.058474612999987, -8.042818350999937 ], [ -79.062054737999972, -8.043671850999942 ], [ -79.064527362999968, -8.042351475999965 ], [ -79.06694923799995, -8.046953100999929 ], [ -79.068451112999981, -8.044982475999973 ], [ -79.06975386299996, -8.045892600999935 ], [ -79.070876987999952, -8.044402350999974 ], [ -79.086144487999945, -8.056476600999929 ], [ -79.081234362999965, -8.062880850999932 ], [ -79.083503862999976, -8.065384725999934 ], [ -79.082830112999943, -8.065822225999966 ], [ -79.083519487999979, -8.067496100999961 ], [ -79.08103123799998, -8.068857475999948 ], [ -79.080327987999965, -8.067496100999961 ], [ -79.07833986299994, -8.068748100999926 ], [ -79.079138612999941, -8.071456975999979 ], [ -79.069453112999952, -8.075833975999956 ], [ -79.07032811299996, -8.078613225999959 ], [ -79.069879987999968, -8.079139975999965 ], [ -79.065089987999954, -8.080969975999949 ], [ -79.060429987999953, -8.081239975999949 ], [ -79.059509987999945, -8.082929975999946 ], [ -79.049959987999955, -8.083159975999934 ], [ -79.058419987999969, -8.103719975999979 ], [ -79.05895998799997, -8.104489975999968 ], [ -79.062939987999982, -8.10320997599996 ], [ -79.063439987999971, -8.104489975999968 ], [ -79.064989987999979, -8.110619975999953 ], [ -79.063208987999985, -8.11576172599996 ], [ -79.061828113, -8.116597600999967 ], [ -79.060935487999984, -8.118654350999975 ], [ -79.062053804999948, -8.122745852999969 ], [ -79.065771907999988, -8.129741758999955 ], [ -79.068805097999984, -8.132774948999952 ], [ -79.070990298999959, -8.13285648599998 ], [ -79.088824237999972, -8.117638725999939 ], [ -79.115566362999971, -8.096662100999936 ], [ -79.122579317999964, -8.087477387999968 ], [ -79.123465950999957, -8.08428427299998 ], [ -79.122731317999978, -8.08016926099998 ], [ -79.121251403999963, -8.078763874999936 ], [ -79.122177681999972, -8.078039887999978 ], [ -79.121157661999973, -8.078742215999966 ], [ -79.119513384999948, -8.07660078899994 ], [ -79.119948614999942, -8.07307312699993 ], [ -79.126324237999938, -8.063675725999929 ], [ -79.130078112999968, -8.059849600999939 ], [ -79.187583987999972, -8.014576225999974 ], [ -79.210797224999965, -7.998824274999947 ], [ -79.200770042999977, -7.988680014999943 ], [ -79.193460042999959, -7.98467001299997 ], [ -79.185030042999983, -7.981650014999957 ], [ -79.178480042999979, -7.977710014999957 ], [ -79.17406004299994, -7.96831001299995 ], [ -79.170180042999959, -7.96488001299997 ], [ -79.167553311999939, -7.963805123999975 ], [ -79.149969376999934, -7.943818077999936 ], [ -79.139369737999971, -7.941156100999933 ], [ -79.132910487999936, -7.943379725999932 ], [ -79.131216237999979, -7.942920975999925 ], [ -79.125921612999946, -7.936991100999933 ], [ -79.122545987999956, -7.939376350999964 ], [ -79.119883862999984, -7.94404497599993 ], [ -79.116447112999936, -7.946517100999927 ], [ -79.115138612999942, -7.955480975999933 ], [ -79.113113487999954, -7.958975350999935 ], [ -79.113768612999934, -7.968068725999956 ], [ -79.112418612999988, -7.971026975999962 ], [ -79.110097612999937, -7.97299560099998 ], [ -79.106025487999943, -7.973786725999958 ], [ -79.104993112999978, -7.978452475999973 ], [ -79.105887987999949, -7.98197747599994 ], [ -79.040006237999989, -7.988320975999954 ], [ -79.036134862999972, -7.982429350999951 ], [ -79.03884723799996, -7.974802350999937 ], [ -79.036807237999938, -7.970513725999979 ], [ -79.029293362999965, -7.966280725999979 ], [ -79.025583112999982, -7.96536522599996 ], [ -79.020681362999937, -7.96169597599993 ], [ -79.012284362999935, -7.959703600999944 ], [ -79.010164237999959, -7.954716600999973 ], [ -79.010694237999985, -7.951632725999957 ], [ -79.009931862999963, -7.94855447599997 ], [ -79.006906862999983, -7.945159725999929 ], [ -79.004333987999985, -7.935780225999963 ], [ -79.001527112999952, -7.931120225999962 ], [ -79.001481987999966, -7.926184975999945 ], [ -79.000103487999979, -7.919564725999976 ], [ -78.997754362999956, -7.917564975999937 ], [ -78.995909987999937, -7.914555850999932 ], [ -78.991036987999962, -7.900965725999981 ], [ -78.985091362999981, -7.893494600999929 ], [ -78.980732487999944, -7.892333100999963 ] ] ] } },
{ "type": "Feature", "properties": { "ubigeo": "130105", "departamento": "LA LIBERTAD", "provincia": "TRUJILLO", "capital": "LA ESPERANZA", "distrito": "LA ESPERANZA", "gasto_mef_2012": 81134311.879999906, "gasto_mef_2013": 122243716.77000046, "gasto_mef_2014": 132601033.65999979, "gasto_mef_2015": 513429095.17000014, "gasto_mef_2016": 540713455.42999828, "gasto_mef_2017": 187851786.91999921, "gasto_mef_2018": 202147673.95999926, "gasto_mef_2019": 218734886.99999982, "gasto_mef_2020": 197356553.2899991, "gasto_mef_2021": 210300417.37999979, "gasto_mef_2022": 261845221.9600015, "gasto_mef_2023": 259952300.04999748, "gasto_mef_2024": 278042824.95000017, "gasto_mef_2025": 337668774.69999403, "gasto_mef_2026": 157318321.68999979, "num_establecimientos_salud": 26, "num_ie_activas": 296, "num_ie_inactivas": 136, "num_ie_total": 432, "poblacion_2017": 203776, "ie_activas_per_1000hab": 1.4525753768844221, "establecimientos_salud_per_1000hab": 0.12759108040201006, "gasto_mef_2026_per_capita": 772.01594736377092, "gasto_mef_promedio_periodo": 246756024.98733252, "gasto_mef_promedio_per_capita": 1210.9179932245825, "log_gasto_mef_2026": 18.873781843698861, "log_poblacion_2017": 12.224781537661151, "tendencia_gasto_mef": 2652291.5430723173, "tendencia_gasto_mef_per_capita": 13.015720904681205, "proporcion_ie_inactivas": 0.31481481481481483, "area_km2": 21.639447441872413, "densidad_poblacional": 9416.8763110694163, "log_densidad_poblacional": 9.15036489746916, "comunidad_louvain": 0, "cluster_graphsage": 7 }, "geometry": { "type": "Polygon", "coordinates": [ [ [ -79.051499112999977, -8.039575100999969 ], [ -79.049978737999936, -8.039843350999945 ], [ -79.04917723799997, -8.041045600999951 ], [ -79.045527612999933, -8.043020350999939 ], [ -79.043482237999967, -8.042458850999935 ], [ -79.04076261299997, -8.044292600999938 ], [ -79.03436904299997, -8.055059251999978 ], [ -79.034167886999967, -8.060793728999954 ], [ -79.032706671999961, -8.060967524999967 ], [ -79.032376420999981, -8.061734369999954 ], [ -79.033436485999971, -8.061983548999933 ], [ -79.032666155999948, -8.07728218099993 ], [ -79.030248750999988, -8.083732550999969 ], [ -79.030345422999972, -8.087550537999959 ], [ -79.038819987999943, -8.087229975999946 ], [ -79.045619987999942, -8.083979975999966 ], [ -79.055399987999976, -8.082609975999958 ], [ -79.059509987999945, -8.082929975999946 ], [ -79.060429987999953, -8.081239975999949 ], [ -79.063529987999971, -8.081289975999937 ], [ -79.06850998799996, -8.080009975999928 ], [ -79.07032811299996, -8.078613225999959 ], [ -79.069453112999952, -8.075833975999956 ], [ -79.079138612999941, -8.071456975999979 ], [ -79.07833986299994, -8.068748100999926 ], [ -79.080327987999965, -8.067496100999961 ], [ -79.08103123799998, -8.068857475999948 ], [ -79.083519487999979, -8.067496100999961 ], [ -79.082830112999943, -8.065822225999966 ], [ -79.083503862999976, -8.065384725999934 ], [ -79.081234362999965, -8.062880850999932 ], [ -79.086144487999945, -8.056476600999929 ], [ -79.070876987999952, -8.044402350999974 ], [ -79.06975386299996, -8.045892600999935 ], [ -79.068451112999981, -8.044982475999973 ], [ -79.06694923799995, -8.046953100999929 ], [ -79.064527362999968, -8.042351475999965 ], [ -79.062054737999972, -8.043671850999942 ], [ -79.051499112999977, -8.039575100999969 ] ] ] } },
{ "type": "Feature", "properties": { "ubigeo": "130106", "departamento": "LA LIBERTAD", "provincia": "TRUJILLO", "capital": "LAREDO", "distrito": "LAREDO", "gasto_mef_2012": 9011726.16000001, "gasto_mef_2013": 14497138.79000001, "gasto_mef_2014": 23385642.04, "gasto_mef_2015": 26442498.909999982, "gasto_mef_2016": 15636087.8, "gasto_mef_2017": 11585738.159999987, "gasto_mef_2018": 21396811.809999973, "gasto_mef_2019": 29204562.549999982, "gasto_mef_2020": 21731395.64999998, "gasto_mef_2021": 36933296.730000041, "gasto_mef_2022": 41229669.3, "gasto_mef_2023": 18014449.0, "gasto_mef_2024": 20484835.440000035, "gasto_mef_2025": 33077948.830000032, "gasto_mef_2026": 12537319.079999989, "num_establecimientos_salud": 4, "num_ie_activas": 114, "num_ie_inactivas": 50, "num_ie_total": 164, "poblacion_2017": 40036, "ie_activas_per_1000hab": 2.8474373064242182, "establecimientos_salud_per_1000hab": 0.099910080927165551, "gasto_mef_2026_per_capita": 313.15114097312392, "gasto_mef_promedio_periodo": 22344608.016666669, "gasto_mef_promedio_per_capita": 558.11289880773973, "log_gasto_mef_2026": 16.344220360601003, "log_poblacion_2017": 10.597559305547207, "tendencia_gasto_mef": 770565.08400001202, "tendencia_gasto_mef_per_capita": 19.24680497552233, "proporcion_ie_inactivas": 0.3048780487804878, "area_km2": 493.47193535640673, "densidad_poblacional": 81.13126022269995, "log_densidad_poblacional": 4.4083187018776515, "comunidad_louvain": 0, "cluster_graphsage": 0 }, "geometry": { "type": "Polygon", "coordinates": [ [ [ -78.921421737999935, -7.967665975999978 ], [ -78.916760112999953, -7.969784975999971 ], [ -78.91677961299996, -7.971966725999948 ], [ -78.919247237999969, -7.977082850999977 ], [ -78.914939487999959, -7.983105225999964 ], [ -78.913893862999942, -7.986269725999932 ], [ -78.911649487999966, -7.987705600999959 ], [ -78.909572362999938, -7.99230610099994 ], [ -78.905222862999949, -7.991580975999966 ], [ -78.904483987999981, -7.993769725999925 ], [ -78.905111362999946, -7.996822600999963 ], [ -78.904581612999948, -7.999276225999949 ], [ -78.894523487999948, -8.006146475999969 ], [ -78.88952586299996, -8.006371850999926 ], [ -78.87408998799998, -8.003719975999957 ], [ -78.869389987999966, -8.003989975999957 ], [ -78.867289987999982, -8.005419975999928 ], [ -78.863809987999957, -8.005989975999967 ], [ -78.856659988, -8.005719975999966 ], [ -78.852739987999939, -8.006459975999974 ], [ -78.849019987999952, -8.008289975999958 ], [ -78.84657423799996, -8.013755850999928 ], [ -78.842765612999983, -8.012474475999966 ], [ -78.84079686299998, -8.012939475999929 ], [ -78.83928511299996, -8.01431247599993 ], [ -78.834718737999935, -8.013021475999949 ], [ -78.829947237999988, -8.015540975999954 ], [ -78.828738237999971, -8.014664225999979 ], [ -78.826409987999966, -8.01455997599993 ], [ -78.825755612999956, -8.016736850999962 ], [ -78.826275362999979, -8.020629225999926 ], [ -78.82299986299995, -8.026345975999959 ], [ -78.824408612999946, -8.030816350999942 ], [ -78.821861862999981, -8.03366110099995 ], [ -78.820290487999955, -8.038754600999937 ], [ -78.818448237999974, -8.041897350999932 ], [ -78.806989237999971, -8.051194600999963 ], [ -78.808371487999977, -8.052987225999971 ], [ -78.811244112999987, -8.05452085099995 ], [ -78.812553112999979, -8.059701850999943 ], [ -78.815276487999938, -8.06292822599994 ], [ -78.814799987999947, -8.068159975999947 ], [ -78.807257862999961, -8.075125100999969 ], [ -78.806487112999946, -8.079964725999957 ], [ -78.804635112999961, -8.081820600999947 ], [ -78.804451487999984, -8.088090225999963 ], [ -78.790455237999936, -8.095889975999967 ], [ -78.790514362999943, -8.106227850999971 ], [ -78.787832112999979, -8.111409475999949 ], [ -78.786168987999986, -8.111755100999972 ], [ -78.784793112999978, -8.110743600999967 ], [ -78.782504487999972, -8.10528285099997 ], [ -78.781374612999969, -8.104456225999968 ], [ -78.774527737999961, -8.107889100999955 ], [ -78.769183862999967, -8.107018850999964 ], [ -78.762065862999975, -8.107366100999968 ], [ -78.74863811299997, -8.109978225999953 ], [ -78.74344836299997, -8.10672272599993 ], [ -78.736376612999948, -8.097407975999943 ], [ -78.728891362999946, -8.094001600999945 ], [ -78.72472298799994, -8.093526475999965 ], [ -78.721326112999975, -8.091720600999963 ], [ -78.715467487999945, -8.093246975999932 ], [ -78.707085112999948, -8.094172975999982 ], [ -78.695471362999967, -8.09395135099993 ], [ -78.692609362999974, -8.093798850999974 ], [ -78.683990612999935, -8.09091485099998 ], [ -78.682369612999935, -8.097219725999935 ], [ -78.680512737999948, -8.113800100999981 ], [ -78.68179848799997, -8.12542022599996 ], [ -78.637631737999982, -8.130440475999933 ], [ -78.638563487999988, -8.135521725999979 ], [ -78.638013987999955, -8.138206475999937 ], [ -78.639563987999964, -8.14520485099996 ], [ -78.642703487999938, -8.147542100999942 ], [ -78.64558048799995, -8.148060100999942 ], [ -78.657751862999987, -8.147245225999939 ], [ -78.669187987999976, -8.14073560099996 ], [ -78.672504487999959, -8.144755350999958 ], [ -78.679149362999965, -8.147286725999948 ], [ -78.681258862999982, -8.152091600999938 ], [ -78.690268237999987, -8.151941225999963 ], [ -78.699828112999967, -8.153884725999944 ], [ -78.701172862999954, -8.15522922599996 ], [ -78.707412487999989, -8.158057850999967 ], [ -78.710220362999962, -8.163028850999979 ], [ -78.715940112999988, -8.16577422599994 ], [ -78.724176487999955, -8.167375850999974 ], [ -78.729625737999982, -8.17164222599996 ], [ -78.734801362999974, -8.17220010099993 ], [ -78.742429987999969, -8.171269975999962 ], [ -78.746609987999989, -8.17358997599996 ], [ -78.763869987999954, -8.173829975999979 ], [ -78.772339987999942, -8.176412850999952 ], [ -78.777242362999971, -8.181944975999954 ], [ -78.777258987999971, -8.186736100999951 ], [ -78.779762237999989, -8.193649100999949 ], [ -78.779795362999948, -8.201623225999981 ], [ -78.781505487999937, -8.20447735099998 ], [ -78.78158061299996, -8.209552350999957 ], [ -78.784012987999972, -8.207889225999963 ], [ -78.78719461299994, -8.203244975999951 ], [ -78.790504862999967, -8.202833475999967 ], [ -78.792774987999962, -8.204439975999946 ], [ -78.794863862999989, -8.203693975999954 ], [ -78.796699987999943, -8.201199975999941 ], [ -78.797989987999983, -8.202079975999936 ], [ -78.800299987999949, -8.202119975999949 ], [ -78.802229987999965, -8.20441997599994 ], [ -78.809839987999965, -8.20632997599995 ], [ -78.81298998799997, -8.203959975999965 ], [ -78.815719987999955, -8.204789975999972 ], [ -78.824759987999983, -8.202509975999931 ], [ -78.827009987999986, -8.203469975999951 ], [ -78.831469987999981, -8.203589975999932 ], [ -78.83657448799994, -8.19988322599994 ], [ -78.839719487999957, -8.195683225999971 ], [ -78.840833612999973, -8.191103225999939 ], [ -78.839612237999972, -8.187455725999939 ], [ -78.841724987999953, -8.182639225999935 ], [ -78.844259987999976, -8.17965797599993 ], [ -78.85006373799996, -8.175332475999937 ], [ -78.855048237999938, -8.174879850999957 ], [ -78.86150661299996, -8.178106725999953 ], [ -78.866117612999972, -8.182018600999982 ], [ -78.876918237999973, -8.183892100999969 ], [ -78.879875487999982, -8.185251350999977 ], [ -78.885615987999984, -8.184642100999952 ], [ -78.889020362999986, -8.187103725999975 ], [ -78.891366737999988, -8.187678475999974 ], [ -78.898923987999979, -8.185195850999946 ], [ -78.902652237999973, -8.180677475999971 ], [ -78.904101362999938, -8.175371600999938 ], [ -78.904987612999946, -8.174574725999946 ], [ -78.913474362999978, -8.174298725999961 ], [ -78.91682648799997, -8.173093475999963 ], [ -78.922425612999973, -8.173984850999943 ], [ -78.927007987999957, -8.171185225999977 ], [ -78.930589362999967, -8.172542600999975 ], [ -78.93503323799996, -8.169177350999973 ], [ -78.941621237999982, -8.170030225999938 ], [ -78.942364612999938, -8.168242225999961 ], [ -78.943980987999964, -8.167360600999928 ], [ -78.957104737999941, -8.16856572599994 ], [ -78.95919123799996, -8.167116100999976 ], [ -78.967186487999982, -8.16481560099993 ], [ -78.969007862999945, -8.163648600999977 ], [ -78.970074487999966, -8.161661350999964 ], [ -78.976970612999935, -8.144951225999932 ], [ -78.984378362999962, -8.137181100999953 ], [ -78.983242487999973, -8.133642975999976 ], [ -78.982746612999961, -8.127558225999962 ], [ -78.984853487999942, -8.121001975999945 ], [ -78.990318362999972, -8.11623822599995 ], [ -78.991719987999943, -8.112489975999949 ], [ -79.000793362999957, -8.11300747599995 ], [ -78.998880862999954, -8.11201372599993 ], [ -78.993999987999985, -8.106583975999968 ], [ -78.999486487999945, -8.104888725999956 ], [ -79.000910112999975, -8.103244100999973 ], [ -78.997456862999968, -8.10165247599997 ], [ -78.994751987999962, -8.099308600999962 ], [ -78.994435487999965, -8.096398475999933 ], [ -78.996246112999984, -8.094228475999955 ], [ -78.994005862999984, -8.092968725999981 ], [ -78.991566362999947, -8.089152350999939 ], [ -78.993204600999945, -8.080784452999978 ], [ -78.99329268799994, -8.07871886199996 ], [ -78.99223176199996, -8.076094281999929 ], [ -78.990614258999983, -8.076542257999961 ], [ -78.988671734999969, -8.075127577999979 ], [ -78.988490470999977, -8.07326441999993 ], [ -78.983301277999942, -8.067932335999956 ], [ -78.980511927999942, -8.067050738999967 ], [ -78.979658666999967, -8.058042601999944 ], [ -78.977931980999983, -8.054792329999941 ], [ -78.978608786999985, -8.050837824999974 ], [ -78.97493385699994, -8.045666863999941 ], [ -78.966692461999969, -8.042061448999959 ], [ -78.961143312, -8.033602712999937 ], [ -78.958197451999979, -8.032451972999979 ], [ -78.953362324999944, -8.028360541999973 ], [ -78.953781035999953, -8.024027527999976 ], [ -78.955818826999973, -8.019603196999981 ], [ -78.958820102999937, -8.016841160999945 ], [ -78.962596488999964, -8.015122340999937 ], [ -78.956150487999935, -8.007093100999953 ], [ -78.955330362999973, -8.002426725999953 ], [ -78.948539487999938, -7.99831285099998 ], [ -78.94666598799995, -7.994419975999961 ], [ -78.942410112999937, -7.99027535099998 ], [ -78.942080862999944, -7.987734100999944 ], [ -78.93519661299996, -7.983158600999957 ], [ -78.933625862999975, -7.979658850999954 ], [ -78.930603487999974, -7.975864100999956 ], [ -78.929201488, -7.970102475999965 ], [ -78.924518612999975, -7.969616975999941 ], [ -78.921421737999935, -7.967665975999978 ] ] ] } },
{ "type": "Feature", "properties": { "ubigeo": "130107", "departamento": "LA LIBERTAD", "provincia": "TRUJILLO", "capital": "MOCHE", "distrito": "MOCHE", "gasto_mef_2012": 9839718.77, "gasto_mef_2013": 22394464.57, "gasto_mef_2014": 18235567.25, "gasto_mef_2015": 17879420.64, "gasto_mef_2016": 14640631.589999989, "gasto_mef_2017": 26909019.23, "gasto_mef_2018": 14623384.94000001, "gasto_mef_2019": 13762514.95000001, "gasto_mef_2020": 24936211.849999979, "gasto_mef_2021": 22780835.330000024, "gasto_mef_2022": 29285057.69, "gasto_mef_2023": 18508241.779999979, "gasto_mef_2024": 23630223.000000007, "gasto_mef_2025": 33547348.3, "gasto_mef_2026": 8333531.32, "num_establecimientos_salud": 8, "num_ie_activas": 97, "num_ie_inactivas": 73, "num_ie_total": 170, "poblacion_2017": 39066, "ie_activas_per_1000hab": 2.4829775252137409, "establecimientos_salud_per_1000hab": 0.20478165156401987, "gasto_mef_2026_per_capita": 213.31928838376086, "gasto_mef_promedio_periodo": 19953744.747333333, "gasto_mef_promedio_per_capita": 510.77010053072576, "log_gasto_mef_2026": 15.93579797227928, "log_poblacion_2017": 10.573033399843746, "tendencia_gasto_mef": 470901.03910717316, "tendencia_gasto_mef_per_capita": 12.053986563947504, "proporcion_ie_inactivas": 0.42941176470588233, "area_km2": 27.366883267662168, "densidad_poblacional": 1427.4917467917141, "log_densidad_poblacional": 7.2643744441194613, "comunidad_louvain": 0, "cluster_graphsage": 7 }, "geometry": { "type": "Polygon", "coordinates": [ [ [ -78.985689988, -8.127009975999954 ], [ -78.982772612999952, -8.126983725999935 ], [ -78.982933112999945, -8.131715600999939 ], [ -78.984378362999962, -8.137181100999953 ], [ -78.976970612999935, -8.144951225999932 ], [ -78.969007862999945, -8.163648600999977 ], [ -78.961753487999943, -8.166667975999928 ], [ -78.963455987999964, -8.167810850999956 ], [ -78.970474612999965, -8.168224600999963 ], [ -78.97766986299996, -8.170908225999938 ], [ -78.985931612999934, -8.17106447599997 ], [ -78.993901362999964, -8.172564100999978 ], [ -78.997501987999954, -8.180148475999943 ], [ -78.996970737999959, -8.190447225999947 ], [ -78.998962464999977, -8.196908184999927 ], [ -79.011155483999971, -8.184865311999943 ], [ -79.013254362999987, -8.183134936999977 ], [ -79.014736397999968, -8.183559518999971 ], [ -79.014351868999938, -8.182229694999933 ], [ -79.015489430999935, -8.180267001999937 ], [ -79.035260458999971, -8.16266331199995 ], [ -79.035407452999948, -8.161134380999954 ], [ -79.033710466999935, -8.160728579999954 ], [ -79.029749296999967, -8.156204639999942 ], [ -79.02779998799997, -8.151309975999936 ], [ -79.02543998799996, -8.15117997599998 ], [ -79.020889987999965, -8.148169975999963 ], [ -79.018769987999974, -8.148499975999925 ], [ -79.018069987999979, -8.148099975999969 ], [ -79.017849987999966, -8.145939975999966 ], [ -79.016089987999976, -8.14585997599994 ], [ -79.01415998799996, -8.143449975999943 ], [ -79.005239987999971, -8.140559975999963 ], [ -78.999999987999956, -8.132599975999938 ], [ -78.995249987999955, -8.128549975999931 ], [ -78.989859987999978, -8.127659975999961 ], [ -78.988769987999945, -8.128949975999944 ], [ -78.985689988, -8.127009975999954 ] ] ] } },
{ "type": "Feature", "properties": { "ubigeo": "130108", "departamento": "LA LIBERTAD", "provincia": "TRUJILLO", "capital": "POROTO", "distrito": "POROTO", "gasto_mef_2012": 2037085.48, "gasto_mef_2013": 2765809.96, "gasto_mef_2014": 6416667.72, "gasto_mef_2015": 3158231.19, "gasto_mef_2016": 1911653.05, "gasto_mef_2017": 9416969.63, "gasto_mef_2018": 7516387.34, "gasto_mef_2019": 12368740.27, "gasto_mef_2020": 4630405.87, "gasto_mef_2021": 7643963.18, "gasto_mef_2022": 6173059.89, "gasto_mef_2023": 4215973.71, "gasto_mef_2024": 16690734.21, "gasto_mef_2025": 4399602.27, "gasto_mef_2026": 1885325.45, "num_establecimientos_salud": 1, "num_ie_activas": 16, "num_ie_inactivas": 15, "num_ie_total": 31, "poblacion_2017": 3793, "ie_activas_per_1000hab": 4.2182968626417088, "establecimientos_salud_per_1000hab": 0.2636435539151068, "gasto_mef_2026_per_capita": 497.05390192459799, "gasto_mef_promedio_periodo": 6082040.6146666668, "gasto_mef_promedio_per_capita": 1603.4908027067406, "log_gasto_mef_2026": 14.449611546893673, "log_poblacion_2017": 8.2411761504949599, "tendencia_gasto_mef": 252478.43689286202, "tendencia_gasto_mef_per_capita": 66.564312389365156, "proporcion_ie_inactivas": 0.4838709677419355, "area_km2": 150.33139092465157, "densidad_poblacional": 25.230924670291319, "log_densidad_poblacional": 3.2669390456513057, "comunidad_louvain": 3, "cluster_graphsage": 5 }, "geometry": { "type": "Polygon", "coordinates": [ [ [ -78.693550862999984, -7.943845850999935 ], [ -78.689791862999982, -7.946104600999945 ], [ -78.688898112999937, -7.947408225999936 ], [ -78.688695362999965, -7.950316350999969 ], [ -78.690107487999967, -7.959372975999941 ], [ -78.690204862999963, -7.96648210099994 ], [ -78.694337612999959, -7.972815100999981 ], [ -78.690555612999958, -7.978499975999966 ], [ -78.687185987999953, -7.981031850999955 ], [ -78.68466011299995, -7.985688225999979 ], [ -78.683406862999959, -7.994667600999946 ], [ -78.682279987999948, -7.996659975999933 ], [ -78.686459987999967, -7.997209975999965 ], [ -78.691519987999982, -7.999449975999937 ], [ -78.695682737999959, -8.006954100999963 ], [ -78.697685362999948, -8.008673600999941 ], [ -78.705392362999987, -8.011408350999943 ], [ -78.711048862999974, -8.01615235099996 ], [ -78.71645386299997, -8.01683510099997 ], [ -78.716477362999967, -8.020122225999955 ], [ -78.715114612999969, -8.023051100999965 ], [ -78.709417237999958, -8.024248725999939 ], [ -78.708122362999973, -8.025349475999974 ], [ -78.70649298799998, -8.029849100999968 ], [ -78.707189487999983, -8.033423850999952 ], [ -78.705856487999938, -8.038654100999963 ], [ -78.707226737999974, -8.04139485099995 ], [ -78.712006987999985, -8.041274850999969 ], [ -78.716457987999945, -8.042960850999975 ], [ -78.720109737999962, -8.050020975999928 ], [ -78.719345737999959, -8.059662850999928 ], [ -78.719977987999982, -8.06377247599994 ], [ -78.722411987999976, -8.07028410099997 ], [ -78.721242487999973, -8.076575600999945 ], [ -78.722902237999961, -8.082555725999953 ], [ -78.722138237999957, -8.089457850999963 ], [ -78.723054487999946, -8.092281725999953 ], [ -78.72472298799994, -8.093526475999965 ], [ -78.728891362999946, -8.094001600999945 ], [ -78.736376612999948, -8.097407975999943 ], [ -78.74344836299997, -8.10672272599993 ], [ -78.74863811299997, -8.109978225999953 ], [ -78.762065862999975, -8.107366100999968 ], [ -78.769183862999967, -8.107018850999964 ], [ -78.774527737999961, -8.107889100999955 ], [ -78.781374612999969, -8.104456225999968 ], [ -78.782504487999972, -8.10528285099997 ], [ -78.784793112999978, -8.110743600999967 ], [ -78.786168987999986, -8.111755100999972 ], [ -78.787832112999979, -8.111409475999949 ], [ -78.790514362999943, -8.106227850999971 ], [ -78.790455237999936, -8.095889975999967 ], [ -78.804451487999984, -8.088090225999963 ], [ -78.804635112999961, -8.081820600999947 ], [ -78.806487112999946, -8.079964725999957 ], [ -78.807257862999961, -8.075125100999969 ], [ -78.814799987999947, -8.068159975999947 ], [ -78.815276487999938, -8.06292822599994 ], [ -78.812553112999979, -8.059701850999943 ], [ -78.811244112999987, -8.05452085099995 ], [ -78.808371487999977, -8.052987225999971 ], [ -78.806989237999971, -8.051194600999963 ], [ -78.818448237999974, -8.041897350999932 ], [ -78.820290487999955, -8.038754600999937 ], [ -78.821861862999981, -8.03366110099995 ], [ -78.824408612999946, -8.030816350999942 ], [ -78.82299986299995, -8.026345975999959 ], [ -78.826275362999979, -8.020629225999926 ], [ -78.825755612999956, -8.016736850999962 ], [ -78.826409987999966, -8.01455997599993 ], [ -78.824929987999951, -8.01446997599993 ], [ -78.817229987999951, -8.017389975999947 ], [ -78.813679988, -8.017759975999979 ], [ -78.810009987999933, -8.019359975999976 ], [ -78.804279987999962, -8.01802997599998 ], [ -78.799009987999966, -8.015389975999938 ], [ -78.794969987999934, -8.012069975999964 ], [ -78.79206998799998, -8.008139975999939 ], [ -78.786069987999952, -8.00438997599997 ], [ -78.782999987999972, -8.00342997599995 ], [ -78.778659987999959, -8.00026997599997 ], [ -78.769217737999952, -7.988438850999955 ], [ -78.769136612999944, -7.984620225999947 ], [ -78.764717612999959, -7.976469100999964 ], [ -78.761856737999949, -7.976213600999927 ], [ -78.757992237999986, -7.973770600999956 ], [ -78.75189136299997, -7.974291975999961 ], [ -78.74912261299994, -7.972919350999973 ], [ -78.738307987999974, -7.971404850999932 ], [ -78.733882737999977, -7.972753725999951 ], [ -78.729417737999938, -7.971981725999967 ], [ -78.721056487999988, -7.975972100999968 ], [ -78.716520862999971, -7.975526600999956 ], [ -78.712040362999971, -7.970288725999978 ], [ -78.708537987999989, -7.967827600999954 ], [ -78.705919112999936, -7.964293725999937 ], [ -78.706076862999964, -7.954890975999945 ], [ -78.702353737999942, -7.951199350999957 ], [ -78.69666011299995, -7.948720725999976 ], [ -78.693550862999984, -7.943845850999935 ] ] ] } },
{ "type": "Feature", "properties": { "ubigeo": "130109", "departamento": "LA LIBERTAD", "provincia": "TRUJILLO", "capital": "SALAVERRY", "distrito": "SALAVERRY", "gasto_mef_2012": 11626409.99, "gasto_mef_2013": 17009339.720000021, "gasto_mef_2014": 12992941.07, "gasto_mef_2015": 13436089.159999989, "gasto_mef_2016": 12855559.569999989, "gasto_mef_2017": 9751544.57, "gasto_mef_2018": 12660798.32000001, "gasto_mef_2019": 10904785.04, "gasto_mef_2020": 13188506.780000011, "gasto_mef_2021": 14000111.85, "gasto_mef_2022": 13686975.98, "gasto_mef_2023": 16411592.590000011, "gasto_mef_2024": 19780628.83, "gasto_mef_2025": 21559831.6, "gasto_mef_2026": 17510937.41, "num_establecimientos_salud": 3, "num_ie_activas": 33, "num_ie_inactivas": 22, "num_ie_total": 55, "poblacion_2017": 20197, "ie_activas_per_1000hab": 1.6339060256473734, "establecimientos_salud_per_1000hab": 0.14853691142248848, "gasto_mef_2026_per_capita": 867.00685299796965, "gasto_mef_promedio_periodo": 14491736.832, "gasto_mef_promedio_per_capita": 717.51927672426586, "log_gasto_mef_2026": 16.678336295630103, "log_poblacion_2017": 9.9133388685865018, "tendencia_gasto_mef": 449479.24282138998, "tendencia_gasto_mef_per_capita": 22.254752825735999, "proporcion_ie_inactivas": 0.4, "area_km2": 289.88527189400838, "densidad_poblacional": 69.672390970537791, "log_densidad_poblacional": 4.2580549870232947, "comunidad_louvain": 2, "cluster_graphsage": 0 }, "geometry": { "type": "Polygon", "coordinates": [ [ [ -78.961753487999943, -8.166667975999928 ], [ -78.956590112999947, -8.168637100999945 ], [ -78.943980987999964, -8.167360600999928 ], [ -78.942364612999938, -8.168242225999961 ], [ -78.941621237999982, -8.170030225999938 ], [ -78.93503323799996, -8.169177350999973 ], [ -78.930589362999967, -8.172542600999975 ], [ -78.927007987999957, -8.171185225999977 ], [ -78.922425612999973, -8.173984850999943 ], [ -78.91682648799997, -8.173093475999963 ], [ -78.913474362999978, -8.174298725999961 ], [ -78.904987612999946, -8.174574725999946 ], [ -78.904101362999938, -8.175371600999938 ], [ -78.902652237999973, -8.180677475999971 ], [ -78.898923987999979, -8.185195850999946 ], [ -78.891366737999988, -8.187678475999974 ], [ -78.889020362999986, -8.187103725999975 ], [ -78.885615987999984, -8.184642100999952 ], [ -78.879875487999982, -8.185251350999977 ], [ -78.876918237999973, -8.183892100999969 ], [ -78.866117612999972, -8.182018600999982 ], [ -78.86150661299996, -8.178106725999953 ], [ -78.855048237999938, -8.174879850999957 ], [ -78.849256987999979, -8.175636600999951 ], [ -78.843284487999938, -8.18051460099997 ], [ -78.839795862999949, -8.186316725999973 ], [ -78.840167362999978, -8.190294100999949 ], [ -78.842655862999948, -8.193105350999929 ], [ -78.842227487999935, -8.196531850999975 ], [ -78.842856612999981, -8.199703975999967 ], [ -78.840415612999948, -8.206688975999953 ], [ -78.838123487999951, -8.209616850999964 ], [ -78.837939612999946, -8.213397975999953 ], [ -78.83907673799996, -8.215542475999939 ], [ -78.837466362999976, -8.229314475999956 ], [ -78.832453987999941, -8.231639600999927 ], [ -78.826944862999937, -8.232157975999939 ], [ -78.823563737999962, -8.233320350999975 ], [ -78.815708362999942, -8.233068725999942 ], [ -78.814437612999939, -8.238449725999942 ], [ -78.808779237999943, -8.242382850999945 ], [ -78.808805738, -8.245777475999944 ], [ -78.807180237999944, -8.246301975999927 ], [ -78.803015237999944, -8.250821850999955 ], [ -78.802496362999989, -8.257551600999932 ], [ -78.806232987999977, -8.260620475999929 ], [ -78.808139237999967, -8.263312225999925 ], [ -78.809145737999984, -8.269751350999968 ], [ -78.815261237999948, -8.272374225999954 ], [ -78.812342987999955, -8.280905725999958 ], [ -78.808072987999935, -8.286888225999974 ], [ -78.809857612999963, -8.290861975999974 ], [ -78.813182987999937, -8.292496725999968 ], [ -78.81419286299996, -8.294451225999978 ], [ -78.815235987999984, -8.29947122599998 ], [ -78.814521362999983, -8.302616475999969 ], [ -78.816758112999935, -8.309992725999962 ], [ -78.819351737999966, -8.310706600999936 ], [ -78.823313612999982, -8.310024475999967 ], [ -78.827370487999985, -8.312538850999942 ], [ -78.831613862999973, -8.317184725999937 ], [ -78.840019987999938, -8.318009975999928 ], [ -78.84405998799997, -8.321309975999952 ], [ -78.848839987999952, -8.328299975999926 ], [ -78.851829987999963, -8.330169975999979 ], [ -78.858119987999942, -8.331019975999936 ], [ -78.867239987999938, -8.338289975999942 ], [ -78.869419987999947, -8.338289975999942 ], [ -78.872479987999952, -8.340439975999971 ], [ -78.875139987999944, -8.340659975999927 ], [ -78.882369987999937, -8.343339975999982 ], [ -78.885059987999966, -8.348989975999928 ], [ -78.889499987999955, -8.354219975999968 ], [ -78.891619987999945, -8.360049975999971 ], [ -78.892709987999979, -8.366499975999943 ], [ -78.90052998799996, -8.371449975999951 ], [ -78.905132862999949, -8.363587850999977 ], [ -78.913115749999974, -8.354353241999945 ], [ -78.94179702699995, -8.314452309999979 ], [ -78.945557339999937, -8.310865550999949 ], [ -78.946251552999968, -8.305716811999957 ], [ -78.948854844999971, -8.30207220099993 ], [ -78.957243238, -8.292526788999965 ], [ -78.958573809999962, -8.289865643999974 ], [ -78.958226704999959, -8.288592923999943 ], [ -78.955739112999936, -8.286221032999947 ], [ -78.955565559999968, -8.282518569999979 ], [ -78.958631661999959, -8.274477282999953 ], [ -78.959615128999985, -8.267766569999935 ], [ -78.96256552899996, -8.26186576899994 ], [ -78.975177042999974, -8.246419557999957 ], [ -78.988721595999948, -8.232396481999956 ], [ -78.993600292999986, -8.23575946699998 ], [ -78.986471710999979, -8.229554520999955 ], [ -78.990900430999943, -8.225694192999981 ], [ -78.984648118999985, -8.22993344899993 ], [ -78.983322266999949, -8.22870312699996 ], [ -78.984587886999975, -8.227222653999945 ], [ -78.983136718999958, -8.228564454999969 ], [ -78.982353518999957, -8.228152342999977 ], [ -78.983435548999978, -8.22646094299995 ], [ -78.982201169999939, -8.227898442999958 ], [ -78.981316409999977, -8.227742186999933 ], [ -78.980706962999989, -8.224603227999978 ], [ -78.98232995099994, -8.224068313999965 ], [ -78.98150673799995, -8.223745485999927 ], [ -78.982120112999951, -8.219177467999941 ], [ -78.984412191, -8.220727044999933 ], [ -78.982147876999989, -8.218896573999928 ], [ -78.982959464999965, -8.215933046999965 ], [ -78.985170837999988, -8.21782159199995 ], [ -78.983056313999953, -8.215820055999927 ], [ -78.983817460999944, -8.213374216999966 ], [ -78.987142034999977, -8.21590563999996 ], [ -78.983992514999954, -8.212930745999927 ], [ -78.998962464999977, -8.196908184999927 ], [ -78.996970737999959, -8.190447225999947 ], [ -78.997501987999954, -8.180148475999943 ], [ -78.996861362999937, -8.178197225999952 ], [ -78.993834862999961, -8.172510975999955 ], [ -78.985931612999934, -8.17106447599997 ], [ -78.97766986299996, -8.170908225999938 ], [ -78.970474612999965, -8.168224600999963 ], [ -78.963455987999964, -8.167810850999956 ], [ -78.961753487999943, -8.166667975999928 ] ] ] } },
{ "type": "Feature", "properties": { "ubigeo": "130110", "departamento": "LA LIBERTAD", "provincia": "TRUJILLO", "capital": "SIMBAL", "distrito": "SIMBAL", "gasto_mef_2012": 6036680.06, "gasto_mef_2013": 3206517.23, "gasto_mef_2014": 12443702.56, "gasto_mef_2015": 4798392.29, "gasto_mef_2016": 2682685.81, "gasto_mef_2017": 7413470.81, "gasto_mef_2018": 5792871.12, "gasto_mef_2019": 10129140.41, "gasto_mef_2020": 13625722.96, "gasto_mef_2021": 8817539.64000001, "gasto_mef_2022": 6527881.26, "gasto_mef_2023": 4637857.18, "gasto_mef_2024": 8141726.24, "gasto_mef_2025": 5051001.71, "gasto_mef_2026": 6454450.89, "num_establecimientos_salud": 1, "num_ie_activas": 23, "num_ie_inactivas": 14, "num_ie_total": 37, "poblacion_2017": 4350, "ie_activas_per_1000hab": 5.2873563218390807, "establecimientos_salud_per_1000hab": 0.22988505747126436, "gasto_mef_2026_per_capita": 1483.7818137931038, "gasto_mef_promedio_periodo": 7050642.6780000022, "gasto_mef_promedio_per_capita": 1620.8373972413799, "log_gasto_mef_2026": 15.680280666186659, "log_poblacion_2017": 8.3781609827206793, "tendencia_gasto_mef": 50056.630357154718, "tendencia_gasto_mef_per_capita": 11.507271346472349, "proporcion_ie_inactivas": 0.3783783783783784, "area_km2": 388.70066424378206, "densidad_poblacional": 11.191130862775688, "log_densidad_poblacional": 2.5007087089012217, "comunidad_louvain": 3, "cluster_graphsage": 5 }, "geometry": { "type": "Polygon", "coordinates": [ [ [ -78.816259737999985, -7.79687310099996 ], [ -78.801542237999968, -7.800331850999953 ], [ -78.781658862999961, -7.799713225999938 ], [ -78.775067362999948, -7.800868475999948 ], [ -78.773656112999959, -7.802253600999961 ], [ -78.774224612999944, -7.804686725999943 ], [ -78.776982862999944, -7.807705225999939 ], [ -78.778698363, -7.812269600999969 ], [ -78.781516737999937, -7.816558350999969 ], [ -78.781486112999971, -7.819989350999947 ], [ -78.779099862999942, -7.82349635099996 ], [ -78.773845737999977, -7.826593600999956 ], [ -78.767902362999962, -7.833319100999972 ], [ -78.772564237999973, -7.837240100999963 ], [ -78.772889487999976, -7.841341725999939 ], [ -78.775852737999969, -7.848533225999972 ], [ -78.774714487999972, -7.854387600999928 ], [ -78.78054111299997, -7.856959975999928 ], [ -78.783101987999942, -7.863034475999939 ], [ -78.782769987999984, -7.868809975999966 ], [ -78.779909987999986, -7.873959975999981 ], [ -78.780219987999942, -7.883619975999977 ], [ -78.776797237999972, -7.884525100999952 ], [ -78.768796362999979, -7.881378350999967 ], [ -78.763779237999984, -7.881421850999971 ], [ -78.748026987999935, -7.884578225999974 ], [ -78.74416886299997, -7.886708350999982 ], [ -78.741836987999989, -7.886878850999949 ], [ -78.733009237999966, -7.885827975999973 ], [ -78.727226362999943, -7.883363850999956 ], [ -78.730980362999958, -7.887962350999942 ], [ -78.732087237999963, -7.890689975999976 ], [ -78.733004487999949, -7.900953100999971 ], [ -78.735196612999971, -7.904860225999926 ], [ -78.736797362999937, -7.910507350999978 ], [ -78.733557987999973, -7.916207100999941 ], [ -78.73192748799994, -7.927775975999964 ], [ -78.725100987999951, -7.926639975999933 ], [ -78.720152237999969, -7.927207975999977 ], [ -78.717189987999973, -7.930269975999977 ], [ -78.713869987999942, -7.931099975999928 ], [ -78.700618237999947, -7.939367100999959 ], [ -78.696662362999973, -7.940648475999978 ], [ -78.693771362999939, -7.943784475999962 ], [ -78.69666011299995, -7.948720725999976 ], [ -78.702353737999942, -7.951199350999957 ], [ -78.706076862999964, -7.954890975999945 ], [ -78.705919112999936, -7.964293725999937 ], [ -78.708537987999989, -7.967827600999954 ], [ -78.712040362999971, -7.970288725999978 ], [ -78.716520862999971, -7.975526600999956 ], [ -78.721056487999988, -7.975972100999968 ], [ -78.729417737999938, -7.971981725999967 ], [ -78.733882737999977, -7.972753725999951 ], [ -78.738307987999974, -7.971404850999932 ], [ -78.74912261299994, -7.972919350999973 ], [ -78.75189136299997, -7.974291975999961 ], [ -78.756482362999975, -7.973463725999977 ], [ -78.761856737999949, -7.976213600999927 ], [ -78.764220612999964, -7.976185100999942 ], [ -78.769136612999944, -7.984620225999947 ], [ -78.769217737999952, -7.988438850999955 ], [ -78.778659987999959, -8.00026997599997 ], [ -78.782999987999972, -8.00342997599995 ], [ -78.786069987999952, -8.00438997599997 ], [ -78.79206998799998, -8.008139975999939 ], [ -78.798149987999977, -8.014849975999937 ], [ -78.807029987999954, -8.018959975999962 ], [ -78.810009987999933, -8.019359975999976 ], [ -78.813679988, -8.017759975999979 ], [ -78.822759987999973, -8.015709975999926 ], [ -78.824929987999951, -8.01446997599993 ], [ -78.828568362999988, -8.014621100999932 ], [ -78.829947237999988, -8.015540975999954 ], [ -78.83481448799995, -8.013007975999926 ], [ -78.83928511299996, -8.01431247599993 ], [ -78.84079686299998, -8.012939475999929 ], [ -78.843259737999972, -8.012458975999948 ], [ -78.84657423799996, -8.013755850999928 ], [ -78.849019987999952, -8.008289975999958 ], [ -78.855289987999981, -8.005779975999928 ], [ -78.863809987999957, -8.005989975999967 ], [ -78.867289987999982, -8.005419975999928 ], [ -78.869389987999966, -8.003989975999957 ], [ -78.87408998799998, -8.003719975999957 ], [ -78.88952586299996, -8.006371850999926 ], [ -78.894523487999948, -8.006146475999969 ], [ -78.904581612999948, -7.999276225999949 ], [ -78.905111362999946, -7.996822600999963 ], [ -78.904483987999981, -7.993769725999925 ], [ -78.905222862999949, -7.991580975999966 ], [ -78.909572362999938, -7.99230610099994 ], [ -78.911649487999966, -7.987705600999959 ], [ -78.913893862999942, -7.986269725999932 ], [ -78.914939487999959, -7.983105225999964 ], [ -78.919247237999969, -7.977082850999977 ], [ -78.91677961299996, -7.971966725999948 ], [ -78.916760112999953, -7.969784975999971 ], [ -78.921901362999961, -7.96745410099993 ], [ -78.921964987999957, -7.962916725999946 ], [ -78.924685112999953, -7.957799100999978 ], [ -78.93070698799994, -7.954999975999954 ], [ -78.93150198799998, -7.950546975999941 ], [ -78.93049973799998, -7.943657475999942 ], [ -78.931543612999974, -7.938730475999932 ], [ -78.928558112999951, -7.932905725999944 ], [ -78.930040487999975, -7.919064100999947 ], [ -78.930771112999935, -7.91708085099998 ], [ -78.933004987999936, -7.915180850999946 ], [ -78.933798362999937, -7.912049350999951 ], [ -78.935614612999984, -7.91023310099996 ], [ -78.938028862999943, -7.905340475999935 ], [ -78.941589737999948, -7.902548225999965 ], [ -78.945817112999976, -7.896921225999961 ], [ -78.945064862999971, -7.893638975999977 ], [ -78.943868237999936, -7.892168725999966 ], [ -78.939115862999984, -7.892442225999957 ], [ -78.936910612999952, -7.891809725999963 ], [ -78.928978487999984, -7.89333122599993 ], [ -78.926602112999944, -7.892664350999951 ], [ -78.921678862999954, -7.888356600999941 ], [ -78.913300987999946, -7.886189350999928 ], [ -78.903366862999974, -7.887382975999969 ], [ -78.90017136299997, -7.882857225999942 ], [ -78.896019237999951, -7.879467100999932 ], [ -78.895222612999987, -7.876667975999965 ], [ -78.893061737999972, -7.874577975999955 ], [ -78.890941987999952, -7.870081975999938 ], [ -78.888446112999986, -7.867124475999958 ], [ -78.889205112999946, -7.861111350999977 ], [ -78.886311862999946, -7.854144600999973 ], [ -78.885139487999936, -7.84319497599995 ], [ -78.883896112999935, -7.840683475999981 ], [ -78.881397112999935, -7.839091975999963 ], [ -78.880917112999953, -7.836652225999956 ], [ -78.874701737999942, -7.832045475999962 ], [ -78.866865237999946, -7.830852100999948 ], [ -78.863137737999978, -7.829230350999978 ], [ -78.861411862999944, -7.826825350999968 ], [ -78.855835362999983, -7.825281975999928 ], [ -78.852327112999944, -7.817925850999927 ], [ -78.847473112999978, -7.81336085099997 ], [ -78.843913362999956, -7.812484350999966 ], [ -78.838312237999958, -7.804132725999978 ], [ -78.836206987999958, -7.803613225999925 ], [ -78.825425737999979, -7.804140600999972 ], [ -78.818295237999962, -7.797591850999936 ], [ -78.816259737999985, -7.79687310099996 ] ] ] } },
{ "type": "Feature", "properties": { "ubigeo": "130111", "departamento": "LA LIBERTAD", "provincia": "TRUJILLO", "capital": "BUENOS AIRES", "distrito": "VICTOR LARCO HERRERA", "gasto_mef_2012": 28666609.28, "gasto_mef_2013": 29416963.910000026, "gasto_mef_2014": 32872982.94000001, "gasto_mef_2015": 32370711.52999996, "gasto_mef_2016": 32167486.120000012, "gasto_mef_2017": 38608438.85, "gasto_mef_2018": 51049889.750000022, "gasto_mef_2019": 32913358.61, "gasto_mef_2020": 39732296.110000037, "gasto_mef_2021": 34217072.29, "gasto_mef_2022": 48937131.4, "gasto_mef_2023": 37958427.44, "gasto_mef_2024": 42372530.2, "gasto_mef_2025": 59577413.700000115, "gasto_mef_2026": 33001946.000000022, "num_establecimientos_salud": 24, "num_ie_activas": 125, "num_ie_inactivas": 165, "num_ie_total": 290, "poblacion_2017": 71865, "ie_activas_per_1000hab": 1.7393724344256591, "establecimientos_salud_per_1000hab": 0.33395950740972657, "gasto_mef_2026_per_capita": 459.22140123843349, "gasto_mef_promedio_periodo": 38257550.542000003, "gasto_mef_promedio_per_capita": 532.35303057120996, "log_gasto_mef_2026": 17.312077117690322, "log_poblacion_2017": 11.182558552867995, "tendencia_gasto_mef": 1112025.9457142109, "tendencia_gasto_mef_per_capita": 15.473818210731384, "proporcion_ie_inactivas": 0.56896551724137934, "area_km2": 11.903041475948768, "densidad_poblacional": 6037.5325201722681, "log_densidad_poblacional": 8.7059163011728611, "comunidad_louvain": 0, "cluster_graphsage": 7 }, "geometry": { "type": "Polygon", "coordinates": [ [ [ -79.054251987999976, -8.120210975999953 ], [ -79.05380473799994, -8.121230475999937 ], [ -79.046810487999949, -8.124339850999945 ], [ -79.046374987999968, -8.12591785099994 ], [ -79.042600987999947, -8.12919472599998 ], [ -79.041259987999979, -8.12762997599998 ], [ -79.035255862999975, -8.130185600999937 ], [ -79.027419862999977, -8.137294975999964 ], [ -79.026728487999947, -8.151254600999948 ], [ -79.028349987999945, -8.151899975999982 ], [ -79.029749296999967, -8.156204639999942 ], [ -79.032800487999964, -8.15984319699993 ], [ -79.035407452999948, -8.161134380999954 ], [ -79.035260458999971, -8.16266331199995 ], [ -79.070990298999959, -8.13285648599998 ], [ -79.068805097999984, -8.132774948999952 ], [ -79.065103302999944, -8.12889377099998 ], [ -79.062053804999948, -8.122745852999969 ], [ -79.060935487999984, -8.118654350999975 ], [ -79.054251987999976, -8.120210975999953 ] ] ] } },
{ "type": "Feature", "properties": { "ubigeo": "130201", "departamento": "LA LIBERTAD", "provincia": "ASCOPE", "capital": "ASCOPE", "distrito": "ASCOPE", "gasto_mef_2012": 49722086.3000001, "gasto_mef_2013": 58119610.290000029, "gasto_mef_2014": 62318545.889999941, "gasto_mef_2015": 71727116.239999846, "gasto_mef_2016": 80885882.619999722, "gasto_mef_2017": 91245881.599999845, "gasto_mef_2018": 106672696.57999988, "gasto_mef_2019": 114273020.14000003, "gasto_mef_2020": 143140854.50999975, "gasto_mef_2021": 184548797.97999975, "gasto_mef_2022": 143467760.76999998, "gasto_mef_2023": 156502412.99999985, "gasto_mef_2024": 167718120.53999957, "gasto_mef_2025": 170538886.45000038, "gasto_mef_2026": 96788665.389999881, "num_establecimientos_salud": 2, "num_ie_activas": 25, "num_ie_inactivas": 23, "num_ie_total": 48, "poblacion_2017": 6763, "ie_activas_per_1000hab": 3.6965843560550051, "establecimientos_salud_per_1000hab": 0.29572674848440039, "gasto_mef_2026_per_capita": 14311.498652964643, "gasto_mef_promedio_periodo": 113178022.55333322, "gasto_mef_promedio_per_capita": 16734.884304795687, "log_gasto_mef_2026": 18.388040462644149, "log_poblacion_2017": 8.8193697100184707, "tendencia_gasto_mef": 8146072.8429279728, "tendencia_gasto_mef_per_capita": 1204.5058173780826, "proporcion_ie_inactivas": 0.47916666666666669, "area_km2": 297.81836482065739, "densidad_poblacional": 22.70847200464819, "log_densidad_poblacional": 3.1658324528149819, "comunidad_louvain": 5, "cluster_graphsage": 4 }, "geometry": { "type": "Polygon", "coordinates": [ [ [ -79.065945112999941, -7.520808100999943 ], [ -79.057005612999944, -7.527702100999932 ], [ -79.056965737999974, -7.530334225999979 ], [ -79.059335862999944, -7.532714725999938 ], [ -79.061462362999976, -7.538799100999938 ], [ -79.059847237999975, -7.546675475999962 ], [ -79.048780112999964, -7.553914225999961 ], [ -79.045150862999947, -7.558410725999977 ], [ -79.038789862999977, -7.561501600999975 ], [ -79.038333612999963, -7.568128850999926 ], [ -79.039547487999982, -7.57906935099993 ], [ -79.043715112999962, -7.588042725999969 ], [ -79.041461862999938, -7.591891225999973 ], [ -79.040753987999949, -7.595669975999954 ], [ -79.041232487999935, -7.599887475999935 ], [ -79.038141862999964, -7.602768850999951 ], [ -79.034502487999987, -7.60355660099998 ], [ -79.033256237999979, -7.611702475999948 ], [ -79.032149487999959, -7.613536850999935 ], [ -79.028879362999987, -7.615909850999969 ], [ -79.029557237999938, -7.620047475999968 ], [ -79.026416737999966, -7.625451350999981 ], [ -79.022159237999972, -7.628193350999936 ], [ -79.018947487999981, -7.628762850999976 ], [ -79.01718098799995, -7.632127725999965 ], [ -79.014976237999974, -7.633363350999957 ], [ -79.013916362999964, -7.635928975999946 ], [ -79.008487987999956, -7.639625100999979 ], [ -79.006479112999955, -7.645239725999943 ], [ -78.993398612999954, -7.660539850999953 ], [ -78.990348237999967, -7.660668225999927 ], [ -78.987283987999945, -7.65951660099995 ], [ -78.980039362999946, -7.660643100999948 ], [ -78.972554737999985, -7.660281225999938 ], [ -78.964784737999935, -7.65850360099995 ], [ -78.962391737999951, -7.658794850999925 ], [ -78.959379987999966, -7.655589975999931 ], [ -78.959229987999947, -7.657429975999946 ], [ -78.964119987999936, -7.666019975999973 ], [ -78.964849987999969, -7.669849975999966 ], [ -78.969669987999964, -7.679049975999931 ], [ -78.971679987999948, -7.684849975999953 ], [ -78.973439987999939, -7.686589975999937 ], [ -78.97651998799995, -7.686739975999956 ], [ -78.981969987999946, -7.689109975999941 ], [ -78.988609987999951, -7.69495997599995 ], [ -78.989359988, -7.698799975999975 ], [ -78.991759987999956, -7.701089975999935 ], [ -78.992309987999988, -7.704379975999927 ], [ -78.99385998799994, -7.707429975999958 ], [ -78.992817612999943, -7.715407725999967 ], [ -78.997364987999958, -7.71765847599994 ], [ -79.001256987999966, -7.722099975999981 ], [ -79.007022737999989, -7.722162475999937 ], [ -79.010947987999941, -7.723144100999946 ], [ -79.018064612999979, -7.720484725999938 ], [ -79.025892112999941, -7.722089100999938 ], [ -79.031864362999954, -7.718961975999946 ], [ -79.042598737999981, -7.718520225999953 ], [ -79.052422987999989, -7.721719100999962 ], [ -79.058258612999964, -7.726765100999955 ], [ -79.072834237999984, -7.728772725999931 ], [ -79.081266487999983, -7.733055850999961 ], [ -79.085602987999948, -7.733510850999949 ], [ -79.089658487999941, -7.737780475999955 ], [ -79.096819237999966, -7.741474600999936 ], [ -79.110417862999952, -7.744874225999979 ], [ -79.11644086299998, -7.749358100999928 ], [ -79.119425612999976, -7.750402100999963 ], [ -79.121328329999983, -7.750557754999932 ], [ -79.127140431999976, -7.743983448999927 ], [ -79.147530677999953, -7.744976680999969 ], [ -79.150809466999988, -7.735154209999962 ], [ -79.151667446999966, -7.721120821999932 ], [ -79.149820042999977, -7.717850014999954 ], [ -79.150400042999934, -7.71718001499994 ], [ -79.154150042999959, -7.717850014999954 ], [ -79.157480042999964, -7.716680014999952 ], [ -79.165880042999959, -7.70703001499993 ], [ -79.171790042999987, -7.702610014999948 ], [ -79.172960042999989, -7.69704001499997 ], [ -79.178790042999935, -7.681550014999971 ], [ -79.184370042999944, -7.676220014999956 ], [ -79.189020042999971, -7.668310014999975 ], [ -79.192520042999945, -7.66432001499993 ], [ -79.195923487999949, -7.662004088999936 ], [ -79.188275362999946, -7.653173850999963 ], [ -79.181201112999986, -7.648099600999956 ], [ -79.176804737999987, -7.646101600999941 ], [ -79.165890612999988, -7.636109350999959 ], [ -79.161371112999973, -7.633441350999931 ], [ -79.151148488, -7.627566350999928 ], [ -79.137726612999984, -7.621261725999943 ], [ -79.131634737999946, -7.620140600999946 ], [ -79.115841737999972, -7.615363225999943 ], [ -79.11175198799998, -7.609974600999976 ], [ -79.108556612999962, -7.602890600999956 ], [ -79.104177737999976, -7.597302725999953 ], [ -79.101790987999948, -7.592165975999933 ], [ -79.096945362999975, -7.585335975999953 ], [ -79.09566786299996, -7.58104497599993 ], [ -79.095937487999947, -7.577746100999946 ], [ -79.090751987999965, -7.561867225999947 ], [ -79.082330112999955, -7.554642600999955 ], [ -79.080187487999979, -7.551792975999945 ], [ -79.075275362999946, -7.548136725999939 ], [ -79.068726612999967, -7.539529350999942 ], [ -79.067025362999971, -7.532794975999934 ], [ -79.064105612999981, -7.52758397599996 ], [ -79.065945112999941, -7.520808100999943 ] ] ] } },
{ "type": "Feature", "properties": { "ubigeo": "130202", "departamento": "LA LIBERTAD", "provincia": "ASCOPE", "capital": "CHICAMA", "distrito": "CHICAMA", "gasto_mef_2012": 6591825.65, "gasto_mef_2013": 4902328.72, "gasto_mef_2014": 7303487.85, "gasto_mef_2015": 15193433.4, "gasto_mef_2016": 9103082.12000001, "gasto_mef_2017": 10681106.23, "gasto_mef_2018": 13404747.87, "gasto_mef_2019": 19566823.96, "gasto_mef_2020": 10242307.74, "gasto_mef_2021": 39242489.54000001, "gasto_mef_2022": 8086652.56, "gasto_mef_2023": 12770619.59000001, "gasto_mef_2024": 10106170.36, "gasto_mef_2025": 13009680.62, "gasto_mef_2026": 6864801.15, "num_establecimientos_salud": 5, "num_ie_activas": 54, "num_ie_inactivas": 23, "num_ie_total": 77, "poblacion_2017": 15565, "ie_activas_per_1000hab": 3.4693221972373918, "establecimientos_salud_per_1000hab": 0.32123353678124, "gasto_mef_2026_per_capita": 441.04087054288442, "gasto_mef_promedio_periodo": 12471303.824000003, "gasto_mef_promedio_per_capita": 801.24020713138475, "log_gasto_mef_2026": 15.741917776666934, "log_poblacion_2017": 9.6528443275193343, "tendencia_gasto_mef": 377814.7679285428, "tendencia_gasto_mef_per_capita": 24.27335482997384, "proporcion_ie_inactivas": 0.29870129870129869, "area_km2": 897.01753919195721, "densidad_poblacional": 17.351946110241183, "log_densidad_poblacional": 2.9097356239311551, "comunidad_louvain": 5, "cluster_graphsage": 4 }, "geometry": { "type": "Polygon", "coordinates": [ [ [ -78.807249987999967, -7.573599975999969 ], [ -78.805709988, -7.577309975999981 ], [ -78.803969987999949, -7.578719975999945 ], [ -78.80223998799994, -7.583479975999978 ], [ -78.798199987999965, -7.587309975999972 ], [ -78.798189988, -7.595559975999947 ], [ -78.794669987999953, -7.602209975999926 ], [ -78.79354873799997, -7.608631600999956 ], [ -78.797452487999976, -7.615705100999946 ], [ -78.796812237999973, -7.618085975999975 ], [ -78.794441487999961, -7.620532725999965 ], [ -78.798928362999959, -7.625969975999965 ], [ -78.801483237999946, -7.627884725999934 ], [ -78.804510487999949, -7.635386725999979 ], [ -78.807340237999938, -7.63736985099996 ], [ -78.811507237999933, -7.637846225999965 ], [ -78.814938237999968, -7.639734225999973 ], [ -78.816563862999942, -7.639822225999978 ], [ -78.821415737999985, -7.638527350999937 ], [ -78.822893487999977, -7.635079350999945 ], [ -78.825023862999956, -7.633515350999971 ], [ -78.830023487999938, -7.632973475999961 ], [ -78.837756987999967, -7.637468350999939 ], [ -78.841615862999959, -7.637678350999977 ], [ -78.846450987999958, -7.635965975999966 ], [ -78.854061362999971, -7.636655600999973 ], [ -78.855699112999957, -7.637788475999969 ], [ -78.861374737999938, -7.638044975999946 ], [ -78.865537112999959, -7.639354975999936 ], [ -78.869916237999973, -7.63846347599997 ], [ -78.875008237999964, -7.640239100999963 ], [ -78.880363237999973, -7.640486350999936 ], [ -78.883911737999938, -7.643071350999946 ], [ -78.888247987999989, -7.643822225999941 ], [ -78.889321112999937, -7.644668725999963 ], [ -78.895435112999962, -7.644892850999952 ], [ -78.897490237999989, -7.653322225999943 ], [ -78.896841737999978, -7.655980475999968 ], [ -78.895326112999953, -7.658103475999951 ], [ -78.895098987999972, -7.664115225999979 ], [ -78.895628862999956, -7.668390600999942 ], [ -78.897601612999949, -7.670638725999936 ], [ -78.89820698799997, -7.674884725999959 ], [ -78.906078612999977, -7.684025850999944 ], [ -78.908863362999966, -7.685498350999978 ], [ -78.912285112999939, -7.686081975999969 ], [ -78.91225673799994, -7.69199197599994 ], [ -78.910411112999952, -7.69598097599993 ], [ -78.910603237999965, -7.703073850999942 ], [ -78.907952862999934, -7.707222350999928 ], [ -78.907696862999956, -7.709194225999966 ], [ -78.914373112999954, -7.717869100999962 ], [ -78.914265612999941, -7.719062600999962 ], [ -78.907288737999977, -7.723290475999931 ], [ -78.903162112999951, -7.723654350999936 ], [ -78.900730487999965, -7.726201225999944 ], [ -78.899425737999934, -7.72851560099997 ], [ -78.89893361299994, -7.733956850999959 ], [ -78.897307362999982, -7.736245975999964 ], [ -78.893070487999978, -7.748966850999977 ], [ -78.887863237999966, -7.752318350999928 ], [ -78.885546862999945, -7.758923850999963 ], [ -78.886581987999989, -7.760550725999963 ], [ -78.892065362999972, -7.76398572599993 ], [ -78.88951648799997, -7.767202100999953 ], [ -78.890108362999968, -7.771814100999961 ], [ -78.884722987999965, -7.770555350999928 ], [ -78.87977011299995, -7.770813225999973 ], [ -78.874189487999956, -7.769914100999927 ], [ -78.869471612999973, -7.771132600999977 ], [ -78.862244112999974, -7.774931600999935 ], [ -78.861110612999937, -7.779358600999956 ], [ -78.861364112999979, -7.783853350999948 ], [ -78.859631612999976, -7.788695850999943 ], [ -78.856404737999981, -7.787709850999931 ], [ -78.851519487999951, -7.784497850999969 ], [ -78.832717987999956, -7.783746600999962 ], [ -78.820925737999971, -7.787300725999955 ], [ -78.816126237999981, -7.795938225999976 ], [ -78.816259737999985, -7.79687310099996 ], [ -78.821433362999983, -7.800138725999943 ], [ -78.824880862999976, -7.803996100999939 ], [ -78.837328112999955, -7.803613225999925 ], [ -78.838312237999958, -7.804132725999978 ], [ -78.843913362999956, -7.812484350999966 ], [ -78.847473112999978, -7.81336085099997 ], [ -78.852327112999944, -7.817925850999927 ], [ -78.855835362999983, -7.825281975999928 ], [ -78.861411862999944, -7.826825350999968 ], [ -78.863137737999978, -7.829230350999978 ], [ -78.866865237999946, -7.830852100999948 ], [ -78.874701737999942, -7.832045475999962 ], [ -78.880917112999953, -7.836652225999956 ], [ -78.881397112999935, -7.839091975999963 ], [ -78.883896112999935, -7.840683475999981 ], [ -78.885139487999936, -7.84319497599995 ], [ -78.886311862999946, -7.854144600999973 ], [ -78.889205112999946, -7.861111350999977 ], [ -78.888446112999986, -7.867124475999958 ], [ -78.890941987999952, -7.870081975999938 ], [ -78.893061737999972, -7.874577975999955 ], [ -78.895222612999987, -7.876667975999965 ], [ -78.896019237999951, -7.879467100999932 ], [ -78.90017136299997, -7.882857225999942 ], [ -78.903366862999974, -7.887382975999969 ], [ -78.913300987999946, -7.886189350999928 ], [ -78.921678862999954, -7.888356600999941 ], [ -78.926602112999944, -7.892664350999951 ], [ -78.928978487999984, -7.89333122599993 ], [ -78.935046362999969, -7.89194972599995 ], [ -78.943868237999936, -7.892168725999966 ], [ -78.946022237999955, -7.89630572599998 ], [ -78.949308362999943, -7.898527600999955 ], [ -78.953389487999971, -7.89984360099993 ], [ -78.955214112999954, -7.902845725999953 ], [ -78.960600487999955, -7.901182100999961 ], [ -78.965335237999966, -7.901332600999979 ], [ -78.968380112999967, -7.898354600999937 ], [ -78.977539112999978, -7.89306447599995 ], [ -78.98151773799998, -7.892261850999944 ], [ -78.985091362999981, -7.893494600999929 ], [ -78.991036987999962, -7.900965725999981 ], [ -78.995909987999937, -7.914555850999932 ], [ -78.997754362999956, -7.917564975999937 ], [ -79.000103487999979, -7.919564725999976 ], [ -79.001481987999966, -7.926184975999945 ], [ -79.001527112999952, -7.931120225999962 ], [ -79.004333987999985, -7.935780225999963 ], [ -79.006906862999983, -7.945159725999929 ], [ -79.009931862999963, -7.94855447599997 ], [ -79.010694237999985, -7.951632725999957 ], [ -79.010164237999959, -7.954716600999973 ], [ -79.012284362999935, -7.959703600999944 ], [ -79.020681362999937, -7.96169597599993 ], [ -79.025583112999982, -7.96536522599996 ], [ -79.029293362999965, -7.966280725999979 ], [ -79.036807237999938, -7.970513725999979 ], [ -79.03884723799996, -7.974802350999937 ], [ -79.036134862999972, -7.982429350999951 ], [ -79.040006237999989, -7.988320975999954 ], [ -79.105887987999949, -7.98197747599994 ], [ -79.104993112999978, -7.978452475999973 ], [ -79.106025487999943, -7.973786725999958 ], [ -79.110097612999937, -7.97299560099998 ], [ -79.112418612999988, -7.971026975999962 ], [ -79.113768612999934, -7.968068725999956 ], [ -79.113113487999954, -7.958975350999935 ], [ -79.115138612999942, -7.955480975999933 ], [ -79.116447112999936, -7.946517100999927 ], [ -79.119883862999984, -7.94404497599993 ], [ -79.122545987999956, -7.939376350999964 ], [ -79.124827487999937, -7.937414725999929 ], [ -79.126415862999977, -7.937167600999942 ], [ -79.130157362999967, -7.94239160099994 ], [ -79.132910487999936, -7.943379725999932 ], [ -79.139369737999971, -7.941156100999933 ], [ -79.149501700999963, -7.943686981999974 ], [ -79.152323612999965, -7.939250100999971 ], [ -79.15398248799994, -7.932084850999956 ], [ -79.157865112999957, -7.928661100999932 ], [ -79.163083669999935, -7.919085586999927 ], [ -79.168876952999938, -7.922859373999927 ], [ -79.175118272999953, -7.925015174999942 ], [ -79.17519189099994, -7.908289373999935 ], [ -79.186055456999952, -7.904123512999945 ], [ -79.189006505999942, -7.909452551999948 ], [ -79.198736327999939, -7.902177735999942 ], [ -79.20196522699996, -7.900991680999937 ], [ -79.20003004299997, -7.893960014999948 ], [ -79.200259737999943, -7.881460975999971 ], [ -79.199518667999939, -7.881723231999956 ], [ -79.197080042999971, -7.872610014999964 ], [ -79.195450042999937, -7.870590012999969 ], [ -79.192190042999982, -7.859730012999933 ], [ -79.187060042999974, -7.847460014999967 ], [ -79.184200042999976, -7.844070012999964 ], [ -79.19164004299995, -7.840320012999939 ], [ -79.194440042999986, -7.840710012999978 ], [ -79.198611206999942, -7.844062393999934 ], [ -79.206955812999979, -7.839080088999935 ], [ -79.198158237999962, -7.838798850999979 ], [ -79.190257737999957, -7.836103475999948 ], [ -79.178778612999963, -7.825414475999935 ], [ -79.174270737999962, -7.82039522599996 ], [ -79.168554362999942, -7.811890600999959 ], [ -79.164333987999953, -7.802693350999959 ], [ -79.158138612999949, -7.791968725999936 ], [ -79.14075848799996, -7.77248497599993 ], [ -79.135593487999984, -7.761524100999964 ], [ -79.128866112999958, -7.756560600999933 ], [ -79.125880612999936, -7.752650475999928 ], [ -79.12240623799994, -7.750888725999971 ], [ -79.11644086299998, -7.749358100999928 ], [ -79.111327987999971, -7.745369475999951 ], [ -79.106803987999967, -7.743495725999935 ], [ -79.097796237999944, -7.741956475999928 ], [ -79.089658487999941, -7.737780475999955 ], [ -79.085602987999948, -7.733510850999949 ], [ -79.081266487999983, -7.733055850999961 ], [ -79.072834237999984, -7.728772725999931 ], [ -79.057763362999935, -7.72659110099994 ], [ -79.052422987999989, -7.721719100999962 ], [ -79.045489737999958, -7.719162725999979 ], [ -79.040765112999964, -7.718480100999955 ], [ -79.031864362999954, -7.718961975999946 ], [ -79.025892112999941, -7.722089100999938 ], [ -79.018064612999979, -7.720484725999938 ], [ -79.010947987999941, -7.723144100999946 ], [ -79.007022737999989, -7.722162475999937 ], [ -79.001256987999966, -7.722099975999981 ], [ -78.997364987999958, -7.71765847599994 ], [ -78.992817612999943, -7.715407725999967 ], [ -78.99385998799994, -7.707429975999958 ], [ -78.992309987999988, -7.704379975999927 ], [ -78.991759987999956, -7.701089975999935 ], [ -78.989359988, -7.698799975999975 ], [ -78.988609987999951, -7.69495997599995 ], [ -78.981969987999946, -7.689109975999941 ], [ -78.97651998799995, -7.686739975999956 ], [ -78.973439987999939, -7.686589975999937 ], [ -78.971679987999948, -7.684849975999953 ], [ -78.969669987999964, -7.679049975999931 ], [ -78.964849987999969, -7.669849975999966 ], [ -78.964119987999936, -7.666019975999973 ], [ -78.959229987999947, -7.657429975999946 ], [ -78.95857998799994, -7.653949975999979 ], [ -78.953539987999989, -7.64979997599994 ], [ -78.951709987999948, -7.646539975999929 ], [ -78.952119987999936, -7.644229975999963 ], [ -78.951419987999941, -7.641899975999934 ], [ -78.944869987999937, -7.633319975999939 ], [ -78.942189987999939, -7.627199975999929 ], [ -78.942962487999978, -7.620988350999937 ], [ -78.941451237999956, -7.617035975999954 ], [ -78.934476487999973, -7.613780850999945 ], [ -78.930492862999984, -7.610375850999958 ], [ -78.918204112999945, -7.602693475999956 ], [ -78.914257612999961, -7.601935100999981 ], [ -78.912333487999945, -7.600179600999979 ], [ -78.907763487999944, -7.598070100999962 ], [ -78.897137237999971, -7.596216350999953 ], [ -78.894290362999982, -7.594958350999946 ], [ -78.887510007999936, -7.594679979999967 ], [ -78.885589987999936, -7.593009975999962 ], [ -78.882413362999955, -7.592350600999964 ], [ -78.878861237999956, -7.593278100999953 ], [ -78.871583987999941, -7.592180725999981 ], [ -78.866995112999973, -7.59382760099993 ], [ -78.858414362999952, -7.595160600999975 ], [ -78.855266362999942, -7.59337285099997 ], [ -78.851729987999988, -7.593139975999975 ], [ -78.846529987999986, -7.589359975999969 ], [ -78.84421423799995, -7.588962850999962 ], [ -78.838954612999942, -7.590051225999957 ], [ -78.833829987999934, -7.587769975999947 ], [ -78.831484112999988, -7.585610350999957 ], [ -78.830589987999986, -7.57932997599994 ], [ -78.827549987999987, -7.578039975999957 ], [ -78.824279987999944, -7.574989975999927 ], [ -78.815519987999949, -7.574669975999939 ], [ -78.812399987999981, -7.575329975999978 ], [ -78.807249987999967, -7.573599975999969 ] ] ] } },
{ "type": "Feature", "properties": { "ubigeo": "130203", "departamento": "LA LIBERTAD", "provincia": "ASCOPE", "capital": "CHOCOPE", "distrito": "CHOCOPE", "gasto_mef_2012": 6348536.2, "gasto_mef_2013": 13865400.1, "gasto_mef_2014": 13422501.27, "gasto_mef_2015": 2898683.36, "gasto_mef_2016": 3113115.28, "gasto_mef_2017": 5875452.34, "gasto_mef_2018": 3654272.56, "gasto_mef_2019": 11459928.52000001, "gasto_mef_2020": 14275422.16, "gasto_mef_2021": 11367333.38000001, "gasto_mef_2022": 7866615.6, "gasto_mef_2023": 7521522.88, "gasto_mef_2024": 6202904.77000001, "gasto_mef_2025": 11476342.03, "gasto_mef_2026": 1801209.87, "num_establecimientos_salud": 5, "num_ie_activas": 37, "num_ie_inactivas": 22, "num_ie_total": 59, "poblacion_2017": 9697, "ie_activas_per_1000hab": 3.8156130762091367, "establecimientos_salud_per_1000hab": 0.51562338867691038, "gasto_mef_2026_per_capita": 185.74918737753947, "gasto_mef_promedio_periodo": 8076616.021333335, "gasto_mef_promedio_per_capita": 832.89842439242398, "log_gasto_mef_2026": 14.403969702256989, "log_poblacion_2017": 9.1796749576652967, "tendencia_gasto_mef": -99667.301821398039, "tendencia_gasto_mef_per_capita": -10.278158381086731, "proporcion_ie_inactivas": 0.3728813559322034, "area_km2": 99.312043570940602, "densidad_poblacional": 97.641732576706431, "log_densidad_poblacional": 4.5914944233480854, "comunidad_louvain": 5, "cluster_graphsage": 5 }, "geometry": { "type": "Polygon", "coordinates": [ [ [ -79.225804849999975, -7.735028811999939 ], [ -79.224070862999952, -7.738846225999964 ], [ -79.221914237999954, -7.739998475999926 ], [ -79.221840362999956, -7.747473100999969 ], [ -79.224351612999953, -7.752332975999934 ], [ -79.22487973799997, -7.760060475999978 ], [ -79.224018159999957, -7.76417184099995 ], [ -79.22060221299995, -7.768099617999951 ], [ -79.198365849999959, -7.761622737999971 ], [ -79.194334737999952, -7.765649850999978 ], [ -79.19379523799995, -7.768473600999926 ], [ -79.191809488, -7.770310225999935 ], [ -79.194047737999938, -7.775957725999945 ], [ -79.19347436299995, -7.777081975999977 ], [ -79.18962836299994, -7.777048225999977 ], [ -79.18544736299998, -7.775206975999936 ], [ -79.176166944999977, -7.773995930999945 ], [ -79.161444630999938, -7.776228875999948 ], [ -79.151556247999963, -7.78422644699998 ], [ -79.159103487999971, -7.793400350999946 ], [ -79.168554362999942, -7.811890600999959 ], [ -79.174270737999962, -7.82039522599996 ], [ -79.190257737999957, -7.836103475999948 ], [ -79.193324987999972, -7.837497600999939 ], [ -79.198158237999962, -7.838798850999979 ], [ -79.206955812999979, -7.839080088999935 ], [ -79.209906319999959, -7.831814358999964 ], [ -79.214386737999973, -7.831607475999931 ], [ -79.223390612999935, -7.826265600999932 ], [ -79.229164112999968, -7.825646350999932 ], [ -79.234318362999943, -7.822974600999942 ], [ -79.23487698799994, -7.82136135099995 ], [ -79.24537004299998, -7.816520014999981 ], [ -79.263070042999971, -7.817080014999931 ], [ -79.264060042999972, -7.818570014999978 ], [ -79.267290042999946, -7.818810012999961 ], [ -79.273000042999968, -7.814840014999959 ], [ -79.275050042999965, -7.811360014999934 ], [ -79.279400042999953, -7.810000014999957 ], [ -79.283500042999947, -7.807020014999978 ], [ -79.284490042999948, -7.807270014999972 ], [ -79.286910042999978, -7.804970014999981 ], [ -79.293948501999978, -7.803245875999949 ], [ -79.301951968999958, -7.799173578999955 ], [ -79.288523091999934, -7.770831184999963 ], [ -79.27581175399996, -7.774520067999958 ], [ -79.267802782999979, -7.759608262999961 ], [ -79.266556858999934, -7.760812157999965 ], [ -79.25829693999998, -7.754284561999953 ], [ -79.25668180699995, -7.751155252999979 ], [ -79.253026204999969, -7.749360336999928 ], [ -79.251144981999971, -7.745694838999952 ], [ -79.245189737999965, -7.742551600999946 ], [ -79.243132862999971, -7.738406225999938 ], [ -79.242315497999982, -7.730459682999935 ], [ -79.225804849999975, -7.735028811999939 ] ] ] } },
{ "type": "Feature", "properties": { "ubigeo": "130204", "departamento": "LA LIBERTAD", "provincia": "ASCOPE", "capital": "MAGDALENA DE CAO", "distrito": "MAGDALENA DE CAO", "gasto_mef_2012": 1616824.41, "gasto_mef_2013": 1418094.24, "gasto_mef_2014": 1748583.44, "gasto_mef_2015": 2053968.8, "gasto_mef_2016": 1778486.28, "gasto_mef_2017": 1786696.05, "gasto_mef_2018": 1741472.93, "gasto_mef_2019": 2292838.21, "gasto_mef_2020": 4011963.63, "gasto_mef_2021": 5434390.31, "gasto_mef_2022": 3511577.96, "gasto_mef_2023": 3281576.25, "gasto_mef_2024": 2506686.97, "gasto_mef_2025": 6883464.44, "gasto_mef_2026": 1781463.61, "num_establecimientos_salud": 1, "num_ie_activas": 11, "num_ie_inactivas": 10, "num_ie_total": 21, "poblacion_2017": 2662, "ie_activas_per_1000hab": 4.1322314049586781, "establecimientos_salud_per_1000hab": 0.37565740045078888, "gasto_mef_2026_per_capita": 669.21998873027815, "gasto_mef_promedio_periodo": 2789872.502, "gasto_mef_promedio_per_capita": 1048.0362516904584, "log_gasto_mef_2026": 14.392946398548645, "log_poblacion_2017": 7.8872085858139318, "tendencia_gasto_mef": 205038.56182140653, "tendencia_gasto_mef_per_capita": 77.024253125997944, "proporcion_ie_inactivas": 0.47619047619047616, "area_km2": 160.26367770732548, "densidad_poblacional": 16.610126749127527, "log_densidad_poblacional": 2.8684741200476598, "comunidad_louvain": 5, "cluster_graphsage": 5 }, "geometry": { "type": "Polygon", "coordinates": [ [ [ -79.309924165999973, -7.795500211999979 ], [ -79.306301362999989, -7.798632668999971 ], [ -79.300745122999956, -7.799329321999949 ], [ -79.297168399999975, -7.801946022999971 ], [ -79.290580042999977, -7.804410014999974 ], [ -79.286910042999978, -7.804970014999981 ], [ -79.284490042999948, -7.807270014999972 ], [ -79.283500042999947, -7.807020014999978 ], [ -79.279400042999953, -7.810000014999957 ], [ -79.275050042999965, -7.811360014999934 ], [ -79.273000042999968, -7.814840014999959 ], [ -79.267290042999946, -7.818810012999961 ], [ -79.264060042999972, -7.818570014999978 ], [ -79.263070042999971, -7.817080014999931 ], [ -79.24537004299998, -7.816520014999981 ], [ -79.23487698799994, -7.82136135099995 ], [ -79.234318362999943, -7.822974600999942 ], [ -79.229164112999968, -7.825646350999932 ], [ -79.223390612999935, -7.826265600999932 ], [ -79.214386737999973, -7.831607475999931 ], [ -79.209906319999959, -7.831814358999964 ], [ -79.206955812999979, -7.839080088999935 ], [ -79.222978987999966, -7.848041100999978 ], [ -79.230377112999975, -7.860144475999959 ], [ -79.248046237999972, -7.87255535099996 ], [ -79.256635112999959, -7.882717100999969 ], [ -79.263914987999954, -7.888626725999927 ], [ -79.265339487999938, -7.896629225999959 ], [ -79.262858487999949, -7.905686225999943 ], [ -79.263067737999961, -7.907872225999938 ], [ -79.264741237999942, -7.910131475999947 ], [ -79.264103237999961, -7.913185725999938 ], [ -79.266519362999986, -7.91475460099997 ], [ -79.267429362999962, -7.917756475999965 ], [ -79.268872862999956, -7.918671475999929 ], [ -79.269374862999939, -7.920329475999949 ], [ -79.272052487999986, -7.922661975999972 ], [ -79.274437237999962, -7.926375100999962 ], [ -79.274928862999957, -7.929941850999967 ], [ -79.277512362999971, -7.93318422599998 ], [ -79.276236237999967, -7.935621350999952 ], [ -79.27944748799996, -7.937085725999964 ], [ -79.281141737999974, -7.940443225999957 ], [ -79.284650362999969, -7.94432222599994 ], [ -79.287175737999974, -7.94155860099994 ], [ -79.307855487999973, -7.925431600999957 ], [ -79.308751987999983, -7.923355475999927 ], [ -79.309365237999941, -7.915212850999978 ], [ -79.311099612999953, -7.912394475999974 ], [ -79.317539112999953, -7.905695350999963 ], [ -79.328876987999934, -7.896310600999925 ], [ -79.341671862999988, -7.882634725999935 ], [ -79.345703112999956, -7.879404350999948 ], [ -79.364372987999957, -7.858501975999957 ], [ -79.375277362999952, -7.843081975999951 ], [ -79.376412112999958, -7.838546850999933 ], [ -79.378531237999937, -7.834476600999949 ], [ -79.378710987999966, -7.830019475999961 ], [ -79.38164261299994, -7.824759725999968 ], [ -79.381472612999971, -7.819216850999965 ], [ -79.382939487999977, -7.815152350999938 ], [ -79.379867237999974, -7.81383597599995 ], [ -79.309924165999973, -7.795500211999979 ] ] ] } },
{ "type": "Feature", "properties": { "ubigeo": "130205", "departamento": "LA LIBERTAD", "provincia": "ASCOPE", "capital": "PAIJAN", "distrito": "PAIJAN", "gasto_mef_2012": 8236126.93, "gasto_mef_2013": 15081077.82, "gasto_mef_2014": 11146212.95, "gasto_mef_2015": 8351066.62, "gasto_mef_2016": 7718503.0099999886, "gasto_mef_2017": 6770175.26, "gasto_mef_2018": 7790140.08, "gasto_mef_2019": 6539941.89, "gasto_mef_2020": 11328862.520000011, "gasto_mef_2021": 20831870.47, "gasto_mef_2022": 19291275.270000011, "gasto_mef_2023": 13311479.65, "gasto_mef_2024": 16641623.18, "gasto_mef_2025": 13103987.09, "gasto_mef_2026": 5571723.2, "num_establecimientos_salud": 3, "num_ie_activas": 77, "num_ie_inactivas": 32, "num_ie_total": 109, "poblacion_2017": 27130, "ie_activas_per_1000hab": 2.8381865093991889, "establecimientos_salud_per_1000hab": 0.11057869517139698, "gasto_mef_2026_per_capita": 205.37129377073327, "gasto_mef_promedio_periodo": 11447604.396, "gasto_mef_promedio_per_capita": 421.95371898267598, "log_gasto_mef_2026": 15.533215115169353, "log_poblacion_2017": 10.208432264538738, "tendencia_gasto_mef": 297092.0086428494, "tendencia_gasto_mef_per_capita": 10.950682220525227, "proporcion_ie_inactivas": 0.29357798165137616, "area_km2": 82.22022592206612, "densidad_poblacional": 329.96747084732709, "log_densidad_poblacional": 5.8020200951620016, "comunidad_louvain": 5, "cluster_graphsage": 4 }, "geometry": { "type": "Polygon", "coordinates": [ [ [ -79.297789987999977, -7.677066600999979 ], [ -79.29421436299998, -7.678367100999935 ], [ -79.290890737999973, -7.681524225999965 ], [ -79.289772237999955, -7.684880350999947 ], [ -79.287896237999973, -7.686651225999981 ], [ -79.286920862999978, -7.69298435099995 ], [ -79.280407612999966, -7.696330975999956 ], [ -79.276672743999939, -7.696241276999956 ], [ -79.272351829999934, -7.709026920999975 ], [ -79.273617075999937, -7.723354065999956 ], [ -79.242315497999982, -7.730459682999935 ], [ -79.242339722999986, -7.731296651999969 ], [ -79.243132862999971, -7.738406225999938 ], [ -79.245189737999965, -7.742551600999946 ], [ -79.251144981999971, -7.745694838999952 ], [ -79.253026204999969, -7.749360336999928 ], [ -79.25668180699995, -7.751155252999979 ], [ -79.25829693999998, -7.754284561999953 ], [ -79.266556858999934, -7.760812157999965 ], [ -79.267802782999979, -7.759608262999961 ], [ -79.27581175399996, -7.774520067999958 ], [ -79.288523091999934, -7.770831184999963 ], [ -79.301951968999958, -7.799173578999955 ], [ -79.304168921999974, -7.799167903999944 ], [ -79.306301362999989, -7.798632668999971 ], [ -79.309924989999956, -7.795624325999938 ], [ -79.310904929999936, -7.786916074999965 ], [ -79.313124753999944, -7.779400137999971 ], [ -79.313509288999967, -7.767584385999953 ], [ -79.309433612999953, -7.760841850999952 ], [ -79.310243052999965, -7.758516274999977 ], [ -79.319842536999943, -7.750936237999952 ], [ -79.327089987999955, -7.741569975999937 ], [ -79.33217998799995, -7.738219975999925 ], [ -79.333859987999972, -7.733869975999937 ], [ -79.341947265999977, -7.725596371999927 ], [ -79.348613441999987, -7.721930303999955 ], [ -79.350311069999975, -7.72216642099994 ], [ -79.358097960999942, -7.719880721999971 ], [ -79.363721829999974, -7.724250580999978 ], [ -79.368999987999985, -7.725549975999968 ], [ -79.36656112299994, -7.713699541999972 ], [ -79.36524998799996, -7.711979975999952 ], [ -79.364009987999964, -7.710669975999963 ], [ -79.359429987999988, -7.70877997599996 ], [ -79.35832998799998, -7.707249975999957 ], [ -79.355059987999937, -7.706959975999951 ], [ -79.35178998799995, -7.703829975999952 ], [ -79.349309987999959, -7.702959975999931 ], [ -79.341203112999949, -7.696984350999969 ], [ -79.337072112999977, -7.693052100999978 ], [ -79.327884112999982, -7.680919975999927 ], [ -79.324476612999945, -7.678605475999973 ], [ -79.317136737999988, -7.679894475999959 ], [ -79.308008112999971, -7.679089225999974 ], [ -79.305900862999977, -7.680208475999962 ], [ -79.301975737999953, -7.677791850999938 ], [ -79.297789987999977, -7.677066600999979 ] ] ] } },
{ "type": "Feature", "properties": { "ubigeo": "130206", "departamento": "LA LIBERTAD", "provincia": "ASCOPE", "capital": "PUERTO DE MALABRIGO", "distrito": "RAZURI", "gasto_mef_2012": 7997299.11, "gasto_mef_2013": 9473171.94, "gasto_mef_2014": 7634246.840000011, "gasto_mef_2015": 9459442.2, "gasto_mef_2016": 9777416.9, "gasto_mef_2017": 9191112.04, "gasto_mef_2018": 7981043.14, "gasto_mef_2019": 11847668.730000021, "gasto_mef_2020": 10618031.04, "gasto_mef_2021": 12332540.859999986, "gasto_mef_2022": 10394504.73, "gasto_mef_2023": 10181851.27000001, "gasto_mef_2024": 13231906.309999987, "gasto_mef_2025": 17087209.960000012, "gasto_mef_2026": 5017776.1, "num_establecimientos_salud": 2, "num_ie_activas": 31, "num_ie_inactivas": 7, "num_ie_total": 38, "poblacion_2017": 9011, "ie_activas_per_1000hab": 3.4402397070247477, "establecimientos_salud_per_1000hab": 0.22195094884030631, "gasto_mef_2026_per_capita": 556.85008323160559, "gasto_mef_promedio_periodo": 10148348.078000002, "gasto_mef_promedio_per_capita": 1126.2177425368996, "log_gasto_mef_2026": 15.428497584834219, "log_poblacion_2017": 9.1063123015521352, "tendencia_gasto_mef": 237416.46324997878, "tendencia_gasto_mef_per_capita": 26.347404644321252, "proporcion_ie_inactivas": 0.18421052631578946, "area_km2": 310.32915717902057, "densidad_poblacional": 29.03691062068588, "log_densidad_poblacional": 3.4024269794197597, "comunidad_louvain": 5, "cluster_graphsage": 4 }, "geometry": { "type": "Polygon", "coordinates": [ [ [ -79.356735308999987, -7.558663584999977 ], [ -79.35214461299995, -7.562434475999964 ], [ -79.349723612999981, -7.562500975999967 ], [ -79.348460987999943, -7.563605475999964 ], [ -79.346687362999944, -7.567775350999966 ], [ -79.343597612999986, -7.570033225999964 ], [ -79.341015612999968, -7.577320350999969 ], [ -79.336021487999972, -7.582275350999964 ], [ -79.332378862999974, -7.582179725999936 ], [ -79.330905316999974, -7.578714354999931 ], [ -79.330678, -7.57548378599995 ], [ -79.329200107999952, -7.574590494999939 ], [ -79.326426331999983, -7.574450709999951 ], [ -79.318977833999952, -7.578608641999949 ], [ -79.318771046999984, -7.583727936999935 ], [ -79.312519175999967, -7.579785772999969 ], [ -79.309740862999945, -7.581503475999966 ], [ -79.307648487999984, -7.586239975999945 ], [ -79.304057112999942, -7.588521850999939 ], [ -79.301775112999962, -7.593315100999973 ], [ -79.302517737999949, -7.599809600999947 ], [ -79.309247487999983, -7.610356850999949 ], [ -79.311339849999968, -7.623284615999978 ], [ -79.310203595999951, -7.640315104999956 ], [ -79.302284862999954, -7.644904850999978 ], [ -79.301301487999979, -7.649297975999957 ], [ -79.30038336299998, -7.650150350999979 ], [ -79.278230487999963, -7.659766475999959 ], [ -79.278613862999975, -7.668807225999956 ], [ -79.280240112999934, -7.677480350999929 ], [ -79.280077487999961, -7.678727100999936 ], [ -79.276805612999965, -7.682838600999958 ], [ -79.277818862999936, -7.687074975999963 ], [ -79.276535987999978, -7.689297475999979 ], [ -79.27602686299997, -7.693940600999952 ], [ -79.276672743999939, -7.696241276999956 ], [ -79.278563737999946, -7.696488350999971 ], [ -79.281743238, -7.695880725999928 ], [ -79.286200487999963, -7.693569600999979 ], [ -79.287328362999972, -7.692022850999933 ], [ -79.287896237999973, -7.686651225999981 ], [ -79.289772237999955, -7.684880350999947 ], [ -79.290890737999973, -7.681524225999965 ], [ -79.29421436299998, -7.678367100999935 ], [ -79.296487612999954, -7.677360225999962 ], [ -79.299582862999955, -7.67692997599994 ], [ -79.305900862999977, -7.680208475999962 ], [ -79.308008112999971, -7.679089225999974 ], [ -79.317136737999988, -7.679894475999959 ], [ -79.324476612999945, -7.678605475999973 ], [ -79.33003886299997, -7.683041475999971 ], [ -79.337072112999977, -7.693052100999978 ], [ -79.341203112999949, -7.696984350999969 ], [ -79.349309987999959, -7.702959975999931 ], [ -79.35178998799995, -7.703829975999952 ], [ -79.355059987999937, -7.706959975999951 ], [ -79.35832998799998, -7.707249975999957 ], [ -79.359429987999988, -7.70877997599996 ], [ -79.364009987999964, -7.710669975999963 ], [ -79.36524998799996, -7.711979975999952 ], [ -79.36656112299994, -7.713699541999972 ], [ -79.368997708999984, -7.726031711999951 ], [ -79.363721829999974, -7.724250580999978 ], [ -79.358097960999942, -7.719880721999971 ], [ -79.350311069999975, -7.72216642099994 ], [ -79.348613441999987, -7.721930303999955 ], [ -79.341947265999977, -7.725596371999927 ], [ -79.333859987999972, -7.733869975999937 ], [ -79.33217998799995, -7.738219975999925 ], [ -79.327089987999955, -7.741569975999937 ], [ -79.319842536999943, -7.750936237999952 ], [ -79.310243052999965, -7.758516274999977 ], [ -79.309433612999953, -7.760841850999952 ], [ -79.311642612999947, -7.763535100999945 ], [ -79.313631642999951, -7.769000178999931 ], [ -79.313124753999944, -7.779400137999971 ], [ -79.310904929999936, -7.786916074999965 ], [ -79.309982786999967, -7.795172014999935 ], [ -79.374064487999988, -7.812097600999948 ], [ -79.382939487999977, -7.815152350999938 ], [ -79.386742237999954, -7.809789100999978 ], [ -79.387367237999968, -7.807546850999927 ], [ -79.385097612999971, -7.803540975999965 ], [ -79.384503862999964, -7.799921850999965 ], [ -79.389568362999967, -7.79121485099995 ], [ -79.41049411299997, -7.769675725999946 ], [ -79.437289113999952, -7.746400350999977 ], [ -79.447724613999981, -7.736283225999955 ], [ -79.46074611399996, -7.722703100999979 ], [ -79.465455113999951, -7.716572225999926 ], [ -79.465706988999955, -7.711933600999942 ], [ -79.463753863999955, -7.711175725999965 ], [ -79.462218738999979, -7.709408225999937 ], [ -79.460753863999969, -7.710308600999952 ], [ -79.458914113999981, -7.708021475999942 ], [ -79.457505863999984, -7.70849610099998 ], [ -79.456359363999979, -7.707695350999927 ], [ -79.453757863999954, -7.707650350999927 ], [ -79.452374988999964, -7.705736350999928 ], [ -79.448669863999953, -7.705353475999971 ], [ -79.443820363999976, -7.70311910099997 ], [ -79.437701113999935, -7.69831447599995 ], [ -79.435289113999943, -7.69335935099997 ], [ -79.434855488999972, -7.690771475999952 ], [ -79.43531448899995, -7.679831975999946 ], [ -79.43682223899998, -7.673597600999926 ], [ -79.449093363999964, -7.64707522599997 ], [ -79.455763120999961, -7.636639354999943 ], [ -79.385586673999967, -7.597652928999935 ], [ -79.38186761299994, -7.593245475999936 ], [ -79.379385362999983, -7.591659600999947 ], [ -79.377764987999967, -7.587246725999933 ], [ -79.374093362999986, -7.583178600999929 ], [ -79.37247298799997, -7.578920850999964 ], [ -79.370111362999978, -7.575904225999977 ], [ -79.370059737999952, -7.570370975999936 ], [ -79.368318737999971, -7.566233850999936 ], [ -79.361004737999963, -7.562122725999927 ], [ -79.358439737999959, -7.559088850999956 ], [ -79.356735308999987, -7.558663584999977 ] ] ] } },
{ "type": "Feature", "properties": { "ubigeo": "130207", "departamento": "LA LIBERTAD", "provincia": "ASCOPE", "capital": "SANTIAGO DE CAO", "distrito": "SANTIAGO DE CAO", "gasto_mef_2012": 14543652.960000021, "gasto_mef_2013": 13191087.94000001, "gasto_mef_2014": 13029919.07, "gasto_mef_2015": 6315891.5, "gasto_mef_2016": 8251846.36, "gasto_mef_2017": 7783340.88, "gasto_mef_2018": 15975763.43, "gasto_mef_2019": 11915805.13000001, "gasto_mef_2020": 14856972.89, "gasto_mef_2021": 33803996.24, "gasto_mef_2022": 23779401.340000018, "gasto_mef_2023": 10008826.330000013, "gasto_mef_2024": 13169568.96000001, "gasto_mef_2025": 11219152.88, "gasto_mef_2026": 5794154.21, "num_establecimientos_salud": 4, "num_ie_activas": 43, "num_ie_inactivas": 26, "num_ie_total": 69, "poblacion_2017": 19561, "ie_activas_per_1000hab": 2.1982516231276521, "establecimientos_salud_per_1000hab": 0.20448852308164203, "gasto_mef_2026_per_capita": 296.20950922754463, "gasto_mef_promedio_periodo": 13575958.674666673, "gasto_mef_promedio_per_capita": 694.0319346999986, "log_gasto_mef_2026": 15.57236024500925, "log_poblacion_2017": 9.8813441878504378, "tendencia_gasto_mef": 142489.54385711456, "tendencia_gasto_mef_per_capita": 7.2843690944795547, "proporcion_ie_inactivas": 0.37681159420289856, "area_km2": 136.01920383490497, "densidad_poblacional": 143.81057562829446, "log_densidad_poblacional": 4.9754265133916151, "comunidad_louvain": 5, "cluster_graphsage": 5 }, "geometry": { "type": "Polygon", "coordinates": [ [ [ -79.206955812999979, -7.839080088999935 ], [ -79.198611206999942, -7.844062393999934 ], [ -79.194440042999986, -7.840710012999978 ], [ -79.19164004299995, -7.840320012999939 ], [ -79.184200042999976, -7.844070012999964 ], [ -79.187060042999974, -7.847460014999967 ], [ -79.192190042999982, -7.859730012999933 ], [ -79.195450042999937, -7.870590012999969 ], [ -79.197080042999971, -7.872610014999964 ], [ -79.199518667999939, -7.881723231999956 ], [ -79.200259737999943, -7.881460975999971 ], [ -79.20003004299997, -7.893960014999948 ], [ -79.20196522699996, -7.900991680999937 ], [ -79.198736327999939, -7.902177735999942 ], [ -79.189006505999942, -7.909452551999948 ], [ -79.186055456999952, -7.904123512999945 ], [ -79.17519189099994, -7.908289373999935 ], [ -79.175118272999953, -7.925015174999942 ], [ -79.168876952999938, -7.922859373999927 ], [ -79.163083669999935, -7.919085586999927 ], [ -79.157865112999957, -7.928661100999932 ], [ -79.15398248799994, -7.932084850999956 ], [ -79.152323612999965, -7.939250100999971 ], [ -79.149501700999963, -7.943686981999974 ], [ -79.167553311999939, -7.963805123999975 ], [ -79.170180042999959, -7.96488001299997 ], [ -79.17406004299994, -7.96831001299995 ], [ -79.178480042999979, -7.977710014999957 ], [ -79.185030042999983, -7.981650014999957 ], [ -79.193460042999959, -7.98467001299997 ], [ -79.200770042999977, -7.988680014999943 ], [ -79.210797224999965, -7.998824274999947 ], [ -79.227831987999934, -7.984662100999969 ], [ -79.284650362999969, -7.94432222599994 ], [ -79.281141737999974, -7.940443225999957 ], [ -79.27944748799996, -7.937085725999964 ], [ -79.276236237999967, -7.935621350999952 ], [ -79.277512362999971, -7.93318422599998 ], [ -79.274928862999957, -7.929941850999967 ], [ -79.274437237999962, -7.926375100999962 ], [ -79.272052487999986, -7.922661975999972 ], [ -79.269374862999939, -7.920329475999949 ], [ -79.268872862999956, -7.918671475999929 ], [ -79.267429362999962, -7.917756475999965 ], [ -79.266519362999986, -7.91475460099997 ], [ -79.264103237999961, -7.913185725999938 ], [ -79.264741237999942, -7.910131475999947 ], [ -79.263067737999961, -7.907872225999938 ], [ -79.262858487999949, -7.905686225999943 ], [ -79.265339487999938, -7.896629225999959 ], [ -79.263914987999954, -7.888626725999927 ], [ -79.256635112999959, -7.882717100999969 ], [ -79.248046237999972, -7.87255535099996 ], [ -79.230377112999975, -7.860144475999959 ], [ -79.22394623799994, -7.849138850999964 ], [ -79.221750362999956, -7.847073725999962 ], [ -79.217123237999942, -7.84526997599994 ], [ -79.215607112999976, -7.843701475999978 ], [ -79.206955812999979, -7.839080088999935 ] ] ] } },
{ "type": "Feature", "properties": { "ubigeo": "130208", "departamento": "LA LIBERTAD", "provincia": "ASCOPE", "capital": "CASA GRANDE", "distrito": "CASA GRANDE", "gasto_mef_2012": 17661600.01, "gasto_mef_2013": 19834331.940000013, "gasto_mef_2014": 26871304.4, "gasto_mef_2015": 10499322.19, "gasto_mef_2016": 10953240.16, "gasto_mef_2017": 14488462.64000001, "gasto_mef_2018": 11922691.369999984, "gasto_mef_2019": 15922206.159999987, "gasto_mef_2020": 29461410.59000001, "gasto_mef_2021": 36735974.85, "gasto_mef_2022": 14444869.43000001, "gasto_mef_2023": 14489462.06, "gasto_mef_2024": 16029196.349999985, "gasto_mef_2025": 21771683.24000001, "gasto_mef_2026": 6039030.04, "num_establecimientos_salud": 4, "num_ie_activas": 75, "num_ie_inactivas": 80, "num_ie_total": 155, "poblacion_2017": 29283, "ie_activas_per_1000hab": 2.5612129904722876, "establecimientos_salud_per_1000hab": 0.13659802615852201, "gasto_mef_2026_per_capita": 206.22989584400509, "gasto_mef_promedio_periodo": 17808319.028666664, "gasto_mef_promedio_per_capita": 608.14530712927854, "log_gasto_mef_2026": 15.613754133200658, "log_poblacion_2017": 10.284796570766533, "tendencia_gasto_mef": -126697.25467855611, "tendencia_gasto_mef_per_capita": -4.3266487271985836, "proporcion_ie_inactivas": 0.5161290322580645, "area_km2": 659.1708450890161, "densidad_poblacional": 44.423991470747694, "log_densidad_poblacional": 3.8160404119608655, "comunidad_louvain": 5, "cluster_graphsage": 4 }, "geometry": { "type": "Polygon", "coordinates": [ [ [ -79.187329362999947, -7.388664100999961 ], [ -79.188175237999985, -7.395412975999932 ], [ -79.187108237999951, -7.397637350999958 ], [ -79.181627987999946, -7.399777850999953 ], [ -79.17970123799995, -7.40471497599998 ], [ -79.178434487999937, -7.405936475999965 ], [ -79.174392737999938, -7.409080100999972 ], [ -79.170099862999962, -7.410076600999957 ], [ -79.168260112999974, -7.413372975999948 ], [ -79.161769613, -7.418381225999951 ], [ -79.159035487999972, -7.426200475999963 ], [ -79.156376487999978, -7.428929975999949 ], [ -79.154561487999956, -7.43480197599996 ], [ -79.154492237999989, -7.439134850999949 ], [ -79.150884237999946, -7.44005010099994 ], [ -79.122761737999951, -7.441644475999965 ], [ -79.065305862999935, -7.47324197599994 ], [ -79.069107737999957, -7.479622850999931 ], [ -79.068770237999956, -7.482724350999945 ], [ -79.07010448799997, -7.486798100999977 ], [ -79.071642112999939, -7.504601475999948 ], [ -79.06859998799996, -7.509618600999943 ], [ -79.065370987999984, -7.512960350999947 ], [ -79.06580798799996, -7.52244835099998 ], [ -79.064105612999981, -7.52758397599996 ], [ -79.067025362999971, -7.532794975999934 ], [ -79.068726612999967, -7.539529350999942 ], [ -79.074652362999984, -7.547474725999962 ], [ -79.090751987999965, -7.561867225999947 ], [ -79.095937487999947, -7.577746100999946 ], [ -79.09566786299996, -7.58104497599993 ], [ -79.096945362999975, -7.585335975999953 ], [ -79.101790987999948, -7.592165975999933 ], [ -79.104177737999976, -7.597302725999953 ], [ -79.108556612999962, -7.602890600999956 ], [ -79.11175198799998, -7.609974600999976 ], [ -79.115841737999972, -7.615363225999943 ], [ -79.131634737999946, -7.620140600999946 ], [ -79.137726612999984, -7.621261725999943 ], [ -79.151148488, -7.627566350999928 ], [ -79.165890612999988, -7.636109350999959 ], [ -79.176804737999987, -7.646101600999941 ], [ -79.181201112999986, -7.648099600999956 ], [ -79.188275362999946, -7.653173850999963 ], [ -79.195923487999949, -7.662004088999936 ], [ -79.192520042999945, -7.66432001499993 ], [ -79.189020042999971, -7.668310014999975 ], [ -79.184370042999944, -7.676220014999956 ], [ -79.178790042999935, -7.681550014999971 ], [ -79.172960042999989, -7.69704001499997 ], [ -79.171790042999987, -7.702610014999948 ], [ -79.165880042999959, -7.70703001499993 ], [ -79.157480042999964, -7.716680014999952 ], [ -79.154150042999959, -7.717850014999954 ], [ -79.150400042999934, -7.71718001499994 ], [ -79.149820042999977, -7.717850014999954 ], [ -79.151667446999966, -7.721120821999932 ], [ -79.150809466999988, -7.735154209999962 ], [ -79.147530677999953, -7.744976680999969 ], [ -79.127140431999976, -7.743983448999927 ], [ -79.121328329999983, -7.750557754999932 ], [ -79.125880612999936, -7.752650475999928 ], [ -79.128866112999958, -7.756560600999933 ], [ -79.135593487999984, -7.761524100999964 ], [ -79.14075848799996, -7.77248497599993 ], [ -79.151556247999963, -7.78422644699998 ], [ -79.161444630999938, -7.776228875999948 ], [ -79.176166944999977, -7.773995930999945 ], [ -79.18544736299998, -7.775206975999936 ], [ -79.18962836299994, -7.777048225999977 ], [ -79.19347436299995, -7.777081975999977 ], [ -79.194047737999938, -7.775957725999945 ], [ -79.191809488, -7.770310225999935 ], [ -79.19379523799995, -7.768473600999926 ], [ -79.194334737999952, -7.765649850999978 ], [ -79.198365849999959, -7.761622737999971 ], [ -79.22060221299995, -7.768099617999951 ], [ -79.224018159999957, -7.76417184099995 ], [ -79.224712362999981, -7.761577225999929 ], [ -79.224351612999953, -7.752332975999934 ], [ -79.222047237999959, -7.748152475999973 ], [ -79.221589237999979, -7.74410497599996 ], [ -79.222047237999959, -7.739658725999959 ], [ -79.224070862999952, -7.738846225999964 ], [ -79.225254616999962, -7.735181069999953 ], [ -79.242315497999982, -7.730459682999935 ], [ -79.273617075999937, -7.723354065999956 ], [ -79.272351829999934, -7.709026920999975 ], [ -79.276478612999938, -7.697820725999975 ], [ -79.27606673799994, -7.692243350999945 ], [ -79.276535987999978, -7.689297475999979 ], [ -79.277818862999936, -7.687074975999963 ], [ -79.276805612999965, -7.682838600999958 ], [ -79.280077487999961, -7.678727100999936 ], [ -79.280240112999934, -7.677480350999929 ], [ -79.278613862999975, -7.668807225999956 ], [ -79.278230487999963, -7.659766475999959 ], [ -79.30038336299998, -7.650150350999979 ], [ -79.301301487999979, -7.649297975999957 ], [ -79.302284862999954, -7.644904850999978 ], [ -79.310203595999951, -7.640315104999956 ], [ -79.311339849999968, -7.623284615999978 ], [ -79.309247487999983, -7.610356850999949 ], [ -79.302706737999983, -7.600390100999959 ], [ -79.301748112999974, -7.593922600999974 ], [ -79.30427298799998, -7.588197725999976 ], [ -79.307648487999984, -7.586239975999945 ], [ -79.309740862999945, -7.581503475999966 ], [ -79.312519175999967, -7.579785772999969 ], [ -79.309925737999947, -7.577567975999955 ], [ -79.30749061299997, -7.563978600999974 ], [ -79.302406737999945, -7.558171475999927 ], [ -79.300373862999948, -7.549763600999938 ], [ -79.298587737999981, -7.547861350999938 ], [ -79.292745737999951, -7.547444850999966 ], [ -79.291718612999944, -7.545474225999953 ], [ -79.292473237999957, -7.535265225999979 ], [ -79.290963862999945, -7.530611475999933 ], [ -79.293668112999967, -7.525580100999946 ], [ -79.29408736299996, -7.517551225999966 ], [ -79.296064487999956, -7.51294735099998 ], [ -79.291362112999934, -7.509773725999935 ], [ -79.287468362999959, -7.511086100999933 ], [ -79.28553773799996, -7.51311822599996 ], [ -79.283302112999934, -7.513956725999947 ], [ -79.269050612999933, -7.505827475999979 ], [ -79.261784987999988, -7.50470972599993 ], [ -79.263715737999973, -7.49853647599997 ], [ -79.267777362999936, -7.493403225999941 ], [ -79.267829782999968, -7.489716080999926 ], [ -79.263655060999952, -7.482180912999979 ], [ -79.25632088499998, -7.472070459999941 ], [ -79.25376939299997, -7.462672191999957 ], [ -79.252852665999967, -7.461749930999929 ], [ -79.249403333999965, -7.461219545999938 ], [ -79.245141831999945, -7.462408352999944 ], [ -79.241187886999967, -7.458603273999927 ], [ -79.239060247999987, -7.458422559999974 ], [ -79.23809132599996, -7.456179535999979 ], [ -79.240055558999984, -7.454063023999936 ], [ -79.241682200999946, -7.450050475999944 ], [ -79.236316612999985, -7.447363850999977 ], [ -79.234506987999964, -7.444048725999949 ], [ -79.230192612999986, -7.440304225999967 ], [ -79.228116737999983, -7.43242860099997 ], [ -79.226192737999952, -7.430513975999929 ], [ -79.225144237999984, -7.427952475999973 ], [ -79.219429362999961, -7.42815785099998 ], [ -79.214370987999985, -7.423447475999978 ], [ -79.211773987999948, -7.422070975999929 ], [ -79.211824987999989, -7.418069850999927 ], [ -79.208184362999987, -7.413858225999945 ], [ -79.205900112999984, -7.408147600999939 ], [ -79.207240362999983, -7.401734850999958 ], [ -79.197452987999952, -7.392228975999956 ], [ -79.187329362999947, -7.388664100999961 ] ] ] } },
{ "type": "Feature", "properties": { "ubigeo": "130301", "departamento": "LA LIBERTAD", "provincia": "BOLIVAR", "capital": "BOLIVAR", "distrito": "BOLIVAR", "gasto_mef_2012": 13798722.92, "gasto_mef_2013": 16979791.6, "gasto_mef_2014": 24943637.36, "gasto_mef_2015": 18488490.479999989, "gasto_mef_2016": 22800026.729999989, "gasto_mef_2017": 29675865.979999956, "gasto_mef_2018": 29520157.47, "gasto_mef_2019": 28133099.270000029, "gasto_mef_2020": 52407105.779999986, "gasto_mef_2021": 34750465.190000027, "gasto_mef_2022": 32101125.960000053, "gasto_mef_2023": 30116747.150000043, "gasto_mef_2024": 43682380.110000044, "gasto_mef_2025": 47836169.19000008, "gasto_mef_2026": 35495036.130000032, "num_establecimientos_salud": 2, "num_ie_activas": 67, "num_ie_inactivas": 23, "num_ie_total": 90, "poblacion_2017": 4879, "ie_activas_per_1000hab": 13.732322197171552, "establecimientos_salud_per_1000hab": 0.4099200655872105, "gasto_mef_2026_per_capita": 7275.0637692150094, "gasto_mef_promedio_periodo": 30715254.754666682, "gasto_mef_promedio_per_capita": 6295.3996217804224, "log_gasto_mef_2026": 17.384903445517903, "log_poblacion_2017": 8.4929004988471934, "tendencia_gasto_mef": 1921995.1530713397, "tendencia_gasto_mef_per_capita": 393.9321896026521, "proporcion_ie_inactivas": 0.25555555555555554, "area_km2": 737.96165829960751, "densidad_poblacional": 6.6114545994734577, "log_densidad_poblacional": 2.0296542967714655, "comunidad_louvain": 1, "cluster_graphsage": 3 }, "geometry": { "type": "Polygon", "coordinates": [ [ [ -77.729667361999986, -7.08080984999998 ], [ -77.722742736999976, -7.087363224999933 ], [ -77.717906736999964, -7.08869384999997 ], [ -77.714655611999945, -7.094481599999938 ], [ -77.713202111999976, -7.101612724999939 ], [ -77.713653361999945, -7.107095099999981 ], [ -77.710307486999966, -7.110901599999977 ], [ -77.696881111999971, -7.12036272499995 ], [ -77.694126236999978, -7.121210724999969 ], [ -77.689100737, -7.121324974999936 ], [ -77.683308236999949, -7.129884474999926 ], [ -77.681261861999985, -7.13164197499998 ], [ -77.667273236999961, -7.13677172499996 ], [ -77.65526061199995, -7.144040724999968 ], [ -77.653548236999939, -7.146094599999969 ], [ -77.643534486999954, -7.149000599999965 ], [ -77.64129573699995, -7.150709099999972 ], [ -77.639460111999938, -7.153767974999937 ], [ -77.639889736999976, -7.156924849999939 ], [ -77.638627611999937, -7.161197349999952 ], [ -77.634266361999948, -7.169414849999953 ], [ -77.632397236999964, -7.170406599999978 ], [ -77.628492611999945, -7.169577224999955 ], [ -77.621998861999941, -7.171668349999948 ], [ -77.615504236999982, -7.177997224999956 ], [ -77.615419236999969, -7.179442724999944 ], [ -77.618537236999941, -7.183241099999975 ], [ -77.621048736999967, -7.191630724999925 ], [ -77.614383361999955, -7.201470099999938 ], [ -77.612980986999958, -7.206368099999963 ], [ -77.610874361999947, -7.206692224999927 ], [ -77.609298611999975, -7.205595849999952 ], [ -77.607382361999953, -7.206112599999926 ], [ -77.607737861999965, -7.211547474999975 ], [ -77.605261611999936, -7.218030849999934 ], [ -77.605530236999982, -7.219161849999978 ], [ -77.616656236999972, -7.226448974999926 ], [ -77.623863236999966, -7.227332599999954 ], [ -77.633812486999943, -7.233097599999951 ], [ -77.636246111999981, -7.235675724999965 ], [ -77.638139236999962, -7.24340347499998 ], [ -77.640060486999971, -7.243423724999957 ], [ -77.643433611999967, -7.24133597499997 ], [ -77.646061361999955, -7.240770474999977 ], [ -77.647350611999968, -7.241514349999932 ], [ -77.645738861999973, -7.245878599999969 ], [ -77.645125486999973, -7.253454724999926 ], [ -77.643854236999971, -7.253714349999939 ], [ -77.641646111999989, -7.252184474999979 ], [ -77.637200486999973, -7.253509974999929 ], [ -77.642888736999964, -7.263450724999927 ], [ -77.643717111999933, -7.266460599999959 ], [ -77.646920236999961, -7.270050224999977 ], [ -77.644764736999946, -7.274014349999959 ], [ -77.639506361999963, -7.280514224999934 ], [ -77.637400111999966, -7.284935849999954 ], [ -77.636660861999985, -7.287962599999958 ], [ -77.637274611999942, -7.290333724999925 ], [ -77.634763986999985, -7.293039724999971 ], [ -77.635489236999945, -7.30037647499995 ], [ -77.634178111999972, -7.301966474999972 ], [ -77.63391448699997, -7.307576599999948 ], [ -77.628419236999946, -7.320808724999949 ], [ -77.629082111999935, -7.32359222499997 ], [ -77.631539736999969, -7.323730349999948 ], [ -77.634486736999975, -7.325359349999928 ], [ -77.632464236999965, -7.330746849999969 ], [ -77.632754736999971, -7.333450224999979 ], [ -77.634659986999964, -7.336625724999976 ], [ -77.634800611999935, -7.339970224999945 ], [ -77.639082236999968, -7.343256099999962 ], [ -77.639019861999941, -7.344939099999976 ], [ -77.634825861999957, -7.350128599999948 ], [ -77.635709361999943, -7.357446099999947 ], [ -77.631485736999934, -7.376246225999978 ], [ -77.629415236999989, -7.381498475999933 ], [ -77.626974361999942, -7.384440600999937 ], [ -77.624773111999957, -7.390695600999948 ], [ -77.622571986999958, -7.393572475999974 ], [ -77.621678361999955, -7.397364600999936 ], [ -77.624746861999938, -7.401130100999978 ], [ -77.627061486999935, -7.410114100999976 ], [ -77.630833611999947, -7.413605350999944 ], [ -77.631871111999942, -7.415990225999963 ], [ -77.635168861999944, -7.419463725999947 ], [ -77.638459736999948, -7.420814975999974 ], [ -77.643712111999946, -7.425565850999931 ], [ -77.64982148699994, -7.427415350999979 ], [ -77.659979986999986, -7.436339975999942 ], [ -77.662749986999984, -7.432509975999949 ], [ -77.663549986999953, -7.429919975999951 ], [ -77.666709986999933, -7.426139975999945 ], [ -77.668029986999954, -7.422449975999939 ], [ -77.670249986999977, -7.420079975999954 ], [ -77.669309986999963, -7.417019975999949 ], [ -77.673849986999983, -7.407779975999972 ], [ -77.684629986999937, -7.399309975999927 ], [ -77.693299986999989, -7.402089975999957 ], [ -77.695259986999986, -7.401519975999975 ], [ -77.69926998699998, -7.402319975999944 ], [ -77.707439986999987, -7.406829975999926 ], [ -77.720209986999976, -7.40767997599994 ], [ -77.72466998699997, -7.411019975999977 ], [ -77.727259986999968, -7.41063997599997 ], [ -77.734709986999974, -7.411719975999972 ], [ -77.737279986999965, -7.413209975999962 ], [ -77.741889986999979, -7.418389975999958 ], [ -77.748109986999964, -7.41955997599996 ], [ -77.751829986999951, -7.42770997599996 ], [ -77.753899986999954, -7.42946997599995 ], [ -77.763219986999957, -7.432979975999956 ], [ -77.764399986999933, -7.434189975999971 ], [ -77.765659986999935, -7.438989975999959 ], [ -77.767259986999989, -7.439179975999934 ], [ -77.768206486999986, -7.438242475999971 ], [ -77.768659236999952, -7.43505860099998 ], [ -77.772628736999934, -7.43026710099997 ], [ -77.773921111999982, -7.426470850999976 ], [ -77.773476861999939, -7.424209350999945 ], [ -77.771255611999948, -7.421140100999935 ], [ -77.771630736999953, -7.418814100999953 ], [ -77.774392361999958, -7.418542975999969 ], [ -77.776908236999986, -7.417247975999942 ], [ -77.781491111999969, -7.410190350999926 ], [ -77.784659361999957, -7.409377225999947 ], [ -77.791569236999976, -7.405511225999931 ], [ -77.801423111999952, -7.402441975999977 ], [ -77.803926986999954, -7.397514975999968 ], [ -77.813444986999968, -7.392539850999981 ], [ -77.819192361999967, -7.384389975999966 ], [ -77.824995736999938, -7.378663850999942 ], [ -77.825005236999971, -7.373545474999958 ], [ -77.820797736999964, -7.368649349999941 ], [ -77.823950611999976, -7.362418849999926 ], [ -77.825801486999978, -7.35470322499998 ], [ -77.829602486999988, -7.347638599999925 ], [ -77.82892536199995, -7.344413349999968 ], [ -77.831420111999989, -7.342506599999979 ], [ -77.83659886199996, -7.342041224999946 ], [ -77.838371736999989, -7.341119349999929 ], [ -77.835536361999971, -7.331208974999981 ], [ -77.83690848699996, -7.326041349999969 ], [ -77.834057361999953, -7.324455349999937 ], [ -77.83500173699997, -7.320499474999963 ], [ -77.832845611999971, -7.317559099999926 ], [ -77.83101748699994, -7.311377599999958 ], [ -77.832827861999988, -7.304550974999927 ], [ -77.837639111999977, -7.300256474999969 ], [ -77.838939861999961, -7.29699547499996 ], [ -77.839153736999947, -7.291596099999936 ], [ -77.841488986999934, -7.288769599999966 ], [ -77.845546486999979, -7.286619349999967 ], [ -77.849640861999944, -7.285692474999962 ], [ -77.853489236999962, -7.28635259999993 ], [ -77.856810861999975, -7.282620974999929 ], [ -77.856443486999979, -7.278253474999929 ], [ -77.854407236999975, -7.272065974999975 ], [ -77.855405111999971, -7.269446474999938 ], [ -77.858153611999967, -7.268217849999928 ], [ -77.859439861999988, -7.266012849999981 ], [ -77.859427736999976, -7.25402347499994 ], [ -77.856991111999946, -7.248294599999952 ], [ -77.856400986999972, -7.244259724999949 ], [ -77.854227112, -7.241575974999932 ], [ -77.850201861999949, -7.23888597499996 ], [ -77.849239611999963, -7.235571474999972 ], [ -77.854603361999978, -7.230884974999981 ], [ -77.858053236999979, -7.231099099999938 ], [ -77.860778361999962, -7.229843974999937 ], [ -77.864102861999982, -7.226372474999948 ], [ -77.870016736999958, -7.22864522499998 ], [ -77.873420986999975, -7.225092349999954 ], [ -77.882009736999976, -7.22054959999997 ], [ -77.88309673699996, -7.217858849999971 ], [ -77.881128486999955, -7.210443724999948 ], [ -77.882472486999973, -7.202617974999953 ], [ -77.866789986999947, -7.205309974999977 ], [ -77.864419986999962, -7.208669974999964 ], [ -77.859319986999935, -7.208549974999926 ], [ -77.85551998699998, -7.204229974999976 ], [ -77.853739986999983, -7.199969974999931 ], [ -77.843239986999947, -7.194249974999934 ], [ -77.839919986999973, -7.193239974999926 ], [ -77.832189986999936, -7.19626997499995 ], [ -77.830539986999952, -7.195149974999936 ], [ -77.827019986999971, -7.194619974999966 ], [ -77.82306998699994, -7.190759974999935 ], [ -77.819349986999953, -7.190089974999978 ], [ -77.817759986999988, -7.18767997499998 ], [ -77.813099986999987, -7.186339974999953 ], [ -77.811459986999978, -7.18411997499993 ], [ -77.808879986999955, -7.18346997499998 ], [ -77.808069986999953, -7.182219974999953 ], [ -77.802489986999944, -7.180379974999937 ], [ -77.794679986999938, -7.180869974999951 ], [ -77.788189986999953, -7.177199974999951 ], [ -77.787370109999983, -7.175800179999953 ], [ -77.789209986999936, -7.174539974999959 ], [ -77.792319986999985, -7.166149974999939 ], [ -77.797969986999988, -7.158499974999927 ], [ -77.799849986999959, -7.15161997499996 ], [ -77.803669986999978, -7.145189974999937 ], [ -77.807029986999964, -7.135649974999978 ], [ -77.809369986999968, -7.133009974999936 ], [ -77.811829986999953, -7.120899974999929 ], [ -77.810669986999983, -7.118729974999951 ], [ -77.807956236999985, -7.116829349999932 ], [ -77.808560486999966, -7.114615224999966 ], [ -77.806008611999971, -7.115152849999959 ], [ -77.802299611999956, -7.118946349999931 ], [ -77.799318611999979, -7.120047599999964 ], [ -77.797481361999985, -7.120008474999963 ], [ -77.792939236999985, -7.117487474999962 ], [ -77.787352486999964, -7.118032599999935 ], [ -77.780539236999971, -7.106836224999938 ], [ -77.778568611999958, -7.100119474999929 ], [ -77.772158986999955, -7.097979099999975 ], [ -77.761734861999969, -7.099818599999935 ], [ -77.755353111999966, -7.095253724999964 ], [ -77.753286486999968, -7.09025747499993 ], [ -77.753163861999951, -7.083961099999954 ], [ -77.752491611999972, -7.083194474999971 ], [ -77.749002236999956, -7.08230597499994 ], [ -77.743920236999941, -7.083460724999952 ], [ -77.737388986999974, -7.083330724999939 ], [ -77.729667361999986, -7.08080984999998 ] ] ] } },
{ "type": "Feature", "properties": { "ubigeo": "130302", "departamento": "LA LIBERTAD", "provincia": "BOLIVAR", "capital": "BAMBAMARCA", "distrito": "BAMBAMARCA", "gasto_mef_2012": 3342078.72, "gasto_mef_2013": 2287483.08, "gasto_mef_2014": 6156803.65, "gasto_mef_2015": 11407456.79, "gasto_mef_2016": 3541883.22, "gasto_mef_2017": 8681768.71, "gasto_mef_2018": 11676912.95, "gasto_mef_2019": 2389943.3, "gasto_mef_2020": 2022792.24, "gasto_mef_2021": 1753308.59, "gasto_mef_2022": 4665829.2, "gasto_mef_2023": 11161874.31000001, "gasto_mef_2024": 5011618.8, "gasto_mef_2025": 4951113.11, "gasto_mef_2026": 1311893.23, "num_establecimientos_salud": 2, "num_ie_activas": 30, "num_ie_inactivas": 8, "num_ie_total": 38, "poblacion_2017": 3175, "ie_activas_per_1000hab": 9.4488188976377945, "establecimientos_salud_per_1000hab": 0.62992125984251968, "gasto_mef_2026_per_capita": 413.19471811023612, "gasto_mef_promedio_periodo": 5357517.3266666671, "gasto_mef_promedio_per_capita": 1687.4070320209976, "log_gasto_mef_2026": 14.086982627858367, "log_poblacion_2017": 8.0633778223670269, "tendencia_gasto_mef": -89560.62653569231, "tendencia_gasto_mef_per_capita": -28.208071349824351, "proporcion_ie_inactivas": 0.21052631578947367, "area_km2": 164.68338546852817, "densidad_poblacional": 19.279419055948171, "log_densidad_poblacional": 3.0096065321562717, "comunidad_louvain": 7, "cluster_graphsage": 1 }, "geometry": { "type": "Polygon", "coordinates": [ [ [ -77.684349986999962, -7.399409975999959 ], [ -77.673849986999983, -7.407779975999972 ], [ -77.669309986999963, -7.417019975999949 ], [ -77.670249986999977, -7.420079975999954 ], [ -77.668029986999954, -7.422449975999939 ], [ -77.666709986999933, -7.426139975999945 ], [ -77.663549986999953, -7.429919975999951 ], [ -77.662749986999984, -7.432509975999949 ], [ -77.659979986999986, -7.436339975999942 ], [ -77.64982148699994, -7.427415350999979 ], [ -77.643712111999946, -7.425565850999931 ], [ -77.638459736999948, -7.420814975999974 ], [ -77.635168861999944, -7.419463725999947 ], [ -77.630783236999946, -7.414048850999961 ], [ -77.627905236999936, -7.414362600999937 ], [ -77.621592861999943, -7.417199475999951 ], [ -77.618133736999937, -7.417482475999975 ], [ -77.614573611999958, -7.419206600999928 ], [ -77.613292611999952, -7.421161975999951 ], [ -77.614226236999968, -7.42489622599993 ], [ -77.612101111999948, -7.428114600999947 ], [ -77.610712986999943, -7.434244100999933 ], [ -77.606839986999944, -7.436903850999954 ], [ -77.59939811199996, -7.446345225999949 ], [ -77.598392861999969, -7.451145100999952 ], [ -77.599649611999951, -7.455075850999947 ], [ -77.599259486999983, -7.458914350999976 ], [ -77.604516861999969, -7.458542100999978 ], [ -77.607770736999953, -7.461330725999971 ], [ -77.613493236999943, -7.462046100999942 ], [ -77.615549986999952, -7.461240600999929 ], [ -77.620439861999955, -7.462167225999963 ], [ -77.623119361999954, -7.466398475999938 ], [ -77.631111361999956, -7.465214850999928 ], [ -77.631771736999951, -7.468240600999934 ], [ -77.633834986999943, -7.471861850999971 ], [ -77.632251986999961, -7.479100975999927 ], [ -77.63233923699994, -7.483810975999972 ], [ -77.636899611999979, -7.48688735099995 ], [ -77.639651736999951, -7.486591225999973 ], [ -77.642140861999962, -7.491087350999976 ], [ -77.646283736999976, -7.501989975999948 ], [ -77.652018361999978, -7.505718600999955 ], [ -77.654307986999981, -7.508226225999977 ], [ -77.65738248699995, -7.508945850999964 ], [ -77.660347986999966, -7.511344350999934 ], [ -77.663269986999978, -7.512478225999928 ], [ -77.676113236999981, -7.514266225999961 ], [ -77.679754736999939, -7.513372225999944 ], [ -77.684072111999967, -7.515312975999962 ], [ -77.686645111999951, -7.519913850999956 ], [ -77.687062111999978, -7.527215850999937 ], [ -77.693725736999966, -7.536448850999932 ], [ -77.694369986999959, -7.54246997599995 ], [ -77.69684998699995, -7.542039975999955 ], [ -77.702139986999953, -7.545119975999967 ], [ -77.707649986999968, -7.550849975999938 ], [ -77.708139986999981, -7.552269975999934 ], [ -77.706949986999973, -7.553539975999968 ], [ -77.707148611999969, -7.556612600999927 ], [ -77.71254648699994, -7.553025600999945 ], [ -77.714070111999945, -7.55071585099995 ], [ -77.715690611999946, -7.545213725999929 ], [ -77.720855986999936, -7.541132350999931 ], [ -77.720868361999976, -7.529891100999976 ], [ -77.724348986999985, -7.524389850999967 ], [ -77.731669236999949, -7.519771225999932 ], [ -77.733478736999984, -7.513635975999932 ], [ -77.736199986999964, -7.511607975999937 ], [ -77.742175611999983, -7.509083100999931 ], [ -77.743775236999966, -7.506829100999937 ], [ -77.742911486999958, -7.501921350999964 ], [ -77.744946486999936, -7.498030100999927 ], [ -77.744899611999983, -7.496043225999927 ], [ -77.742539736999959, -7.493923225999936 ], [ -77.741747111999985, -7.49106547599996 ], [ -77.742205986999977, -7.48770697599997 ], [ -77.745674736999945, -7.480435100999955 ], [ -77.746137111999985, -7.47728322599994 ], [ -77.742504986999961, -7.47222172599993 ], [ -77.741371611999966, -7.466694725999957 ], [ -77.745103736999965, -7.463738100999933 ], [ -77.748046486999954, -7.455048975999944 ], [ -77.755421361999936, -7.441045975999941 ], [ -77.757603611999969, -7.440135600999952 ], [ -77.761193986999956, -7.441149100999951 ], [ -77.766640611999946, -7.441068350999956 ], [ -77.768012486999964, -7.440147350999951 ], [ -77.768206486999986, -7.438242475999971 ], [ -77.767039986999976, -7.43934997599996 ], [ -77.765939986999967, -7.439229975999979 ], [ -77.76459998699994, -7.436779975999968 ], [ -77.764399986999933, -7.434189975999971 ], [ -77.763219986999957, -7.432979975999956 ], [ -77.753899986999954, -7.42946997599995 ], [ -77.751829986999951, -7.42770997599996 ], [ -77.748109986999964, -7.41955997599996 ], [ -77.741889986999979, -7.418389975999958 ], [ -77.737279986999965, -7.413209975999962 ], [ -77.734709986999974, -7.411719975999972 ], [ -77.727259986999968, -7.41063997599997 ], [ -77.72466998699997, -7.411019975999977 ], [ -77.720209986999976, -7.40767997599994 ], [ -77.707439986999987, -7.406829975999926 ], [ -77.69926998699998, -7.402319975999944 ], [ -77.695259986999986, -7.401519975999975 ], [ -77.693299986999989, -7.402089975999957 ], [ -77.684349986999962, -7.399409975999959 ] ] ] } },
{ "type": "Feature", "properties": { "ubigeo": "130303", "departamento": "LA LIBERTAD", "provincia": "BOLIVAR", "capital": "NUEVO CONDORMARCA /11", "distrito": "CONDORMARCA", "gasto_mef_2012": 4081653.1, "gasto_mef_2013": 1890564.8, "gasto_mef_2014": 1758280.19, "gasto_mef_2015": 2664463.2, "gasto_mef_2016": 1931588.32, "gasto_mef_2017": 1623894.01, "gasto_mef_2018": 3258645.3, "gasto_mef_2019": 1769590.54, "gasto_mef_2020": 1885120.9999999993, "gasto_mef_2021": 3545113.01, "gasto_mef_2022": 4589789.9, "gasto_mef_2023": 3478371.76, "gasto_mef_2024": 4571717.0, "gasto_mef_2025": 6758763.93, "gasto_mef_2026": 1528215.17, "num_establecimientos_salud": 1, "num_ie_activas": 24, "num_ie_inactivas": 4, "num_ie_total": 28, "poblacion_2017": 2119, "ie_activas_per_1000hab": 11.326097215667769, "establecimientos_salud_per_1000hab": 0.47192071731949037, "gasto_mef_2026_per_capita": 721.19639924492685, "gasto_mef_promedio_periodo": 3022384.7486666664, "gasto_mef_promedio_per_capita": 1426.3259786062606, "log_gasto_mef_2026": 14.239611711215399, "log_poblacion_2017": 7.6591713676660582, "tendencia_gasto_mef": 139648.09285710979, "tendencia_gasto_mef_per_capita": 65.902828153426043, "proporcion_ie_inactivas": 0.14285714285714285, "area_km2": 324.35935972915195, "densidad_poblacional": 6.5328776137966766, "log_densidad_poblacional": 2.019277122036506, "comunidad_louvain": 7, "cluster_graphsage": 1 }, "geometry": { "type": "Polygon", "coordinates": [ [ [ -77.591867236999974, -7.443507100999966 ], [ -77.584666486999936, -7.449941100999979 ], [ -77.580588236999972, -7.451820350999981 ], [ -77.577899861999981, -7.452037100999974 ], [ -77.573254236999958, -7.455286600999955 ], [ -77.569319736999944, -7.456600850999962 ], [ -77.559659986999975, -7.46418747599995 ], [ -77.560614986999951, -7.46895460099995 ], [ -77.557381861999943, -7.471701975999963 ], [ -77.556895486999963, -7.475827100999936 ], [ -77.55430348699997, -7.478388350999978 ], [ -77.553490111999963, -7.485150725999972 ], [ -77.551244611999948, -7.488908850999962 ], [ -77.550293611999962, -7.494835600999977 ], [ -77.547852236999972, -7.496493975999954 ], [ -77.544903986999941, -7.49620222599998 ], [ -77.542662236999945, -7.497123475999956 ], [ -77.54258548699994, -7.500470850999932 ], [ -77.540861361999987, -7.50536272599993 ], [ -77.539076861999945, -7.507385350999925 ], [ -77.533925361999934, -7.508654975999946 ], [ -77.530102111999952, -7.505844975999935 ], [ -77.526917736999962, -7.50483935099993 ], [ -77.522872736999943, -7.506338350999954 ], [ -77.521388736999938, -7.509552600999939 ], [ -77.521314486999984, -7.511330100999942 ], [ -77.524841361999961, -7.511765475999937 ], [ -77.529127736999953, -7.516192350999972 ], [ -77.528627986999936, -7.523748600999966 ], [ -77.530019986999946, -7.526346600999943 ], [ -77.530194236999989, -7.538888475999954 ], [ -77.531253611999944, -7.54083985099993 ], [ -77.535629736999965, -7.543832725999948 ], [ -77.53414036199996, -7.546565850999968 ], [ -77.533743111999968, -7.554384850999952 ], [ -77.53696561199996, -7.557344850999925 ], [ -77.537641236999946, -7.558542725999928 ], [ -77.537364861999947, -7.560768975999963 ], [ -77.540788986999985, -7.564177600999926 ], [ -77.540558611999984, -7.567217975999938 ], [ -77.536931611999989, -7.571292975999938 ], [ -77.540297611999961, -7.574849350999955 ], [ -77.54006723699996, -7.577413600999932 ], [ -77.538378236999961, -7.580868350999936 ], [ -77.536704611999937, -7.582280975999936 ], [ -77.530341736999958, -7.578875100999937 ], [ -77.526730486999952, -7.579153600999973 ], [ -77.524212986999942, -7.577400850999936 ], [ -77.522248486999956, -7.577059600999974 ], [ -77.520036986999969, -7.577330100999973 ], [ -77.519119361999969, -7.58062397599997 ], [ -77.515766736999979, -7.583647225999925 ], [ -77.513518861999955, -7.582373100999973 ], [ -77.508720236999977, -7.581741475999934 ], [ -77.507499861999975, -7.582526725999969 ], [ -77.505872236999949, -7.586181100999966 ], [ -77.500835861999974, -7.582127475999926 ], [ -77.496944736999978, -7.582741475999967 ], [ -77.492740736999963, -7.590456975999928 ], [ -77.491312611999945, -7.594976475999943 ], [ -77.485763611999971, -7.603992225999946 ], [ -77.48722973699995, -7.607008225999948 ], [ -77.491667736999943, -7.610177975999932 ], [ -77.495247111999959, -7.614134975999946 ], [ -77.49790498699997, -7.614178850999963 ], [ -77.501043361999962, -7.612880975999929 ], [ -77.504407111999967, -7.615333225999962 ], [ -77.505375236999953, -7.615257600999939 ], [ -77.509250111999961, -7.611801725999953 ], [ -77.51230461199998, -7.611286850999932 ], [ -77.516482611999947, -7.612793600999964 ], [ -77.521686611999939, -7.612684225999942 ], [ -77.525392611999962, -7.615396350999958 ], [ -77.528388736999943, -7.615950100999953 ], [ -77.529155486999969, -7.620962475999931 ], [ -77.524995111999942, -7.62516547599995 ], [ -77.522704236999971, -7.633407225999974 ], [ -77.526220111999976, -7.637131850999936 ], [ -77.528681611999957, -7.641730725999935 ], [ -77.531605486999979, -7.643230100999972 ], [ -77.537138236999965, -7.644386850999979 ], [ -77.538603361999947, -7.648897850999958 ], [ -77.53771661199994, -7.65090272599997 ], [ -77.535229861999937, -7.651191850999965 ], [ -77.531374486999937, -7.653435850999927 ], [ -77.53188886199996, -7.662570100999972 ], [ -77.535478611999963, -7.666064225999946 ], [ -77.542352611999945, -7.66962485099998 ], [ -77.544805611999948, -7.671848725999951 ], [ -77.549127361999979, -7.672147350999978 ], [ -77.55235436199996, -7.673840475999953 ], [ -77.559179736999965, -7.673562725999943 ], [ -77.561449986999946, -7.670129975999942 ], [ -77.564359986999989, -7.669539975999953 ], [ -77.56674998699998, -7.667849975999957 ], [ -77.570059986999979, -7.662069975999941 ], [ -77.573439986999972, -7.662019975999954 ], [ -77.574869986999943, -7.659399975999975 ], [ -77.576589986999977, -7.65976997599995 ], [ -77.584999986999946, -7.655059975999961 ], [ -77.592529986999978, -7.655169975999968 ], [ -77.606069986999955, -7.647039975999974 ], [ -77.611479986999939, -7.640929975999939 ], [ -77.612669986999947, -7.638199975999953 ], [ -77.614029986999981, -7.63770997599994 ], [ -77.615889986999946, -7.633279975999926 ], [ -77.617849986999943, -7.631539975999942 ], [ -77.618299986999943, -7.628879975999951 ], [ -77.622039986999937, -7.622169975999952 ], [ -77.62530998699998, -7.61965997599998 ], [ -77.630789986999957, -7.617239975999951 ], [ -77.631259986999964, -7.615849975999936 ], [ -77.632979986999942, -7.61451997599994 ], [ -77.63685998699998, -7.614149975999965 ], [ -77.644369986999948, -7.610729975999959 ], [ -77.649629986999969, -7.61048997599994 ], [ -77.652359986999954, -7.608329975999936 ], [ -77.654749986999946, -7.608509975999937 ], [ -77.657509986999969, -7.60723997599996 ], [ -77.667769986999986, -7.607349975999966 ], [ -77.66995998699997, -7.604869975999975 ], [ -77.674029986999983, -7.603109975999928 ], [ -77.677879986999983, -7.603089975999978 ], [ -77.683509986999979, -7.601179975999969 ], [ -77.686949986999934, -7.599109975999966 ], [ -77.691639986999974, -7.594359975999964 ], [ -77.699749986999961, -7.593229975999975 ], [ -77.701445611999986, -7.593642600999942 ], [ -77.698938486999964, -7.587358600999949 ], [ -77.70016136199996, -7.580063350999978 ], [ -77.697605111999962, -7.569149100999937 ], [ -77.698197736999987, -7.564552975999959 ], [ -77.700705611999979, -7.563465350999934 ], [ -77.704318361999981, -7.563860850999959 ], [ -77.705664611999964, -7.562821600999939 ], [ -77.707148611999969, -7.556612600999927 ], [ -77.706949986999973, -7.553539975999968 ], [ -77.707979986999987, -7.552759975999948 ], [ -77.708069986999988, -7.551569975999939 ], [ -77.702139986999953, -7.545119975999967 ], [ -77.69684998699995, -7.542039975999955 ], [ -77.694369986999959, -7.54246997599995 ], [ -77.693725736999966, -7.536448850999932 ], [ -77.687062111999978, -7.527215850999937 ], [ -77.686645111999951, -7.519913850999956 ], [ -77.684072111999967, -7.515312975999962 ], [ -77.679754736999939, -7.513372225999944 ], [ -77.676113236999981, -7.514266225999961 ], [ -77.663269986999978, -7.512478225999928 ], [ -77.660347986999966, -7.511344350999934 ], [ -77.65738248699995, -7.508945850999964 ], [ -77.654307986999981, -7.508226225999977 ], [ -77.652018361999978, -7.505718600999955 ], [ -77.647482986999989, -7.50329822599997 ], [ -77.644124986999941, -7.497541725999952 ], [ -77.642140861999962, -7.491087350999976 ], [ -77.639651736999951, -7.486591225999973 ], [ -77.636899611999979, -7.48688735099995 ], [ -77.63233923699994, -7.483810975999972 ], [ -77.632251986999961, -7.479100975999927 ], [ -77.633834986999943, -7.471861850999971 ], [ -77.631771736999951, -7.468240600999934 ], [ -77.631111361999956, -7.465214850999928 ], [ -77.623119361999954, -7.466398475999938 ], [ -77.620439861999955, -7.462167225999963 ], [ -77.615549986999952, -7.461240600999929 ], [ -77.613493236999943, -7.462046100999942 ], [ -77.607770736999953, -7.461330725999971 ], [ -77.604516861999969, -7.458542100999978 ], [ -77.599445611999954, -7.459239975999935 ], [ -77.599649611999951, -7.455075850999947 ], [ -77.598392861999969, -7.451145100999952 ], [ -77.598968236999951, -7.448510350999925 ], [ -77.594929861999958, -7.44428772599997 ], [ -77.591867236999974, -7.443507100999966 ] ] ] } },
{ "type": "Feature", "properties": { "ubigeo": "130304", "departamento": "LA LIBERTAD", "provincia": "BOLIVAR", "capital": "LONGOTEA", "distrito": "LONGOTEA", "gasto_mef_2012": 1342786.83, "gasto_mef_2013": 1214871.6, "gasto_mef_2014": 1607205.02, "gasto_mef_2015": 1184688.48, "gasto_mef_2016": 3255191.86, "gasto_mef_2017": 1251921.56, "gasto_mef_2018": 1349032.93, "gasto_mef_2019": 2947308.68, "gasto_mef_2020": 1100491.68, "gasto_mef_2021": 1779783.49, "gasto_mef_2022": 14539241.15, "gasto_mef_2023": 24597607.01, "gasto_mef_2024": 11446150.87000001, "gasto_mef_2025": 5308495.85, "gasto_mef_2026": 1659227.5, "num_establecimientos_salud": 2, "num_ie_activas": 24, "num_ie_inactivas": 5, "num_ie_total": 29, "poblacion_2017": 2298, "ie_activas_per_1000hab": 10.443864229765014, "establecimientos_salud_per_1000hab": 0.8703220191470844, "gasto_mef_2026_per_capita": 722.0311140121845, "gasto_mef_promedio_periodo": 4972266.9673333326, "gasto_mef_promedio_per_capita": 2163.7367133739481, "log_gasto_mef_2026": 14.321863293262625, "log_poblacion_2017": 7.7402295247631816, "tendencia_gasto_mef": 729580.58585706947, "tendencia_gasto_mef_per_capita": 317.48502430681873, "proporcion_ie_inactivas": 0.17241379310344829, "area_km2": 189.28234199893654, "densidad_poblacional": 12.140593653542764, "log_densidad_poblacional": 2.5757061911487624, "comunidad_louvain": 1, "cluster_graphsage": 3 }, "geometry": { "type": "Polygon", "coordinates": [ [ [ -77.992139986999973, -6.964009974999954 ], [ -77.983579986999985, -6.963089974999946 ], [ -77.980999986999961, -6.965329974999975 ], [ -77.978129986999988, -6.966189974999963 ], [ -77.974359986999957, -6.96963997499995 ], [ -77.967429986999946, -6.972499974999948 ], [ -77.961859986999968, -6.976639974999955 ], [ -77.949154236999959, -6.973431599999969 ], [ -77.945819986999936, -6.973869974999957 ], [ -77.942649986999982, -6.975899974999948 ], [ -77.939819986999964, -6.976139974999967 ], [ -77.937289986999986, -6.978969974999927 ], [ -77.93493998699995, -6.97969997499996 ], [ -77.933399986999973, -6.983659974999966 ], [ -77.930739986999981, -6.986169974999939 ], [ -77.931119111999976, -6.99095484999998 ], [ -77.930256111999938, -6.992985224999927 ], [ -77.921439861999943, -6.995771849999926 ], [ -77.916773861999957, -6.999610599999926 ], [ -77.908370611999942, -7.004617099999962 ], [ -77.899865236999972, -7.006833474999951 ], [ -77.896301986999958, -7.008709974999931 ], [ -77.884784861999947, -7.018562849999967 ], [ -77.879183611999963, -7.018811224999979 ], [ -77.877389986999958, -7.022414474999948 ], [ -77.877719236999951, -7.025991599999941 ], [ -77.876838361999944, -7.028330349999976 ], [ -77.866706861999944, -7.030943474999958 ], [ -77.86400211199998, -7.029291099999966 ], [ -77.862739986999941, -7.033619974999965 ], [ -77.861259986999983, -7.035289974999955 ], [ -77.855589986999973, -7.036229974999969 ], [ -77.853549986999951, -7.035409974999936 ], [ -77.848859986999969, -7.046199974999979 ], [ -77.843289986999935, -7.050129974999948 ], [ -77.838509986999952, -7.055539974999931 ], [ -77.828289986999948, -7.061969974999954 ], [ -77.822989986999971, -7.063469974999975 ], [ -77.813512486999969, -7.070417974999941 ], [ -77.812818861999972, -7.072567099999958 ], [ -77.81536198699996, -7.073628849999977 ], [ -77.817665361999957, -7.07857972499994 ], [ -77.814727736999941, -7.088559349999969 ], [ -77.824147236999977, -7.095464849999928 ], [ -77.824230486999966, -7.097790974999953 ], [ -77.828944111999988, -7.106792724999934 ], [ -77.828951486999983, -7.108456349999926 ], [ -77.827640861999953, -7.110741599999926 ], [ -77.82792098699997, -7.112832974999947 ], [ -77.840172736999989, -7.104037974999926 ], [ -77.843061861999956, -7.104379724999944 ], [ -77.845526861999986, -7.103094474999978 ], [ -77.848748986999965, -7.103499349999936 ], [ -77.857490111999937, -7.101660974999959 ], [ -77.864472236999973, -7.097653849999972 ], [ -77.867412611999953, -7.097002349999968 ], [ -77.877180611999961, -7.100748099999976 ], [ -77.885541861999968, -7.099897974999976 ], [ -77.88765998699995, -7.098699974999931 ], [ -77.889609986999972, -7.10460997499996 ], [ -77.885609986999953, -7.112929974999929 ], [ -77.887369986999943, -7.121279974999936 ], [ -77.885889986999985, -7.124109974999953 ], [ -77.885309986999971, -7.130599974999939 ], [ -77.886159986999985, -7.133479974999943 ], [ -77.885559986999965, -7.137129974999937 ], [ -77.887079986999936, -7.137879974999976 ], [ -77.889609986999972, -7.143839974999935 ], [ -77.896719986999983, -7.150109974999964 ], [ -77.904319986999951, -7.154569974999959 ], [ -77.910485361999974, -7.162065849999976 ], [ -77.917204111999979, -7.160419599999955 ], [ -77.924495736999972, -7.15588697499993 ], [ -77.926203861999966, -7.152786224999943 ], [ -77.925266361999945, -7.139363724999953 ], [ -77.92832423699997, -7.120388974999969 ], [ -77.929187861999935, -7.118753599999934 ], [ -77.928653236999935, -7.114258224999958 ], [ -77.929740236999976, -7.105546724999954 ], [ -77.939392861999977, -7.096986099999981 ], [ -77.940595611999981, -7.092956474999937 ], [ -77.940850361999935, -7.08786159999994 ], [ -77.949287111999979, -7.078424724999934 ], [ -77.949591611999949, -7.076510474999964 ], [ -77.947718486999975, -7.06933322499998 ], [ -77.948365361999947, -7.06680472499994 ], [ -77.95224623699994, -7.063443099999972 ], [ -77.958312861999957, -7.053897349999943 ], [ -77.963176611999984, -7.053437849999966 ], [ -77.965921112, -7.05077397499997 ], [ -77.966217111999981, -7.045284974999959 ], [ -77.965261486999964, -7.038294849999943 ], [ -77.96655511199998, -7.034521724999934 ], [ -77.969001986999956, -7.032571349999955 ], [ -77.970808611999985, -7.02902359999996 ], [ -77.971122236999975, -7.025887349999948 ], [ -77.973689986999943, -7.023721474999945 ], [ -77.978237486999944, -7.024574099999938 ], [ -77.97984661199996, -7.021424599999932 ], [ -77.978688236999972, -7.016782599999942 ], [ -77.979573986999981, -7.014888974999963 ], [ -77.985127236999972, -7.014214849999973 ], [ -77.987195111999938, -7.012597849999963 ], [ -77.988280861999954, -7.006215849999933 ], [ -77.985522111999956, -7.004161974999931 ], [ -77.985298111999953, -7.000935099999936 ], [ -77.991024861999961, -6.99797097499993 ], [ -77.991080236999949, -6.995319599999959 ], [ -77.993102861999944, -6.992892599999948 ], [ -77.999217986999952, -6.990394099999946 ], [ -78.000812236999934, -6.988490599999977 ], [ -78.000883611999939, -6.983089224999958 ], [ -77.997314486999983, -6.984516849999977 ], [ -77.996029486999987, -6.984255099999928 ], [ -77.994333611999934, -6.981497849999926 ], [ -77.993620986999986, -6.977895599999954 ], [ -77.988554736999959, -6.97662272499997 ], [ -77.988720236999939, -6.975018849999969 ], [ -77.993926361999968, -6.969469099999969 ], [ -77.999506486999962, -6.970531599999958 ], [ -77.998739986999965, -6.967679974999953 ], [ -77.992139986999973, -6.964009974999954 ] ] ] } },
{ "type": "Feature", "properties": { "ubigeo": "130305", "departamento": "LA LIBERTAD", "provincia": "BOLIVAR", "capital": "UCHUMARCA", "distrito": "UCHUMARCA", "gasto_mef_2012": 4593199.21, "gasto_mef_2013": 5501388.29, "gasto_mef_2014": 2184236.62, "gasto_mef_2015": 1307133.08, "gasto_mef_2016": 2747805.76, "gasto_mef_2017": 1552153.43, "gasto_mef_2018": 3419787.76, "gasto_mef_2019": 5449905.68, "gasto_mef_2020": 1346021.46, "gasto_mef_2021": 1482441.82, "gasto_mef_2022": 8084859.34, "gasto_mef_2023": 8616408.24000001, "gasto_mef_2024": 4555694.22, "gasto_mef_2025": 9956018.17, "gasto_mef_2026": 636897.34, "num_establecimientos_salud": 1, "num_ie_activas": 34, "num_ie_inactivas": 13, "num_ie_total": 47, "poblacion_2017": 2445, "ie_activas_per_1000hab": 13.905930470347649, "establecimientos_salud_per_1000hab": 0.40899795501022496, "gasto_mef_2026_per_capita": 260.48970961145193, "gasto_mef_promedio_periodo": 4095596.6946666674, "gasto_mef_promedio_per_capita": 1675.0906726653036, "log_gasto_mef_2026": 13.364365329981434, "log_poblacion_2017": 7.8022093162471178, "tendencia_gasto_mef": 192592.95017853167, "tendencia_gasto_mef_per_capita": 78.770122772405585, "proporcion_ie_inactivas": 0.27659574468085107, "area_km2": 221.47619981657576, "densidad_poblacional": 11.039560919073576, "log_densidad_poblacional": 2.4881979707001989, "comunidad_louvain": 1, "cluster_graphsage": 3 }, "geometry": { "type": "Polygon", "coordinates": [ [ [ -77.778152986999942, -6.941757099999961 ], [ -77.776818111999944, -6.944785099999933 ], [ -77.771903986999973, -6.950580474999981 ], [ -77.768018861999963, -6.959216724999976 ], [ -77.765935861999935, -6.962118974999953 ], [ -77.760271861999968, -6.96382747499996 ], [ -77.757533611999975, -6.965793474999941 ], [ -77.755572111999982, -6.969817599999942 ], [ -77.756042111999989, -6.973192724999933 ], [ -77.75505936199994, -6.976696224999955 ], [ -77.747188736999988, -6.986061849999942 ], [ -77.747820611999941, -6.99397259999995 ], [ -77.744263236999984, -6.998864099999935 ], [ -77.746907861999944, -7.001391849999948 ], [ -77.74768023699994, -7.004715224999927 ], [ -77.746814236999967, -7.009723849999943 ], [ -77.744614236999951, -7.011502599999972 ], [ -77.743841861999954, -7.013164349999954 ], [ -77.745659861999968, -7.019549724999933 ], [ -77.74442086199997, -7.022497724999937 ], [ -77.740404611999963, -7.026513974999943 ], [ -77.740775736999979, -7.033081599999946 ], [ -77.739160986999934, -7.036966724999957 ], [ -77.731937111999969, -7.048719474999928 ], [ -77.727237986999967, -7.053223599999967 ], [ -77.723830986999985, -7.059598974999972 ], [ -77.715940736999983, -7.065926974999968 ], [ -77.709568486999956, -7.066397349999932 ], [ -77.707409611999935, -7.067805224999972 ], [ -77.706988487, -7.073790849999966 ], [ -77.709358111999961, -7.07844259999996 ], [ -77.717608361999964, -7.086357599999928 ], [ -77.717906736999964, -7.08869384999997 ], [ -77.722742736999976, -7.087363224999933 ], [ -77.729667361999986, -7.08080984999998 ], [ -77.737388986999974, -7.083330724999939 ], [ -77.743920236999941, -7.083460724999952 ], [ -77.749002236999956, -7.08230597499994 ], [ -77.752491611999972, -7.083194474999971 ], [ -77.753163861999951, -7.083961099999954 ], [ -77.753286486999968, -7.09025747499993 ], [ -77.755353111999966, -7.095253724999964 ], [ -77.761734861999969, -7.099818599999935 ], [ -77.772158986999955, -7.097979099999975 ], [ -77.778568611999958, -7.100119474999929 ], [ -77.780539236999971, -7.106836224999938 ], [ -77.787352486999964, -7.118032599999935 ], [ -77.792939236999985, -7.117487474999962 ], [ -77.797481361999985, -7.120008474999963 ], [ -77.799318611999979, -7.120047599999964 ], [ -77.802299611999956, -7.118946349999931 ], [ -77.806008611999971, -7.115152849999959 ], [ -77.808560486999966, -7.114615224999966 ], [ -77.817525361999969, -7.116770349999967 ], [ -77.819680486999971, -7.11651484999993 ], [ -77.822624361999942, -7.118081224999969 ], [ -77.825756361999936, -7.116227849999973 ], [ -77.827474736999989, -7.114015974999973 ], [ -77.828944111999988, -7.106792724999934 ], [ -77.824230486999966, -7.097790974999953 ], [ -77.823681611999973, -7.094726224999931 ], [ -77.817535111999973, -7.091216474999953 ], [ -77.814727736999941, -7.088559349999969 ], [ -77.817665361999957, -7.07857972499994 ], [ -77.81536198699996, -7.073628849999977 ], [ -77.812818861999972, -7.072567099999958 ], [ -77.812913112, -7.071102974999974 ], [ -77.822989986999971, -7.063469974999975 ], [ -77.828289986999948, -7.061969974999954 ], [ -77.838509986999952, -7.055539974999931 ], [ -77.843289986999935, -7.050129974999948 ], [ -77.848859986999969, -7.046199974999979 ], [ -77.853549986999951, -7.035409974999936 ], [ -77.855589986999973, -7.036229974999969 ], [ -77.861259986999983, -7.035289974999955 ], [ -77.862739986999941, -7.033619974999965 ], [ -77.86400211199998, -7.029291099999966 ], [ -77.866706861999944, -7.030943474999958 ], [ -77.876838361999944, -7.028330349999976 ], [ -77.877719236999951, -7.025991599999941 ], [ -77.877389986999958, -7.022414474999948 ], [ -77.879183611999963, -7.018811224999979 ], [ -77.884784861999947, -7.018562849999967 ], [ -77.896301986999958, -7.008709974999931 ], [ -77.899865236999972, -7.006833474999951 ], [ -77.908370611999942, -7.004617099999962 ], [ -77.916773861999957, -6.999610599999926 ], [ -77.921439861999943, -6.995771849999926 ], [ -77.930256111999938, -6.992985224999927 ], [ -77.931119111999976, -6.99095484999998 ], [ -77.931236361999936, -6.987187474999928 ], [ -77.930739986999981, -6.986169974999939 ], [ -77.928650236999943, -6.986759349999943 ], [ -77.926329736999946, -6.986244849999935 ], [ -77.915290236999965, -6.980567849999943 ], [ -77.902073236999968, -6.980985349999969 ], [ -77.898665361999974, -6.98012422499994 ], [ -77.895557236999935, -6.975670849999972 ], [ -77.887056861999952, -6.971642224999925 ], [ -77.884135986999979, -6.966493224999965 ], [ -77.880341736999981, -6.962503849999962 ], [ -77.876122236999947, -6.963740849999965 ], [ -77.873182611999937, -6.96654934999998 ], [ -77.864753736999944, -6.968257599999959 ], [ -77.858297236999988, -6.970837099999926 ], [ -77.855860736999944, -6.972826474999977 ], [ -77.853616361999968, -6.973009099999956 ], [ -77.843262111999934, -6.976978474999953 ], [ -77.841408486999967, -6.976360599999964 ], [ -77.838419736999981, -6.971644599999934 ], [ -77.835283611999955, -6.95959122499994 ], [ -77.834345986999949, -6.957205724999938 ], [ -77.833434611999962, -6.956782724999925 ], [ -77.827186611999934, -6.957085474999928 ], [ -77.821662111999956, -6.960059349999938 ], [ -77.809889611999949, -6.961182724999958 ], [ -77.804623611999943, -6.965231724999967 ], [ -77.801931986999989, -6.966144474999965 ], [ -77.79324898699997, -6.957040099999972 ], [ -77.787631861999955, -6.954910349999977 ], [ -77.785525486999973, -6.948169849999942 ], [ -77.779955111999982, -6.941944224999929 ], [ -77.778152986999942, -6.941757099999961 ] ] ] } },
{ "type": "Feature", "properties": { "ubigeo": "130306", "departamento": "LA LIBERTAD", "provincia": "BOLIVAR", "capital": "UCUNCHA", "distrito": "UCUNCHA", "gasto_mef_2012": 472936.78, "gasto_mef_2013": 786029.2, "gasto_mef_2014": 676810.6, "gasto_mef_2015": 525113.66, "gasto_mef_2016": 481788.39, "gasto_mef_2017": 744362.23, "gasto_mef_2018": 2164529.96, "gasto_mef_2019": 620667.7, "gasto_mef_2020": 823966.2, "gasto_mef_2021": 835796.52, "gasto_mef_2022": 2162413.99, "gasto_mef_2023": 1157787.06, "gasto_mef_2024": 996923.5, "gasto_mef_2025": 1798907.6, "gasto_mef_2026": 399479.73, "num_establecimientos_salud": 1, "num_ie_activas": 9, "num_ie_inactivas": 2, "num_ie_total": 11, "poblacion_2017": 895, "ie_activas_per_1000hab": 10.05586592178771, "establecimientos_salud_per_1000hab": 1.1173184357541899, "gasto_mef_2026_per_capita": 446.34606703910612, "gasto_mef_promedio_periodo": 976500.87466666673, "gasto_mef_promedio_per_capita": 1091.0624297951583, "log_gasto_mef_2026": 12.897920807730989, "log_poblacion_2017": 6.7979404129749303, "tendencia_gasto_mef": 48494.681321426069, "tendencia_gasto_mef_per_capita": 54.184001476453709, "proporcion_ie_inactivas": 0.18181818181818182, "area_km2": 100.41046542348158, "densidad_poblacional": 8.9134135194507227, "log_densidad_poblacional": 2.2938887410451123, "comunidad_louvain": 1, "cluster_graphsage": 3 }, "geometry": { "type": "Polygon", "coordinates": [ [ [ -77.868011236999962, -7.097160849999966 ], [ -77.863468611999963, -7.097935474999929 ], [ -77.857490111999937, -7.101660974999959 ], [ -77.848748986999965, -7.103499349999936 ], [ -77.845526861999986, -7.103094474999978 ], [ -77.843061861999956, -7.104379724999944 ], [ -77.840172736999989, -7.104037974999926 ], [ -77.82792098699997, -7.112832974999947 ], [ -77.825756361999936, -7.116227849999973 ], [ -77.822624361999942, -7.118081224999969 ], [ -77.819680486999971, -7.11651484999993 ], [ -77.817525361999969, -7.116770349999967 ], [ -77.808560486999966, -7.114615224999966 ], [ -77.807956236999985, -7.116829349999932 ], [ -77.810669986999983, -7.118729974999951 ], [ -77.811829986999953, -7.120899974999929 ], [ -77.809369986999968, -7.133009974999936 ], [ -77.807029986999964, -7.135649974999978 ], [ -77.803669986999978, -7.145189974999937 ], [ -77.799849986999959, -7.15161997499996 ], [ -77.797969986999988, -7.158499974999927 ], [ -77.792319986999985, -7.166149974999939 ], [ -77.789209986999936, -7.174539974999959 ], [ -77.787370109999983, -7.175800179999953 ], [ -77.788189986999953, -7.177199974999951 ], [ -77.794679986999938, -7.180869974999951 ], [ -77.802489986999944, -7.180379974999937 ], [ -77.808069986999953, -7.182219974999953 ], [ -77.808879986999955, -7.18346997499998 ], [ -77.811459986999978, -7.18411997499993 ], [ -77.813099986999987, -7.186339974999953 ], [ -77.817759986999988, -7.18767997499998 ], [ -77.819349986999953, -7.190089974999978 ], [ -77.82306998699994, -7.190759974999935 ], [ -77.827019986999971, -7.194619974999966 ], [ -77.830539986999952, -7.195149974999936 ], [ -77.832189986999936, -7.19626997499995 ], [ -77.839919986999973, -7.193239974999926 ], [ -77.843239986999947, -7.194249974999934 ], [ -77.853739986999983, -7.199969974999931 ], [ -77.85551998699998, -7.204229974999976 ], [ -77.859319986999935, -7.208549974999926 ], [ -77.864419986999962, -7.208669974999964 ], [ -77.866789986999947, -7.205309974999977 ], [ -77.882472486999973, -7.202617974999953 ], [ -77.883304111999962, -7.199442724999926 ], [ -77.881281111999954, -7.196365974999935 ], [ -77.881068611999979, -7.194615974999977 ], [ -77.882999236999979, -7.192346599999951 ], [ -77.886454236999953, -7.190822349999962 ], [ -77.887707486999943, -7.184810099999936 ], [ -77.888909861999934, -7.184098849999941 ], [ -77.895445736999989, -7.183734474999937 ], [ -77.898439361999976, -7.181382224999936 ], [ -77.898806611999987, -7.171892599999978 ], [ -77.897868986999981, -7.166807224999957 ], [ -77.899291611999956, -7.165553974999966 ], [ -77.904708986999935, -7.166326224999978 ], [ -77.910485361999974, -7.162065849999976 ], [ -77.904319986999951, -7.154569974999959 ], [ -77.896719986999983, -7.150109974999964 ], [ -77.890719986999954, -7.145109974999968 ], [ -77.887409986999955, -7.139679974999979 ], [ -77.887079986999936, -7.137879974999976 ], [ -77.885559986999965, -7.137129974999937 ], [ -77.886159986999985, -7.133479974999943 ], [ -77.885309986999971, -7.130599974999939 ], [ -77.885889986999985, -7.124109974999953 ], [ -77.887369986999943, -7.121279974999936 ], [ -77.885609986999953, -7.112929974999929 ], [ -77.889609986999972, -7.10460997499996 ], [ -77.88765998699995, -7.098699974999931 ], [ -77.885541861999968, -7.099897974999976 ], [ -77.877180611999961, -7.100748099999976 ], [ -77.868011236999962, -7.097160849999966 ] ] ] } },
{ "type": "Feature", "properties": { "ubigeo": "130401", "departamento": "LA LIBERTAD", "provincia": "CHEPEN", "capital": "CHEPEN", "distrito": "CHEPEN", "gasto_mef_2012": 68264957.68000001, "gasto_mef_2013": 63825773.990000039, "gasto_mef_2014": 82823085.90000011, "gasto_mef_2015": 72166385.029999956, "gasto_mef_2016": 76942872.28000015, "gasto_mef_2017": 85816378.880000159, "gasto_mef_2018": 93226293.570000172, "gasto_mef_2019": 100575478.51000002, "gasto_mef_2020": 144511648.2800003, "gasto_mef_2021": 141326055.42000005, "gasto_mef_2022": 156033273.15000015, "gasto_mef_2023": 148454368.32999957, "gasto_mef_2024": 169526555.61999997, "gasto_mef_2025": 166731710.72999966, "gasto_mef_2026": 79906403.16, "num_establecimientos_salud": 5, "num_ie_activas": 126, "num_ie_inactivas": 79, "num_ie_total": 205, "poblacion_2017": 47371, "ie_activas_per_1000hab": 2.6598551856621135, "establecimientos_salud_per_1000hab": 0.10554980895484579, "gasto_mef_2026_per_capita": 1686.8211175613772, "gasto_mef_promedio_periodo": 110008749.36866669, "gasto_mef_promedio_per_capita": 2322.2804958448564, "log_gasto_mef_2026": 18.196366559714725, "log_poblacion_2017": 10.765786615841385, "tendencia_gasto_mef": 6561324.7535708863, "tendencia_gasto_mef_per_capita": 138.50931484602154, "proporcion_ie_inactivas": 0.38536585365853659, "area_km2": 288.48204816436868, "densidad_poblacional": 164.20779144291635, "log_densidad_poblacional": 5.1072040236727467, "comunidad_louvain": 5, "cluster_graphsage": 4 }, "geometry": { "type": "Polygon", "coordinates": [ [ [ -79.306043612999986, -7.141663974999972 ], [ -79.30530123799997, -7.147146224999972 ], [ -79.30311323799998, -7.149148474999947 ], [ -79.299423987999944, -7.15001347499998 ], [ -79.295277362999968, -7.149648474999935 ], [ -79.292262987999948, -7.150822474999927 ], [ -79.290114612999957, -7.15332884999998 ], [ -79.280956362999973, -7.157078974999934 ], [ -79.279410862999953, -7.159679474999962 ], [ -79.278770237999936, -7.163259849999974 ], [ -79.281069237999986, -7.168178349999948 ], [ -79.280937362999964, -7.169723599999941 ], [ -79.276226237999936, -7.175301599999955 ], [ -79.274435987999937, -7.180559224999968 ], [ -79.274548987999935, -7.182782974999952 ], [ -79.269668237999952, -7.185458849999975 ], [ -79.269027487999949, -7.188775474999943 ], [ -79.266360612999961, -7.193523724999977 ], [ -79.251803737999978, -7.198348599999974 ], [ -79.255456362999951, -7.200548849999961 ], [ -79.258319487999984, -7.203813224999976 ], [ -79.262066987999958, -7.203454849999957 ], [ -79.263717487999941, -7.209211224999933 ], [ -79.270259862999978, -7.214450599999964 ], [ -79.275552862999973, -7.21553922499993 ], [ -79.273127487999943, -7.22414697499994 ], [ -79.271832737999944, -7.226098349999972 ], [ -79.269025362999969, -7.228054724999936 ], [ -79.271632112999953, -7.229289724999944 ], [ -79.273095612999953, -7.232060849999925 ], [ -79.274239987999977, -7.239386724999974 ], [ -79.278155487999982, -7.243900099999962 ], [ -79.279321987999936, -7.247702474999926 ], [ -79.271385112999951, -7.258774099999926 ], [ -79.271260112999983, -7.26373209999997 ], [ -79.269491487999971, -7.266139099999975 ], [ -79.268343612999956, -7.270606599999951 ], [ -79.268919987999936, -7.278409974999931 ], [ -79.270649987999946, -7.278249974999937 ], [ -79.273299987999962, -7.276629974999935 ], [ -79.275359987999934, -7.278669974999957 ], [ -79.276699987999962, -7.278829974999951 ], [ -79.27895998799994, -7.27661997499996 ], [ -79.28262998799994, -7.275059974999976 ], [ -79.288377737999951, -7.278485849999981 ], [ -79.292049987999974, -7.278519974999938 ], [ -79.295569987999954, -7.281289974999936 ], [ -79.300429987999962, -7.281059974999948 ], [ -79.30370998799998, -7.283029974999977 ], [ -79.306849987999954, -7.283709974999965 ], [ -79.313829987999952, -7.29177997499994 ], [ -79.314499987999966, -7.295939974999953 ], [ -79.316969987999983, -7.297259974999974 ], [ -79.317709988, -7.299519974999953 ], [ -79.321689987999946, -7.304219974999967 ], [ -79.327529987999981, -7.30893997499993 ], [ -79.332669987999964, -7.31120997499994 ], [ -79.337289987999952, -7.31222997499998 ], [ -79.340239987999951, -7.315539974999979 ], [ -79.345099987999959, -7.319109974999947 ], [ -79.350789987999974, -7.322099974999958 ], [ -79.356419987999971, -7.323409974999947 ], [ -79.357719987999985, -7.324829974999943 ], [ -79.359099987999969, -7.325239974999931 ], [ -79.362757362999957, -7.324358724999968 ], [ -79.364749987999971, -7.325199974999975 ], [ -79.36927998799996, -7.324119974999974 ], [ -79.370972112999937, -7.320492724999951 ], [ -79.384809987999972, -7.311269974999959 ], [ -79.387059987999976, -7.308819974999949 ], [ -79.401848183999959, -7.30367083699997 ], [ -79.40640998799995, -7.299579974999972 ], [ -79.406939987999976, -7.297459974999981 ], [ -79.412749987999973, -7.291379974999927 ], [ -79.417239987999949, -7.282599974999926 ], [ -79.41935998799994, -7.274009974999956 ], [ -79.419089987999939, -7.271499974999927 ], [ -79.420549987999948, -7.268129974999965 ], [ -79.422329987999944, -7.259679974999926 ], [ -79.42476998799998, -7.254719974999944 ], [ -79.428669987999967, -7.25148997499997 ], [ -79.429399987999943, -7.249769974999936 ], [ -79.433819988999971, -7.248509974999934 ], [ -79.440759988999957, -7.239929974999939 ], [ -79.44762998899995, -7.235169974999963 ], [ -79.454167613999971, -7.229165224999974 ], [ -79.454499988999942, -7.22644997499998 ], [ -79.458399988999986, -7.222879974999955 ], [ -79.458659988999955, -7.221829974999935 ], [ -79.462689988999955, -7.220569974999933 ], [ -79.464469988999952, -7.21429997499996 ], [ -79.46810998899997, -7.210399974999973 ], [ -79.467449988999988, -7.205709974999934 ], [ -79.468453113999942, -7.196190974999979 ], [ -79.463177738999946, -7.194236349999926 ], [ -79.459335988999953, -7.195290974999978 ], [ -79.456699238999988, -7.194009724999944 ], [ -79.451425738999944, -7.19702347499998 ], [ -79.449693363999984, -7.197099599999945 ], [ -79.446529238999972, -7.202371099999937 ], [ -79.441310488999989, -7.196249974999944 ], [ -79.438947238999958, -7.199238224999931 ], [ -79.437765613999943, -7.199447224999972 ], [ -79.435054738999952, -7.197154349999948 ], [ -79.432622988999981, -7.19722459999997 ], [ -79.432275363999963, -7.19507034999998 ], [ -79.430468738999934, -7.192568349999931 ], [ -79.429845737999983, -7.192960974999949 ], [ -79.430500113999983, -7.189249724999968 ], [ -79.427665987999944, -7.189660099999969 ], [ -79.427480487999958, -7.187933599999951 ], [ -79.419529237999939, -7.183556599999974 ], [ -79.415091737999944, -7.179736349999928 ], [ -79.412564487999987, -7.176160099999947 ], [ -79.408496112999956, -7.175050724999949 ], [ -79.405353487999946, -7.172339849999958 ], [ -79.391853487999981, -7.170244099999934 ], [ -79.387087862999977, -7.171322224999926 ], [ -79.384197237999956, -7.162759724999944 ], [ -79.382787112999949, -7.160915974999966 ], [ -79.379535112999974, -7.160085974999959 ], [ -79.369617237999989, -7.155126974999973 ], [ -79.350989987999981, -7.149889974999951 ], [ -79.345319987999972, -7.149789974999976 ], [ -79.335929987999975, -7.148089974999948 ], [ -79.333169987999952, -7.147019974999978 ], [ -79.330869987999961, -7.144779974999949 ], [ -79.325899987999946, -7.145189974999937 ], [ -79.323199987999942, -7.143749974999935 ], [ -79.318679987999985, -7.143169974999978 ], [ -79.315629987999955, -7.141329974999962 ], [ -79.308429987999943, -7.14077997499993 ], [ -79.304629987999988, -7.139009974999965 ], [ -79.306043612999986, -7.141663974999972 ] ] ] } },
{ "type": "Feature", "properties": { "ubigeo": "130402", "departamento": "LA LIBERTAD", "provincia": "CHEPEN", "capital": "PACANGA", "distrito": "PACANGA", "gasto_mef_2012": 11210255.359999988, "gasto_mef_2013": 20605399.129999977, "gasto_mef_2014": 12981752.94, "gasto_mef_2015": 8239555.2299999883, "gasto_mef_2016": 15334525.050000034, "gasto_mef_2017": 10129808.999999996, "gasto_mef_2018": 10591340.63, "gasto_mef_2019": 15123062.290000016, "gasto_mef_2020": 27032797.620000012, "gasto_mef_2021": 34874166.580000013, "gasto_mef_2022": 24580111.61, "gasto_mef_2023": 18332247.88, "gasto_mef_2024": 12428660.929999985, "gasto_mef_2025": 22155346.359999981, "gasto_mef_2026": 10499730.64, "num_establecimientos_salud": 2, "num_ie_activas": 68, "num_ie_inactivas": 21, "num_ie_total": 89, "poblacion_2017": 22748, "ie_activas_per_1000hab": 2.9892737823105331, "establecimientos_salud_per_1000hab": 0.087919817126780375, "gasto_mef_2026_per_capita": 461.56719887462634, "gasto_mef_promedio_periodo": 16941250.75, "gasto_mef_promedio_per_capita": 744.73583391946534, "log_gasto_mef_2026": 16.166860256705899, "log_poblacion_2017": 10.032276467369044, "tendencia_gasto_mef": 484279.47399998538, "tendencia_gasto_mef_per_capita": 21.288881396166055, "proporcion_ie_inactivas": 0.23595505617977527, "area_km2": 587.84384485461146, "densidad_poblacional": 38.697351684657264, "log_densidad_poblacional": 3.6812844772730231, "comunidad_louvain": 5, "cluster_graphsage": 4 }, "geometry": { "type": "Polygon", "coordinates": [ [ [ -79.452389613999969, -6.946295974999941 ], [ -79.450124363999976, -6.948193599999968 ], [ -79.447352738999939, -6.94717959999997 ], [ -79.445126613999946, -6.947968224999954 ], [ -79.438012238999988, -6.948326474999931 ], [ -79.43085119899996, -6.953372523999974 ], [ -79.412277862999986, -6.956096599999967 ], [ -79.400761737999972, -6.956927724999957 ], [ -79.400147737999987, -6.957488349999949 ], [ -79.400222987999939, -6.963874724999926 ], [ -79.39353123799998, -6.964039099999979 ], [ -79.392322237999963, -6.96491009999994 ], [ -79.391304737999974, -6.966845724999928 ], [ -79.391281237999976, -6.970404349999967 ], [ -79.38855573799998, -6.976179724999952 ], [ -79.380702612999983, -6.981019224999955 ], [ -79.377167487999941, -6.984993474999953 ], [ -79.375137862999964, -6.985733599999946 ], [ -79.372099112999933, -6.984970849999968 ], [ -79.369985737999968, -6.985370974999967 ], [ -79.369097862999979, -6.991685974999939 ], [ -79.367121987999951, -6.993636849999973 ], [ -79.364933612999948, -6.998563849999925 ], [ -79.362845362999963, -7.000039474999937 ], [ -79.35960648799994, -7.004966474999947 ], [ -79.353466487999981, -7.008430349999969 ], [ -79.342323112999964, -7.010802724999962 ], [ -79.336698362999982, -7.014859349999938 ], [ -79.333876112999974, -7.020272974999955 ], [ -79.330544862999943, -7.024222849999944 ], [ -79.326695362999942, -7.026435599999957 ], [ -79.322585987999958, -7.025683599999979 ], [ -79.324212487999944, -7.029216724999969 ], [ -79.325848362999977, -7.039002349999976 ], [ -79.331618612999989, -7.05735384999997 ], [ -79.32747848799994, -7.071478599999978 ], [ -79.327849237999942, -7.072944474999929 ], [ -79.330488362999972, -7.07597334999997 ], [ -79.329328362999945, -7.07897722499996 ], [ -79.326145862999965, -7.082992599999955 ], [ -79.322025237999981, -7.085073474999945 ], [ -79.317598737999958, -7.084760474999939 ], [ -79.312916237999957, -7.090386224999975 ], [ -79.311571612999956, -7.09676372499996 ], [ -79.312463862999948, -7.104675474999965 ], [ -79.311481737999941, -7.112714474999962 ], [ -79.313744612999983, -7.118321349999974 ], [ -79.313704487999985, -7.120663099999945 ], [ -79.312136237999937, -7.122519349999948 ], [ -79.307377862999942, -7.125555224999971 ], [ -79.297740987999987, -7.128172599999971 ], [ -79.296189987999981, -7.129619974999969 ], [ -79.296939987999963, -7.131309974999965 ], [ -79.30056998799995, -7.132909974999961 ], [ -79.303729987999986, -7.138359974999958 ], [ -79.308429987999943, -7.14077997499993 ], [ -79.315629987999955, -7.141329974999962 ], [ -79.318679987999985, -7.143169974999978 ], [ -79.323199987999942, -7.143749974999935 ], [ -79.325899987999946, -7.145189974999937 ], [ -79.330869987999961, -7.144779974999949 ], [ -79.333169987999952, -7.147019974999978 ], [ -79.335929987999975, -7.148089974999948 ], [ -79.345319987999972, -7.149789974999976 ], [ -79.350989987999981, -7.149889974999951 ], [ -79.366833987999939, -7.15401372499997 ], [ -79.379535112999974, -7.160085974999959 ], [ -79.382787112999949, -7.160915974999966 ], [ -79.384197237999956, -7.162759724999944 ], [ -79.387087862999977, -7.171322224999926 ], [ -79.391853487999981, -7.170244099999934 ], [ -79.405353487999946, -7.172339849999958 ], [ -79.408496112999956, -7.175050724999949 ], [ -79.412564487999987, -7.176160099999947 ], [ -79.415091737999944, -7.179736349999928 ], [ -79.419529237999939, -7.183556599999974 ], [ -79.427480487999958, -7.187933599999951 ], [ -79.427665987999944, -7.189660099999969 ], [ -79.430500113999983, -7.189249724999968 ], [ -79.429845737999983, -7.192960974999949 ], [ -79.430468738999934, -7.192568349999931 ], [ -79.432275363999963, -7.19507034999998 ], [ -79.432622988999981, -7.19722459999997 ], [ -79.435054738999952, -7.197154349999948 ], [ -79.437765613999943, -7.199447224999972 ], [ -79.438947238999958, -7.199238224999931 ], [ -79.441310488999989, -7.196249974999944 ], [ -79.446529238999972, -7.202371099999937 ], [ -79.449693363999984, -7.197099599999945 ], [ -79.451425738999944, -7.19702347499998 ], [ -79.456699238999988, -7.194009724999944 ], [ -79.459335988999953, -7.195290974999978 ], [ -79.463177738999946, -7.194236349999926 ], [ -79.467567738999946, -7.19557597499994 ], [ -79.468453113999942, -7.196190974999979 ], [ -79.467449988999988, -7.205709974999934 ], [ -79.468239988999983, -7.208679974999939 ], [ -79.46810998899997, -7.210399974999973 ], [ -79.466916363999985, -7.211878599999977 ], [ -79.468190048999986, -7.212095812999962 ], [ -79.468525710999984, -7.215319793999981 ], [ -79.46939522699995, -7.214973963999967 ], [ -79.469830075999937, -7.215802734999954 ], [ -79.473276841999962, -7.213084885999933 ], [ -79.47802121899997, -7.21102043999997 ], [ -79.477929698999958, -7.21004097499997 ], [ -79.494912406999958, -7.19906709299994 ], [ -79.499409863999972, -7.199507351999955 ], [ -79.502457384999957, -7.197833064999941 ], [ -79.50763341399994, -7.192958088999944 ], [ -79.510979988999964, -7.192629974999932 ], [ -79.511369988999945, -7.193559974999971 ], [ -79.512029988999984, -7.193359974999964 ], [ -79.513020042999983, -7.189920013999938 ], [ -79.511985191999941, -7.187500929999942 ], [ -79.515215831999967, -7.185446967999951 ], [ -79.51498391399997, -7.181894105999959 ], [ -79.515916101999949, -7.179353435999928 ], [ -79.519270150999944, -7.179262045999963 ], [ -79.522487075999948, -7.181035164999969 ], [ -79.52508998899998, -7.179179974999954 ], [ -79.528029988999947, -7.178349974999946 ], [ -79.529879988999937, -7.175159974999929 ], [ -79.534219988999951, -7.175579974999948 ], [ -79.538384988999951, -7.171465224999963 ], [ -79.542642238999974, -7.160427599999935 ], [ -79.546513613999934, -7.156300724999937 ], [ -79.54822261399994, -7.155867224999952 ], [ -79.553494113999989, -7.15722272499994 ], [ -79.556585988999984, -7.149617224999929 ], [ -79.559529238999971, -7.147134724999944 ], [ -79.561521613999957, -7.135769474999961 ], [ -79.563249988999985, -7.130540974999974 ], [ -79.562474613999939, -7.127789099999973 ], [ -79.563449238999965, -7.125615224999933 ], [ -79.561843738999983, -7.121591849999959 ], [ -79.564417988999935, -7.115667974999951 ], [ -79.566138613999954, -7.112595724999949 ], [ -79.574203113999943, -7.106865224999979 ], [ -79.579894488999969, -7.100273349999952 ], [ -79.588820363999957, -7.083691349999981 ], [ -79.59323048899995, -7.07299222499995 ], [ -79.528767613999946, -7.005285099999981 ], [ -79.520056113999942, -6.992351724999935 ], [ -79.517257363999988, -6.990555724999979 ], [ -79.514995863999957, -6.987361349999958 ], [ -79.514316613999938, -6.98523334999993 ], [ -79.514734238999949, -6.978584599999976 ], [ -79.512797238999951, -6.976543099999958 ], [ -79.510511613999938, -6.976054474999955 ], [ -79.508016363999957, -6.97043597499993 ], [ -79.502223363999974, -6.967085724999947 ], [ -79.495365238999966, -6.97195897499995 ], [ -79.487632863999977, -6.967075974999943 ], [ -79.479185738999945, -6.970859349999955 ], [ -79.474736238999981, -6.967837474999953 ], [ -79.468787488999965, -6.966504849999978 ], [ -79.465622988999939, -6.961788974999934 ], [ -79.457770613999969, -6.953084849999925 ], [ -79.455411863999984, -6.946543349999956 ], [ -79.452389613999969, -6.946295974999941 ] ] ] } },
{ "type": "Feature", "properties": { "ubigeo": "130403", "departamento": "LA LIBERTAD", "provincia": "CHEPEN", "capital": "PUEBLO NUEVO", "distrito": "PUEBLO NUEVO", "gasto_mef_2012": 7086167.51, "gasto_mef_2013": 7571541.7, "gasto_mef_2014": 8419352.78, "gasto_mef_2015": 8618320.43000001, "gasto_mef_2016": 13229164.96, "gasto_mef_2017": 4386347.56, "gasto_mef_2018": 10660022.32, "gasto_mef_2019": 7240908.91, "gasto_mef_2020": 11343988.61, "gasto_mef_2021": 11606516.46, "gasto_mef_2022": 17843471.47, "gasto_mef_2023": 6427421.12000001, "gasto_mef_2024": 6161195.0000000075, "gasto_mef_2025": 8265528.81, "gasto_mef_2026": 10018176.32000001, "num_establecimientos_salud": 3, "num_ie_activas": 45, "num_ie_inactivas": 23, "num_ie_total": 68, "poblacion_2017": 12452, "ie_activas_per_1000hab": 3.6138772887889496, "establecimientos_salud_per_1000hab": 0.24092515258592997, "gasto_mef_2026_per_capita": 804.54355284291739, "gasto_mef_promedio_periodo": 9258541.5973333325, "gasto_mef_promedio_per_capita": 743.53851568690436, "log_gasto_mef_2026": 16.119911732882802, "log_poblacion_2017": 9.4297168367211484, "tendencia_gasto_mef": 120002.93503572872, "tendencia_gasto_mef_per_capita": 9.6372418114141283, "proporcion_ie_inactivas": 0.33823529411764708, "area_km2": 270.43125098765375, "densidad_poblacional": 46.044974293923161, "log_densidad_poblacional": 3.8511040440439377, "comunidad_louvain": 5, "cluster_graphsage": 4 }, "geometry": { "type": "Polygon", "coordinates": [ [ [ -79.59323048899995, -7.07299222499995 ], [ -79.588820363999957, -7.083691349999981 ], [ -79.579894488999969, -7.100273349999952 ], [ -79.574203113999943, -7.106865224999979 ], [ -79.566138613999954, -7.112595724999949 ], [ -79.564417988999935, -7.115667974999951 ], [ -79.561843738999983, -7.121591849999959 ], [ -79.563449238999965, -7.125615224999933 ], [ -79.562474613999939, -7.127789099999973 ], [ -79.563249988999985, -7.130540974999974 ], [ -79.561521613999957, -7.135769474999961 ], [ -79.559529238999971, -7.147134724999944 ], [ -79.556585988999984, -7.149617224999929 ], [ -79.553494113999989, -7.15722272499994 ], [ -79.54822261399994, -7.155867224999952 ], [ -79.546513613999934, -7.156300724999937 ], [ -79.542642238999974, -7.160427599999935 ], [ -79.538384988999951, -7.171465224999963 ], [ -79.534219988999951, -7.175579974999948 ], [ -79.529879988999937, -7.175159974999929 ], [ -79.528029988999947, -7.178349974999946 ], [ -79.52508998899998, -7.179179974999954 ], [ -79.522487075999948, -7.181035164999969 ], [ -79.519270150999944, -7.179262045999963 ], [ -79.515916101999949, -7.179353435999928 ], [ -79.51498391399997, -7.181894105999959 ], [ -79.515215831999967, -7.185446967999951 ], [ -79.511985191999941, -7.187500929999942 ], [ -79.513020042999983, -7.189920013999938 ], [ -79.512029988999984, -7.193359974999964 ], [ -79.511369988999945, -7.193559974999971 ], [ -79.510979988999964, -7.192629974999932 ], [ -79.50763341399994, -7.192958088999944 ], [ -79.502457384999957, -7.197833064999941 ], [ -79.499409863999972, -7.199507351999955 ], [ -79.494912406999958, -7.19906709299994 ], [ -79.477929698999958, -7.21004097499997 ], [ -79.47802121899997, -7.21102043999997 ], [ -79.473276841999962, -7.213084885999933 ], [ -79.469830075999937, -7.215802734999954 ], [ -79.46939522699995, -7.214973963999967 ], [ -79.468525710999984, -7.215319793999981 ], [ -79.468190048999986, -7.212095812999962 ], [ -79.466916363999985, -7.211878599999977 ], [ -79.46374998899995, -7.215689974999975 ], [ -79.462689988999955, -7.220569974999933 ], [ -79.458659988999955, -7.221829974999935 ], [ -79.458399988999986, -7.222879974999955 ], [ -79.454499988999942, -7.22644997499998 ], [ -79.454167613999971, -7.229165224999974 ], [ -79.462159988999986, -7.223679974999925 ], [ -79.466389988999936, -7.223149974999956 ], [ -79.467969988999982, -7.224399974999926 ], [ -79.469325738999942, -7.224239099999977 ], [ -79.471679863999952, -7.230197474999954 ], [ -79.482351238999968, -7.225927974999934 ], [ -79.488579988999959, -7.221229974999972 ], [ -79.485704738999971, -7.230022474999942 ], [ -79.487509738999961, -7.233042974999933 ], [ -79.490679738999972, -7.235451224999963 ], [ -79.493273488999989, -7.234654349999971 ], [ -79.495351738999943, -7.236134724999943 ], [ -79.499680113999943, -7.233391474999962 ], [ -79.500819738999951, -7.233920849999947 ], [ -79.501448738999954, -7.243283099999928 ], [ -79.503841738999938, -7.249013724999941 ], [ -79.504652863999979, -7.253941599999962 ], [ -79.507059488999971, -7.257209099999955 ], [ -79.509700488999954, -7.258925849999969 ], [ -79.513418114, -7.256847599999958 ], [ -79.516219238999952, -7.25886584999995 ], [ -79.518295988999967, -7.258697724999934 ], [ -79.520961113999988, -7.255804599999976 ], [ -79.522233613999958, -7.253103474999932 ], [ -79.524468738999985, -7.251492224999936 ], [ -79.528996738999979, -7.251565724999978 ], [ -79.531189238999957, -7.248385599999949 ], [ -79.534934738999937, -7.249273974999937 ], [ -79.540264988999979, -7.245936599999936 ], [ -79.541357363999964, -7.245996599999955 ], [ -79.542248363999988, -7.249006474999931 ], [ -79.541805488999955, -7.25392547499996 ], [ -79.542358613999966, -7.256380849999971 ], [ -79.543830363999973, -7.257293224999955 ], [ -79.54615298899995, -7.261024224999971 ], [ -79.548469238999985, -7.260922599999958 ], [ -79.549298238999938, -7.264444099999935 ], [ -79.552265613999964, -7.267257849999964 ], [ -79.552089988999967, -7.273079974999973 ], [ -79.553139988999988, -7.280759974999967 ], [ -79.555769988999941, -7.286959974999945 ], [ -79.559599988999935, -7.288419974999954 ], [ -79.561089988999981, -7.288549974999967 ], [ -79.564759988999981, -7.285929974999931 ], [ -79.569419988999982, -7.287059974999977 ], [ -79.570319988999984, -7.286819974999958 ], [ -79.571399988999985, -7.284789974999967 ], [ -79.574059988999977, -7.28589997499995 ], [ -79.576499988999956, -7.283379974999946 ], [ -79.577329988999963, -7.284289974999979 ], [ -79.582689988999959, -7.283859974999928 ], [ -79.591739988999961, -7.285509974999968 ], [ -79.595319988999961, -7.283849974999953 ], [ -79.597349988999952, -7.284299974999954 ], [ -79.598429988999953, -7.283679974999927 ], [ -79.598739988999966, -7.285259974999974 ], [ -79.599721238999962, -7.285750474999929 ], [ -79.606398488999957, -7.274853474999929 ], [ -79.609800738999979, -7.266587849999951 ], [ -79.614580113999978, -7.258853474999967 ], [ -79.62134373899994, -7.250273474999972 ], [ -79.639964863999978, -7.228787099999977 ], [ -79.665439488999937, -7.203695224999933 ], [ -79.67001173899996, -7.197695349999947 ], [ -79.690621113999953, -7.177126974999965 ], [ -79.59323048899995, -7.07299222499995 ] ] ] } },
{ "type": "Feature", "properties": { "ubigeo": "130501", "departamento": "LA LIBERTAD", "provincia": "JULCAN", "capital": "JULCAN", "distrito": "JULCAN", "gasto_mef_2012": 26573465.3, "gasto_mef_2013": 33173862.3, "gasto_mef_2014": 40856822.670000032, "gasto_mef_2015": 32950864.89, "gasto_mef_2016": 47315133.270000026, "gasto_mef_2017": 61949723.62000002, "gasto_mef_2018": 62380996.44000005, "gasto_mef_2019": 59771710.629999913, "gasto_mef_2020": 67794779.539999932, "gasto_mef_2021": 83817599.339999899, "gasto_mef_2022": 90552167.259999916, "gasto_mef_2023": 76503937.360000119, "gasto_mef_2024": 90425487.619999886, "gasto_mef_2025": 98530924.33999981, "gasto_mef_2026": 47002394.079999968, "num_establecimientos_salud": 7, "num_ie_activas": 99, "num_ie_inactivas": 33, "num_ie_total": 132, "poblacion_2017": 12578, "ie_activas_per_1000hab": 7.8708856733979964, "establecimientos_salud_per_1000hab": 0.55652726983622192, "gasto_mef_2026_per_capita": 3736.8734361583693, "gasto_mef_promedio_periodo": 61306657.91066663, "gasto_mef_promedio_per_capita": 4874.1181356866455, "log_gasto_mef_2026": 17.665709117524894, "log_poblacion_2017": 9.4397840358388727, "tendencia_gasto_mef": 4057361.1601425856, "tendencia_gasto_mef_per_capita": 322.57601845623992, "proporcion_ie_inactivas": 0.25, "area_km2": 227.94407272631042, "densidad_poblacional": 55.180202097653343, "log_densidad_poblacional": 4.0285644189934677, "comunidad_louvain": 2, "cluster_graphsage": 6 }, "geometry": { "type": "Polygon", "coordinates": [ [ [ -78.403382862999933, -7.991183600999932 ], [ -78.398953487999961, -7.99474347599994 ], [ -78.39616061299995, -7.998365350999961 ], [ -78.391019987999982, -8.009529975999953 ], [ -78.388129987999946, -8.012429975999964 ], [ -78.383619987999964, -8.014509975999943 ], [ -78.382269987999962, -8.017019975999972 ], [ -78.375899987999958, -8.016509975999952 ], [ -78.369829987999935, -8.017419975999928 ], [ -78.361109987999953, -8.022929975999944 ], [ -78.352218611999945, -8.025034600999959 ], [ -78.351742486999967, -8.02677160099995 ], [ -78.360802112999977, -8.03641535099996 ], [ -78.364948612999967, -8.036979475999942 ], [ -78.366733237999938, -8.038002725999945 ], [ -78.372467737999955, -8.038407225999947 ], [ -78.380795862999946, -8.046521225999982 ], [ -78.385447362999969, -8.048697225999945 ], [ -78.393549987999961, -8.050559975999931 ], [ -78.394009987999937, -8.052139975999978 ], [ -78.39903998799997, -8.058249975999956 ], [ -78.40001998799994, -8.062109975999931 ], [ -78.399989987999959, -8.066039975999956 ], [ -78.402819987999976, -8.070569975999945 ], [ -78.40043998799996, -8.078819975999977 ], [ -78.400759987999947, -8.080789979999963 ], [ -78.403019987999983, -8.084429975999967 ], [ -78.405269987999986, -8.086599975999945 ], [ -78.409169987999974, -8.088639975999968 ], [ -78.415739987999984, -8.087259975999928 ], [ -78.420579987999986, -8.089009975999943 ], [ -78.423969987999953, -8.092939975999968 ], [ -78.429309987999943, -8.095629975999941 ], [ -78.430429987999958, -8.098309975999939 ], [ -78.429849987999944, -8.103459975999954 ], [ -78.427759987999934, -8.107429975999935 ], [ -78.427539987999978, -8.109749975999932 ], [ -78.430039987999976, -8.117669975999945 ], [ -78.438179987999945, -8.123519975999955 ], [ -78.446299987999964, -8.131869975999962 ], [ -78.449269987999969, -8.136499975999925 ], [ -78.455729987999973, -8.140889975999926 ], [ -78.458829987999934, -8.145789975999946 ], [ -78.459769987999948, -8.149229975999958 ], [ -78.46180998799997, -8.151859975999969 ], [ -78.463749987999961, -8.156529975999945 ], [ -78.472539987999937, -8.16657997599998 ], [ -78.472749987999975, -8.169329975999972 ], [ -78.471129987999973, -8.17182997599997 ], [ -78.472369987999969, -8.174209975999929 ], [ -78.476309987999969, -8.174989975999949 ], [ -78.47965998799998, -8.181709975999979 ], [ -78.485359987999971, -8.185609975999967 ], [ -78.491599987999962, -8.194339975999981 ], [ -78.496059987999956, -8.197459975999948 ], [ -78.498569987999986, -8.19773997599998 ], [ -78.505619987999978, -8.205859975999942 ], [ -78.512339987999951, -8.205899975999955 ], [ -78.514539987999967, -8.206569975999969 ], [ -78.516419987999939, -8.208349975999965 ], [ -78.517839987999935, -8.203519975999939 ], [ -78.519889987999989, -8.202019975999974 ], [ -78.520619987999964, -8.199959975999946 ], [ -78.516919987999984, -8.198179975999949 ], [ -78.516459987999951, -8.194679975999975 ], [ -78.514419987999986, -8.193659975999935 ], [ -78.513359987999934, -8.191909975999977 ], [ -78.513579987999947, -8.18803997599997 ], [ -78.512629987999958, -8.184479975999977 ], [ -78.513359987999934, -8.182149975999948 ], [ -78.511489987999937, -8.179899975999945 ], [ -78.514319987999954, -8.165699975999928 ], [ -78.51430998799998, -8.16361997599995 ], [ -78.512949987999946, -8.160969975999933 ], [ -78.513609987999985, -8.159419975999981 ], [ -78.511289987999987, -8.154919975999974 ], [ -78.509109987999977, -8.152979975999926 ], [ -78.508519987999989, -8.149819975999947 ], [ -78.505439987999978, -8.144949975999964 ], [ -78.504739987999983, -8.140589975999944 ], [ -78.500029987999937, -8.133709975999977 ], [ -78.503899987999944, -8.131429975999936 ], [ -78.504259987999944, -8.12702997599996 ], [ -78.506569987999967, -8.123989975999962 ], [ -78.514089987999967, -8.117459975999964 ], [ -78.514629987999967, -8.11371997599997 ], [ -78.519929987999944, -8.112009975999968 ], [ -78.526499987999955, -8.10040997599998 ], [ -78.529699987999948, -8.099149975999978 ], [ -78.530646237999974, -8.097727475999932 ], [ -78.529469862999974, -8.092472975999954 ], [ -78.52978361299995, -8.090512350999973 ], [ -78.535898948999943, -8.083894811999926 ], [ -78.531265487999974, -8.074846350999962 ], [ -78.530649862999951, -8.066697975999944 ], [ -78.533263862999945, -8.058119725999973 ], [ -78.534099612999967, -8.052099600999952 ], [ -78.533117237999988, -8.042669975999956 ], [ -78.529990612999939, -8.040144475999966 ], [ -78.525136237999959, -8.038305225999977 ], [ -78.520854862999954, -8.032727350999949 ], [ -78.51606086299995, -8.029953350999961 ], [ -78.514161237999986, -8.026244850999944 ], [ -78.513588487999982, -8.022898100999953 ], [ -78.509909987999947, -8.023621725999931 ], [ -78.505869737999944, -8.026908100999947 ], [ -78.500563237999984, -8.026606600999969 ], [ -78.48828373799995, -8.011465100999942 ], [ -78.480274237999936, -8.005755850999947 ], [ -78.475867237999978, -8.005040975999975 ], [ -78.472592363, -8.000207475999957 ], [ -78.471846987999982, -7.997160975999975 ], [ -78.467252487999986, -7.993450975999963 ], [ -78.462593237999954, -7.994550850999929 ], [ -78.457567237999967, -7.991552600999967 ], [ -78.453447237999967, -7.993537100999959 ], [ -78.447153362999984, -7.994246975999943 ], [ -78.430596487999935, -8.000271100999953 ], [ -78.428927237999972, -7.999840350999932 ], [ -78.425738987999978, -7.997107350999954 ], [ -78.422788862999937, -7.992194225999981 ], [ -78.414349237999943, -7.990839475999962 ], [ -78.408403362999934, -7.991094100999931 ], [ -78.406147737999959, -7.990096475999962 ], [ -78.403382862999933, -7.991183600999932 ] ] ] } },
{ "type": "Feature", "properties": { "ubigeo": "130502", "departamento": "LA LIBERTAD", "provincia": "JULCAN", "capital": "CALAMARCA", "distrito": "CALAMARCA", "gasto_mef_2012": 8805880.32, "gasto_mef_2013": 15957794.95000001, "gasto_mef_2014": 12222371.14, "gasto_mef_2015": 9062977.09, "gasto_mef_2016": 5900013.49, "gasto_mef_2017": 11090128.27, "gasto_mef_2018": 6707587.31, "gasto_mef_2019": 9948112.76, "gasto_mef_2020": 4479509.57, "gasto_mef_2021": 7263339.12, "gasto_mef_2022": 5565316.87, "gasto_mef_2023": 20506063.51000001, "gasto_mef_2024": 8809446.29, "gasto_mef_2025": 11292849.15, "gasto_mef_2026": 3094281.09, "num_establecimientos_salud": 5, "num_ie_activas": 52, "num_ie_inactivas": 15, "num_ie_total": 67, "poblacion_2017": 5232, "ie_activas_per_1000hab": 9.9388379204892967, "establecimientos_salud_per_1000hab": 0.95565749235474007, "gasto_mef_2026_per_capita": 591.4145814220185, "gasto_mef_promedio_periodo": 9380378.062000001, "gasto_mef_promedio_per_capita": 1792.8857152140674, "log_gasto_mef_2026": 14.945066479197648, "log_poblacion_2017": 8.5627400063722074, "tendencia_gasto_mef": -179103.19242855991, "tendencia_gasto_mef_per_capita": -34.232261549801208, "proporcion_ie_inactivas": 0.22388059701492538, "area_km2": 209.08689903739452, "densidad_poblacional": 25.023088601377523, "log_densidad_poblacional": 3.2589841670921191, "comunidad_louvain": 2, "cluster_graphsage": 6 }, "geometry": { "type": "Polygon", "coordinates": [ [ [ -78.354285611999956, -8.031985600999974 ], [ -78.347330111999952, -8.040507225999932 ], [ -78.340486361999979, -8.043913725999971 ], [ -78.337018361999981, -8.044586475999949 ], [ -78.335023611999986, -8.046184600999936 ], [ -78.332721861999971, -8.050020975999928 ], [ -78.330604236999989, -8.051616850999949 ], [ -78.329377736999959, -8.054495600999928 ], [ -78.326407486999983, -8.056356600999948 ], [ -78.319985736999968, -8.05753997599993 ], [ -78.314021611999976, -8.055148600999928 ], [ -78.309410111999966, -8.052191350999976 ], [ -78.303712861999941, -8.051851600999953 ], [ -78.300067986999977, -8.053519600999948 ], [ -78.294145111999967, -8.060363225999936 ], [ -78.289633736999974, -8.061744350999959 ], [ -78.288283361999959, -8.062971975999972 ], [ -78.289761486999964, -8.075073225999972 ], [ -78.291729736999969, -8.077220475999979 ], [ -78.298257861999957, -8.08128122599993 ], [ -78.300139736999938, -8.084234725999977 ], [ -78.297766487, -8.091390475999958 ], [ -78.299978486999976, -8.097711100999959 ], [ -78.298549986999944, -8.101099725999973 ], [ -78.299239611999951, -8.103052475999959 ], [ -78.30205061199996, -8.105735850999963 ], [ -78.303359861999979, -8.113055475999943 ], [ -78.308200861999978, -8.114867975999971 ], [ -78.311361861999956, -8.12545585099997 ], [ -78.313049861999957, -8.128586350999967 ], [ -78.317956361999961, -8.133139725999968 ], [ -78.318531736999944, -8.135019475999968 ], [ -78.317956361999961, -8.13808847599995 ], [ -78.315820486999939, -8.143499475999931 ], [ -78.316303861999984, -8.14631910099996 ], [ -78.32439261199994, -8.154115225999931 ], [ -78.328097611999965, -8.150943350999967 ], [ -78.334470736999947, -8.14962110099998 ], [ -78.34160998699997, -8.153369975999965 ], [ -78.346449986999971, -8.154559975999973 ], [ -78.349799986999983, -8.157419975999971 ], [ -78.353269986999976, -8.159039975999974 ], [ -78.362549987999955, -8.161309975999927 ], [ -78.371629987999938, -8.167579975999956 ], [ -78.375589987999945, -8.169309975999965 ], [ -78.376569987999972, -8.171369975999937 ], [ -78.377789987999961, -8.185719975999973 ], [ -78.380629987999953, -8.188619975999927 ], [ -78.386099987999955, -8.190789975999962 ], [ -78.398369987999956, -8.191719975999945 ], [ -78.401549987999942, -8.192499975999965 ], [ -78.403719987999978, -8.194789975999981 ], [ -78.405359987999987, -8.195279975999938 ], [ -78.407399987999952, -8.194969975999982 ], [ -78.410569987999963, -8.192269975999977 ], [ -78.41452998799997, -8.192269975999977 ], [ -78.419529987999965, -8.190009975999942 ], [ -78.430839987999946, -8.189779975999954 ], [ -78.440449987999955, -8.19406997599998 ], [ -78.445839987999989, -8.195439975999932 ], [ -78.450709987999971, -8.201439975999961 ], [ -78.454609987999959, -8.203519975999939 ], [ -78.456319987999962, -8.20167997599998 ], [ -78.45944998799996, -8.20089997599996 ], [ -78.462399987999959, -8.197699975999967 ], [ -78.467379987999948, -8.198779975999969 ], [ -78.468759987999988, -8.197179975999973 ], [ -78.47406998799994, -8.194529975999956 ], [ -78.480149987999937, -8.194259975999955 ], [ -78.485029987999951, -8.195859975999952 ], [ -78.488679987999944, -8.192699975999972 ], [ -78.490049987999953, -8.192479975999959 ], [ -78.485359987999971, -8.185609975999967 ], [ -78.47965998799998, -8.181709975999979 ], [ -78.476309987999969, -8.174989975999949 ], [ -78.472369987999969, -8.174209975999929 ], [ -78.471129987999973, -8.17182997599997 ], [ -78.472749987999975, -8.169329975999972 ], [ -78.472539987999937, -8.16657997599998 ], [ -78.463749987999961, -8.156529975999945 ], [ -78.46180998799997, -8.151859975999969 ], [ -78.459769987999948, -8.149229975999958 ], [ -78.458829987999934, -8.145789975999946 ], [ -78.455729987999973, -8.140889975999926 ], [ -78.449269987999969, -8.136499975999925 ], [ -78.446299987999964, -8.131869975999962 ], [ -78.438179987999945, -8.123519975999955 ], [ -78.430039987999976, -8.117669975999945 ], [ -78.427539987999978, -8.109749975999932 ], [ -78.427759987999934, -8.107429975999935 ], [ -78.429849987999944, -8.103459975999954 ], [ -78.430429987999958, -8.098309975999939 ], [ -78.429309987999943, -8.095629975999941 ], [ -78.423969987999953, -8.092939975999968 ], [ -78.420579987999986, -8.089009975999943 ], [ -78.415739987999984, -8.087259975999928 ], [ -78.409169987999974, -8.088639975999968 ], [ -78.405269987999986, -8.086599975999945 ], [ -78.403019987999983, -8.084429975999967 ], [ -78.400759987999947, -8.080789979999963 ], [ -78.40043998799996, -8.078819975999977 ], [ -78.402819987999976, -8.070569975999945 ], [ -78.399989987999959, -8.066039975999956 ], [ -78.40001998799994, -8.062109975999931 ], [ -78.39903998799997, -8.058249975999956 ], [ -78.394009987999937, -8.052139975999978 ], [ -78.393549987999961, -8.050559975999931 ], [ -78.385447362999969, -8.048697225999945 ], [ -78.380795862999946, -8.046521225999982 ], [ -78.372467737999955, -8.038407225999947 ], [ -78.366733237999938, -8.038002725999945 ], [ -78.364948612999967, -8.036979475999942 ], [ -78.360802112999977, -8.03641535099996 ], [ -78.354781236999941, -8.029960975999927 ], [ -78.354285611999956, -8.031985600999974 ] ] ] } },
{ "type": "Feature", "properties": { "ubigeo": "130503", "departamento": "LA LIBERTAD", "provincia": "JULCAN", "capital": "CARABAMBA", "distrito": "CARABAMBA", "gasto_mef_2012": 5871835.6, "gasto_mef_2013": 5985296.14, "gasto_mef_2014": 10959960.86, "gasto_mef_2015": 5311264.25, "gasto_mef_2016": 2635977.63, "gasto_mef_2017": 9553193.34, "gasto_mef_2018": 3910500.55, "gasto_mef_2019": 7183026.0000000019, "gasto_mef_2020": 4029599.93, "gasto_mef_2021": 9789473.96, "gasto_mef_2022": 9422136.31, "gasto_mef_2023": 21965940.190000013, "gasto_mef_2024": 8279889.71, "gasto_mef_2025": 11465333.68, "gasto_mef_2026": 12172813.61, "num_establecimientos_salud": 3, "num_ie_activas": 69, "num_ie_inactivas": 39, "num_ie_total": 108, "poblacion_2017": 6828, "ie_activas_per_1000hab": 10.105448154657294, "establecimientos_salud_per_1000hab": 0.43936731107205623, "gasto_mef_2026_per_capita": 1782.77879466901, "gasto_mef_promedio_periodo": 8569082.784, "gasto_mef_promedio_per_capita": 1254.9916203866433, "log_gasto_mef_2026": 16.314715712669255, "log_poblacion_2017": 8.8289335289610893, "tendencia_gasto_mef": 539841.27135707834, "tendencia_gasto_mef_per_capita": 79.062869267293252, "proporcion_ie_inactivas": 0.3611111111111111, "area_km2": 234.48083008729418, "densidad_poblacional": 29.11965126299674, "log_densidad_poblacional": 3.4051778246109041, "comunidad_louvain": 2, "cluster_graphsage": 6 }, "geometry": { "type": "Polygon", "coordinates": [ [ [ -78.599120862999939, -8.061121100999969 ], [ -78.593271487999971, -8.062460975999954 ], [ -78.589949987999944, -8.065217600999972 ], [ -78.578845612999942, -8.071118475999981 ], [ -78.57570536299994, -8.072608100999958 ], [ -78.572797487999935, -8.072920350999937 ], [ -78.567075862999957, -8.076045850999947 ], [ -78.559765987999981, -8.075491350999926 ], [ -78.555692112999964, -8.077182600999947 ], [ -78.551566362999949, -8.077099600999929 ], [ -78.548707487999934, -8.07944647599993 ], [ -78.547272362999934, -8.08321885099997 ], [ -78.544491362999963, -8.085400225999933 ], [ -78.538483237999969, -8.085102725999946 ], [ -78.535898948999943, -8.083894811999926 ], [ -78.52978361299995, -8.090512350999973 ], [ -78.529469862999974, -8.092472975999954 ], [ -78.530646237999974, -8.097727475999932 ], [ -78.529699987999948, -8.099149975999978 ], [ -78.526499987999955, -8.10040997599998 ], [ -78.519929987999944, -8.112009975999968 ], [ -78.514629987999967, -8.11371997599997 ], [ -78.514089987999967, -8.117459975999964 ], [ -78.506569987999967, -8.123989975999962 ], [ -78.504259987999944, -8.12702997599996 ], [ -78.503899987999944, -8.131429975999936 ], [ -78.500029987999937, -8.133709975999977 ], [ -78.504739987999983, -8.140589975999944 ], [ -78.505439987999978, -8.144949975999964 ], [ -78.508519987999989, -8.149819975999947 ], [ -78.509109987999977, -8.152979975999926 ], [ -78.511289987999987, -8.154919975999974 ], [ -78.513609987999985, -8.159419975999981 ], [ -78.512949987999946, -8.160969975999933 ], [ -78.51430998799998, -8.16361997599995 ], [ -78.514319987999954, -8.165699975999928 ], [ -78.511489987999937, -8.179899975999945 ], [ -78.513359987999934, -8.182149975999948 ], [ -78.512629987999958, -8.184479975999977 ], [ -78.513579987999947, -8.18803997599997 ], [ -78.513359987999934, -8.191909975999977 ], [ -78.514419987999986, -8.193659975999935 ], [ -78.516459987999951, -8.194679975999975 ], [ -78.516919987999984, -8.198179975999949 ], [ -78.520619987999964, -8.199959975999946 ], [ -78.519889987999989, -8.202019975999974 ], [ -78.517839987999935, -8.203519975999939 ], [ -78.516329987999939, -8.208259975999965 ], [ -78.519879987999957, -8.209209975999954 ], [ -78.522399987999961, -8.212409975999947 ], [ -78.526249987999961, -8.21387997599993 ], [ -78.527699987999938, -8.216909975999954 ], [ -78.529509987999973, -8.21790997599993 ], [ -78.532489987999952, -8.21772997599993 ], [ -78.534359987999949, -8.216729975999954 ], [ -78.536609987999952, -8.218479975999969 ], [ -78.540539987999978, -8.218549975999963 ], [ -78.545449987999973, -8.222789975999945 ], [ -78.548489987999972, -8.222529975999976 ], [ -78.55083998799995, -8.223839975999965 ], [ -78.551479987999983, -8.22533997599993 ], [ -78.556569987999978, -8.226689975999932 ], [ -78.559029987999963, -8.228369975999954 ], [ -78.562869987999989, -8.228599975999941 ], [ -78.563239987999964, -8.231319975999952 ], [ -78.565829987999962, -8.234249975999944 ], [ -78.565969987999949, -8.241419975999975 ], [ -78.561609987999987, -8.245699975999969 ], [ -78.565780053999958, -8.251028208999969 ], [ -78.566142612999954, -8.249533225999926 ], [ -78.568484987999966, -8.247552350999968 ], [ -78.575382987999944, -8.243690475999927 ], [ -78.588303112999938, -8.241114350999965 ], [ -78.595595737999986, -8.236411225999973 ], [ -78.59551573799996, -8.232402600999933 ], [ -78.600602612999978, -8.228471475999982 ], [ -78.604692487999955, -8.22206560099994 ], [ -78.60477723799994, -8.218549975999963 ], [ -78.601143487999934, -8.20845722599995 ], [ -78.603914362999944, -8.204573975999949 ], [ -78.605232112999943, -8.197945225999945 ], [ -78.606970362999959, -8.19539122599997 ], [ -78.61580711299996, -8.19356585099996 ], [ -78.621525362999989, -8.188593725999965 ], [ -78.623920362999968, -8.18784360099994 ], [ -78.626691362999964, -8.188130850999926 ], [ -78.628225487999941, -8.18974160099998 ], [ -78.631559737999964, -8.191088475999948 ], [ -78.637387487999945, -8.189064850999955 ], [ -78.640197237999985, -8.188982850999935 ], [ -78.643753862999972, -8.19010747599998 ], [ -78.645599987999958, -8.189793975999976 ], [ -78.647203737999973, -8.18745310099996 ], [ -78.652466612999945, -8.184655975999931 ], [ -78.653389987999958, -8.182465100999934 ], [ -78.651668237999957, -8.177139225999952 ], [ -78.642740237999988, -8.168310850999944 ], [ -78.636795237999934, -8.155526475999977 ], [ -78.63726573799994, -8.149305350999953 ], [ -78.639088612999956, -8.143001225999967 ], [ -78.638013987999955, -8.138206475999937 ], [ -78.638563487999988, -8.135521725999979 ], [ -78.637631737999982, -8.130440475999933 ], [ -78.681978237999942, -8.125048850999974 ], [ -78.680512737999948, -8.113800100999981 ], [ -78.682369612999935, -8.097219725999935 ], [ -78.680441362999943, -8.098675725999954 ], [ -78.67311011299995, -8.098303600999941 ], [ -78.666038612999955, -8.096343225999931 ], [ -78.663774737999972, -8.093542475999925 ], [ -78.661441612999965, -8.093613225999945 ], [ -78.652071612999976, -8.09112135099997 ], [ -78.647007862999942, -8.094048850999968 ], [ -78.640081987999963, -8.095617225999945 ], [ -78.636271487999977, -8.097540975999948 ], [ -78.63411911299994, -8.097320350999951 ], [ -78.632124987999987, -8.096123100999932 ], [ -78.629867237999974, -8.09313472599996 ], [ -78.625681612999983, -8.081589850999933 ], [ -78.62525586299995, -8.076164100999961 ], [ -78.622058612999979, -8.074054725999929 ], [ -78.619059487999948, -8.069188225999937 ], [ -78.609435112999961, -8.062928725999939 ], [ -78.604393237999943, -8.06131660099993 ], [ -78.599120862999939, -8.061121100999969 ] ] ] } },
{ "type": "Feature", "properties": { "ubigeo": "130504", "departamento": "LA LIBERTAD", "provincia": "JULCAN", "capital": "HUASO", "distrito": "HUASO", "gasto_mef_2012": 5949550.78, "gasto_mef_2013": 4756377.22, "gasto_mef_2014": 6826226.81, "gasto_mef_2015": 9211671.71, "gasto_mef_2016": 4141041.49, "gasto_mef_2017": 4492395.59, "gasto_mef_2018": 4991565.9, "gasto_mef_2019": 8813525.75, "gasto_mef_2020": 17446026.04, "gasto_mef_2021": 10723838.850000011, "gasto_mef_2022": 12450476.41, "gasto_mef_2023": 4832958.07, "gasto_mef_2024": 6652936.41, "gasto_mef_2025": 12818332.1, "gasto_mef_2026": 2624320.97, "num_establecimientos_salud": 7, "num_ie_activas": 61, "num_ie_inactivas": 19, "num_ie_total": 80, "poblacion_2017": 6160, "ie_activas_per_1000hab": 9.9025974025974026, "establecimientos_salud_per_1000hab": 1.1363636363636362, "gasto_mef_2026_per_capita": 426.02613149350651, "gasto_mef_promedio_periodo": 7782082.94, "gasto_mef_promedio_per_capita": 1263.3251525974026, "log_gasto_mef_2026": 14.780333123500551, "log_poblacion_2017": 8.725994381014571, "tendencia_gasto_mef": 201998.09096428243, "tendencia_gasto_mef_per_capita": 32.791897883812084, "proporcion_ie_inactivas": 0.2375, "area_km2": 439.05209718520967, "densidad_poblacional": 14.030225659989199, "log_densidad_poblacional": 2.710063217623512, "comunidad_louvain": 2, "cluster_graphsage": 6 }, "geometry": { "type": "Polygon", "coordinates": [ [ [ -78.330147611999962, -8.150089350999963 ], [ -78.325407611999935, -8.152907725999967 ], [ -78.320805361999987, -8.157273350999958 ], [ -78.311777861999985, -8.161487350999948 ], [ -78.304142986999977, -8.168585350999933 ], [ -78.303506361999951, -8.170247475999929 ], [ -78.299085736999984, -8.202641975999938 ], [ -78.300536861999944, -8.222151725999936 ], [ -78.299884736999957, -8.231282975999932 ], [ -78.300699986999973, -8.236337725999931 ], [ -78.309169236999935, -8.242635600999961 ], [ -78.311025986999937, -8.250813850999975 ], [ -78.31291598699994, -8.253353475999972 ], [ -78.320226361999971, -8.253880725999977 ], [ -78.324481236999986, -8.256146225999942 ], [ -78.330614987, -8.257472475999975 ], [ -78.332327986999985, -8.259185475999971 ], [ -78.334648736999952, -8.263827100999947 ], [ -78.341666611999983, -8.268800350999982 ], [ -78.346530361999953, -8.271167850999973 ], [ -78.348186986999963, -8.274712975999932 ], [ -78.348794861999977, -8.278967850999948 ], [ -78.35388661199994, -8.28807810099994 ], [ -78.355228486999977, -8.289828100999955 ], [ -78.359679737999954, -8.291144475999943 ], [ -78.361943737999979, -8.292939475999958 ], [ -78.364043237999965, -8.297243475999949 ], [ -78.365119237999977, -8.302072475999978 ], [ -78.366562737999971, -8.30446060099996 ], [ -78.370179737999933, -8.307481100999951 ], [ -78.377999987999942, -8.310042975999977 ], [ -78.384215362999953, -8.306541725999978 ], [ -78.389972487999955, -8.301442600999962 ], [ -78.39511523799996, -8.30179097599995 ], [ -78.398578112999985, -8.304285100999948 ], [ -78.405151237999974, -8.30540210099997 ], [ -78.412513237999974, -8.304377725999927 ], [ -78.412652487999935, -8.311494225999979 ], [ -78.415949237999939, -8.32001947599997 ], [ -78.416187862999948, -8.327187225999978 ], [ -78.415203737999946, -8.334445475999928 ], [ -78.416187862999948, -8.337684850999949 ], [ -78.419215362999978, -8.345135600999981 ], [ -78.421887737999953, -8.349002725999981 ], [ -78.423979112999973, -8.357696100999931 ], [ -78.427229987999965, -8.359804100999952 ], [ -78.431239112999947, -8.360265225999967 ], [ -78.436112487999935, -8.364941975999955 ], [ -78.436810862999948, -8.371593975999929 ], [ -78.436330237999982, -8.37496222599998 ], [ -78.440561612999943, -8.378408725999975 ], [ -78.442497987999957, -8.38228322599997 ], [ -78.459333362999985, -8.38453685099995 ], [ -78.46596023799998, -8.387598350999951 ], [ -78.471501987999943, -8.386970725999959 ], [ -78.477780737999979, -8.383339725999974 ], [ -78.483079612999973, -8.381993975999933 ], [ -78.489411987999972, -8.377631100999963 ], [ -78.495109987999967, -8.37021997599993 ], [ -78.489217362999966, -8.366299475999938 ], [ -78.484851737999975, -8.357989350999958 ], [ -78.479137487999935, -8.351083350999943 ], [ -78.483664112999975, -8.349177725999937 ], [ -78.486583612999937, -8.345957600999952 ], [ -78.498364487999936, -8.34097110099998 ], [ -78.503032612999959, -8.339879225999937 ], [ -78.510839487999988, -8.340069100999926 ], [ -78.516588987999967, -8.338321475999976 ], [ -78.527599987999963, -8.330639975999929 ], [ -78.534149987999967, -8.327099975999943 ], [ -78.537341737999952, -8.32160747599994 ], [ -78.541611487999944, -8.321540725999967 ], [ -78.546081987999969, -8.323604225999929 ], [ -78.550377862999937, -8.324210350999977 ], [ -78.558817737999959, -8.320413100999929 ], [ -78.565582487999961, -8.319689350999965 ], [ -78.570211237999956, -8.320212100999981 ], [ -78.574505487999943, -8.31697672599995 ], [ -78.580620737999936, -8.308720100999949 ], [ -78.583023987999979, -8.307768225999951 ], [ -78.588296862999982, -8.307498100999965 ], [ -78.590547737999941, -8.302540350999948 ], [ -78.586450487999969, -8.30005885099996 ], [ -78.585146487999964, -8.297806600999934 ], [ -78.583749112999953, -8.290812725999956 ], [ -78.583199988, -8.279309975999979 ], [ -78.576549987999954, -8.275709975999973 ], [ -78.573789987999987, -8.273069975999931 ], [ -78.571999987999959, -8.268689975999962 ], [ -78.572439987999985, -8.266629975999933 ], [ -78.571359987999983, -8.264689975999943 ], [ -78.57175998799994, -8.262229975999958 ], [ -78.568589987999985, -8.260249975999955 ], [ -78.566789987999982, -8.260369975999936 ], [ -78.564919987999986, -8.254819975999965 ], [ -78.565779987999974, -8.250869975999933 ], [ -78.561609987999987, -8.245699975999969 ], [ -78.565969987999949, -8.241419975999975 ], [ -78.565829987999962, -8.234249975999944 ], [ -78.563239987999964, -8.231319975999952 ], [ -78.562719987999969, -8.22847997599996 ], [ -78.559029987999963, -8.228369975999954 ], [ -78.556569987999978, -8.226689975999932 ], [ -78.551479987999983, -8.22533997599993 ], [ -78.55083998799995, -8.223839975999965 ], [ -78.548489987999972, -8.222529975999976 ], [ -78.545449987999973, -8.222789975999945 ], [ -78.540539987999978, -8.218549975999963 ], [ -78.536609987999952, -8.218479975999969 ], [ -78.534959987999969, -8.216779975999941 ], [ -78.532489987999952, -8.21772997599993 ], [ -78.52824998799997, -8.217299975999936 ], [ -78.526249987999961, -8.21387997599993 ], [ -78.522399987999961, -8.212409975999947 ], [ -78.519879987999957, -8.209209975999954 ], [ -78.515869987999963, -8.208199975999946 ], [ -78.514539987999967, -8.206569975999969 ], [ -78.512339987999951, -8.205899975999955 ], [ -78.505619987999978, -8.205859975999942 ], [ -78.498569987999986, -8.19773997599998 ], [ -78.495639987999937, -8.197219975999928 ], [ -78.490049987999953, -8.192479975999959 ], [ -78.488679987999944, -8.192699975999972 ], [ -78.485029987999951, -8.195859975999952 ], [ -78.480149987999937, -8.194259975999955 ], [ -78.47406998799994, -8.194529975999956 ], [ -78.468759987999988, -8.197179975999973 ], [ -78.467379987999948, -8.198779975999969 ], [ -78.462399987999959, -8.197699975999967 ], [ -78.45944998799996, -8.20089997599996 ], [ -78.456319987999962, -8.20167997599998 ], [ -78.454609987999959, -8.203519975999939 ], [ -78.450709987999971, -8.201439975999961 ], [ -78.445839987999989, -8.195439975999932 ], [ -78.440449987999955, -8.19406997599998 ], [ -78.430839987999946, -8.189779975999954 ], [ -78.419529987999965, -8.190009975999942 ], [ -78.41452998799997, -8.192269975999977 ], [ -78.410569987999963, -8.192269975999977 ], [ -78.407399987999952, -8.194969975999982 ], [ -78.405359987999987, -8.195279975999938 ], [ -78.403719987999978, -8.194789975999981 ], [ -78.40121998799998, -8.192409975999965 ], [ -78.395739987999946, -8.191149975999963 ], [ -78.387739987999964, -8.190979975999937 ], [ -78.383989987999939, -8.190099975999942 ], [ -78.379549987999951, -8.18794997599997 ], [ -78.377789987999961, -8.185719975999973 ], [ -78.376569987999972, -8.171369975999937 ], [ -78.375649987999964, -8.169349975999978 ], [ -78.371629987999938, -8.167579975999956 ], [ -78.362549987999955, -8.161309975999927 ], [ -78.353269986999976, -8.159039975999974 ], [ -78.349799986999983, -8.157419975999971 ], [ -78.346449986999971, -8.154559975999973 ], [ -78.34160998699997, -8.153369975999965 ], [ -78.334470736999947, -8.14962110099998 ], [ -78.330147611999962, -8.150089350999963 ] ] ] } },
{ "type": "Feature", "properties": { "ubigeo": "130601", "departamento": "LA LIBERTAD", "provincia": "OTUZCO", "capital": "OTUZCO", "distrito": "OTUZCO", "gasto_mef_2012": 64400880.039999969, "gasto_mef_2013": 80825813.899999797, "gasto_mef_2014": 85334143.779999971, "gasto_mef_2015": 81729169.370000094, "gasto_mef_2016": 97041179.579999968, "gasto_mef_2017": 94103873.599999875, "gasto_mef_2018": 102807363.54000022, "gasto_mef_2019": 154405797.92000026, "gasto_mef_2020": 141978706.66000032, "gasto_mef_2021": 158992623.65000018, "gasto_mef_2022": 156057587.74000004, "gasto_mef_2023": 159929749.51999986, "gasto_mef_2024": 197167602.30999959, "gasto_mef_2025": 209381148.85999948, "gasto_mef_2026": 116998041.87999964, "num_establecimientos_salud": 10, "num_ie_activas": 135, "num_ie_inactivas": 48, "num_ie_total": 183, "poblacion_2017": 26039, "ie_activas_per_1000hab": 5.1845308959637464, "establecimientos_salud_per_1000hab": 0.38403932562694421, "gasto_mef_2026_per_capita": 4493.1849103268032, "gasto_mef_promedio_periodo": 126743578.82333328, "gasto_mef_promedio_per_capita": 4867.4518538858356, "log_gasto_mef_2026": 18.577667765100752, "log_poblacion_2017": 10.167389096322506, "tendencia_gasto_mef": 8419570.798535049, "tendencia_gasto_mef_per_capita": 323.34462915377122, "proporcion_ie_inactivas": 0.26229508196721313, "area_km2": 402.28776940185975, "densidad_poblacional": 64.727297175144059, "log_densidad_poblacional": 4.1855143213196397, "comunidad_louvain": 4, "cluster_graphsage": 6 }, "geometry": { "type": "Polygon", "coordinates": [ [ [ -78.589429987999949, -7.701739975999942 ], [ -78.58635998799997, -7.703369975999976 ], [ -78.583469987999933, -7.706519975999981 ], [ -78.579709987999934, -7.712819975999935 ], [ -78.577539987999955, -7.713299975999973 ], [ -78.577749987999937, -7.714259975999937 ], [ -78.573879987999987, -7.71349997599998 ], [ -78.566219987999943, -7.718739975999938 ], [ -78.561399987999948, -7.71874997599997 ], [ -78.558009987999981, -7.722929975999932 ], [ -78.552489987999934, -7.724929975999942 ], [ -78.546849987999963, -7.731779975999928 ], [ -78.545639987999948, -7.737019975999942 ], [ -78.542599987999949, -7.741339975999949 ], [ -78.53761998799996, -7.74492997599998 ], [ -78.534719987999949, -7.745289975999981 ], [ -78.532559987999946, -7.747939975999941 ], [ -78.524644987999977, -7.749209475999976 ], [ -78.516594237999982, -7.752058850999958 ], [ -78.512545237999973, -7.754698350999945 ], [ -78.507989737999935, -7.755793725999979 ], [ -78.503399987999956, -7.755159975999959 ], [ -78.501639987999965, -7.756909975999974 ], [ -78.500699987999951, -7.76005997599998 ], [ -78.502479987999948, -7.776969975999975 ], [ -78.501509987999953, -7.783749975999967 ], [ -78.502599987999986, -7.791459975999942 ], [ -78.50173998799994, -7.796009975999937 ], [ -78.501729987999965, -7.804279975999975 ], [ -78.503249987999936, -7.808709975999932 ], [ -78.510269987999948, -7.819369975999962 ], [ -78.510567487999936, -7.822384350999926 ], [ -78.509001987999966, -7.82898985099996 ], [ -78.511323862999973, -7.831947975999981 ], [ -78.509924362999982, -7.835701100999927 ], [ -78.501346737999938, -7.844575600999974 ], [ -78.478126112999973, -7.84433572599994 ], [ -78.477369112999952, -7.848363225999947 ], [ -78.479830737999976, -7.854174350999926 ], [ -78.481677612999988, -7.861711225999954 ], [ -78.484732362999978, -7.86571085099996 ], [ -78.49379973799995, -7.872432725999943 ], [ -78.494544362999989, -7.873996475999945 ], [ -78.491927862999944, -7.877179850999937 ], [ -78.490225237999937, -7.880885725999974 ], [ -78.488407737999978, -7.896150975999944 ], [ -78.48330561299997, -7.900713475999964 ], [ -78.479132862999961, -7.902740225999935 ], [ -78.477761862999955, -7.908489475999943 ], [ -78.478460112999983, -7.911031350999963 ], [ -78.48683473799997, -7.910897225999975 ], [ -78.489947924999967, -7.911722288999954 ], [ -78.503713612999945, -7.917836225999963 ], [ -78.50918986299996, -7.916410975999952 ], [ -78.510165112999971, -7.917048600999976 ], [ -78.51331573799996, -7.923950100999946 ], [ -78.51695411299994, -7.926425725999934 ], [ -78.520695362999959, -7.932087975999934 ], [ -78.522839862999945, -7.933917975999975 ], [ -78.527752112999963, -7.935302725999975 ], [ -78.530607362999945, -7.935035100999926 ], [ -78.533287112999972, -7.931908225999962 ], [ -78.542302737999989, -7.93339260099998 ], [ -78.55352486299995, -7.924212725999951 ], [ -78.560029862999954, -7.923414975999947 ], [ -78.563056112999959, -7.923807850999935 ], [ -78.565793612999983, -7.922987600999932 ], [ -78.570749987999989, -7.926979975999927 ], [ -78.574619987999938, -7.926469975999964 ], [ -78.578249987999982, -7.929169975999969 ], [ -78.586239987999988, -7.930039975999932 ], [ -78.587799987999972, -7.930789975999971 ], [ -78.589239987999974, -7.933989975999964 ], [ -78.592009987999973, -7.935789975999967 ], [ -78.594609987999945, -7.939209975999972 ], [ -78.598779988, -7.940369975999943 ], [ -78.604039987999954, -7.94408997599993 ], [ -78.605589987999963, -7.947879975999967 ], [ -78.611899987999948, -7.953549975999977 ], [ -78.612159987999974, -7.95650997599995 ], [ -78.617499987999963, -7.960469975999956 ], [ -78.62321998799996, -7.961459975999958 ], [ -78.628589987999987, -7.963429975999929 ], [ -78.632119987999943, -7.965569975999927 ], [ -78.635149987999966, -7.969219975999977 ], [ -78.638769987999979, -7.969219975999977 ], [ -78.642909987999985, -7.976169975999937 ], [ -78.644759987999976, -7.977659975999927 ], [ -78.647609987999942, -7.978179975999979 ], [ -78.650329987999953, -7.981759975999978 ], [ -78.65228998799995, -7.982159975999934 ], [ -78.653339987999971, -7.985049975999971 ], [ -78.656399987999976, -7.987869975999956 ], [ -78.661279988, -7.989059975999965 ], [ -78.669349987999965, -7.988849975999926 ], [ -78.672599987999945, -7.990429975999973 ], [ -78.674519987999986, -7.990399975999935 ], [ -78.678059987999973, -7.995189975999949 ], [ -78.680099987999938, -7.996529975999977 ], [ -78.682279987999948, -7.996659975999933 ], [ -78.683406862999959, -7.994667600999946 ], [ -78.68466011299995, -7.985688225999979 ], [ -78.687185987999953, -7.981031850999955 ], [ -78.690555612999958, -7.978499975999966 ], [ -78.694337612999959, -7.972815100999981 ], [ -78.690204862999963, -7.96648210099994 ], [ -78.690107487999967, -7.959372975999941 ], [ -78.688695362999965, -7.950316350999969 ], [ -78.688898112999937, -7.947408225999936 ], [ -78.689791862999982, -7.946104600999945 ], [ -78.683484487999976, -7.94448885099996 ], [ -78.680155237999941, -7.942242975999932 ], [ -78.679579362999959, -7.940759975999981 ], [ -78.674553737999986, -7.93946860099993 ], [ -78.671911612999963, -7.935954475999949 ], [ -78.664407737999966, -7.929058350999981 ], [ -78.656886612999983, -7.926122975999931 ], [ -78.657473737999965, -7.91948847599997 ], [ -78.659704612999974, -7.914420600999961 ], [ -78.659308237999937, -7.91283522599997 ], [ -78.656507487999988, -7.907445100999951 ], [ -78.651249738, -7.904591725999978 ], [ -78.647946862999959, -7.899703475999956 ], [ -78.649080862999938, -7.894488975999934 ], [ -78.651592987999948, -7.890561475999959 ], [ -78.654367362999949, -7.880943850999927 ], [ -78.654021612999941, -7.878533725999944 ], [ -78.648897987999987, -7.870190100999935 ], [ -78.647470987999952, -7.866068287999951 ], [ -78.648580987999935, -7.863558100999967 ], [ -78.652267612999935, -7.860525350999978 ], [ -78.65219198799997, -7.853968225999949 ], [ -78.646398237999961, -7.846268975999976 ], [ -78.640066862999959, -7.84106647599998 ], [ -78.634579112999972, -7.833368475999976 ], [ -78.632615237999971, -7.83145510099996 ], [ -78.626718737999965, -7.828611475999935 ], [ -78.625966737999988, -7.827414100999931 ], [ -78.630113987999948, -7.819172725999977 ], [ -78.633465362999971, -7.81778110099998 ], [ -78.640746487999934, -7.816499725999961 ], [ -78.647493862999966, -7.812576475999947 ], [ -78.659015237999938, -7.801417725999954 ], [ -78.665041487999986, -7.796993850999968 ], [ -78.664289112999938, -7.794548225999961 ], [ -78.663189987999942, -7.791983475999928 ], [ -78.660377362999952, -7.789970350999965 ], [ -78.650661612999954, -7.779693725999948 ], [ -78.644484487999989, -7.770056350999937 ], [ -78.636210238, -7.763633350999953 ], [ -78.631859987999974, -7.757059975999937 ], [ -78.627919987999974, -7.753039975999968 ], [ -78.627319987999954, -7.751289975999953 ], [ -78.624769987999969, -7.751179975999946 ], [ -78.624209987999961, -7.74966997599995 ], [ -78.621329987999957, -7.747519975999978 ], [ -78.612009987999954, -7.743339975999959 ], [ -78.611359987999947, -7.741249975999949 ], [ -78.60990998799997, -7.740199975999928 ], [ -78.606229987999939, -7.739379975999952 ], [ -78.604189987999973, -7.737199975999943 ], [ -78.600979987999949, -7.736229975999947 ], [ -78.600389987999961, -7.731179975999964 ], [ -78.599059987999965, -7.729799975999981 ], [ -78.598319987999957, -7.727049975999932 ], [ -78.600699987999974, -7.719479975999946 ], [ -78.599729987999979, -7.718529975999957 ], [ -78.599309987999959, -7.715339975999939 ], [ -78.596999987999936, -7.713469975999942 ], [ -78.594749988, -7.709749975999955 ], [ -78.596429987999954, -7.703469975999951 ], [ -78.594459987999983, -7.703359975999945 ], [ -78.592039987999954, -7.701699975999929 ], [ -78.589429987999949, -7.701739975999942 ] ] ] } },
{ "type": "Feature", "properties": { "ubigeo": "130602", "departamento": "LA LIBERTAD", "provincia": "OTUZCO", "capital": "AGALLPAMPA", "distrito": "AGALLPAMPA", "gasto_mef_2012": 14241487.55, "gasto_mef_2013": 9467487.56000001, "gasto_mef_2014": 10345861.04, "gasto_mef_2015": 4359251.39, "gasto_mef_2016": 12782116.17, "gasto_mef_2017": 27217285.28, "gasto_mef_2018": 9024983.35, "gasto_mef_2019": 31572357.07, "gasto_mef_2020": 12689019.49, "gasto_mef_2021": 9884835.68, "gasto_mef_2022": 9394446.3800000101, "gasto_mef_2023": 10187186.760000013, "gasto_mef_2024": 13632161.49, "gasto_mef_2025": 10051071.54, "gasto_mef_2026": 4056661.63, "num_establecimientos_salud": 10, "num_ie_activas": 73, "num_ie_inactivas": 45, "num_ie_total": 118, "poblacion_2017": 10093, "ie_activas_per_1000hab": 7.2327355592985239, "establecimientos_salud_per_1000hab": 0.9907856930545923, "gasto_mef_2026_per_capita": 401.92823045675249, "gasto_mef_promedio_periodo": 12593747.492000001, "gasto_mef_promedio_per_capita": 1247.7704837015754, "log_gasto_mef_2026": 15.215871181225262, "log_poblacion_2017": 9.2196964669002082, "tendencia_gasto_mef": -247188.95092856212, "tendencia_gasto_mef_per_capita": -24.491127606119303, "proporcion_ie_inactivas": 0.38135593220338981, "area_km2": 258.46185001158557, "densidad_poblacional": 39.050250547798761, "log_densidad_poblacional": 3.6901349293699255, "comunidad_louvain": 2, "cluster_graphsage": 6 }, "geometry": { "type": "Polygon", "coordinates": [ [ [ -78.396496987999967, -7.858855225999946 ], [ -78.39182423799997, -7.861587850999967 ], [ -78.390110112999935, -7.863975100999937 ], [ -78.389800237999964, -7.866515475999961 ], [ -78.388065362999953, -7.869830350999962 ], [ -78.388069862999942, -7.873228725999979 ], [ -78.377509362999945, -7.881069600999979 ], [ -78.379098487999954, -7.884996850999926 ], [ -78.379304487999946, -7.887866475999942 ], [ -78.378858987999934, -7.895870725999941 ], [ -78.377757237999958, -7.898122100999956 ], [ -78.373254487999986, -7.900613100999976 ], [ -78.370811362999973, -7.904828475999977 ], [ -78.358841737999967, -7.912539100999936 ], [ -78.353039487, -7.91771422599993 ], [ -78.345049361999941, -7.920564475999981 ], [ -78.336932611999941, -7.921732600999974 ], [ -78.333064486999945, -7.925613225999939 ], [ -78.324455111999953, -7.930074225999931 ], [ -78.32759148699995, -7.933542725999928 ], [ -78.33846598699995, -7.937368100999947 ], [ -78.340761111999939, -7.939116600999967 ], [ -78.344434111999988, -7.946374975999959 ], [ -78.351294361999976, -7.948803100999953 ], [ -78.359939487999952, -7.947650350999936 ], [ -78.366223113, -7.95018347599995 ], [ -78.368272862999959, -7.95710597599998 ], [ -78.37159498799997, -7.961982600999931 ], [ -78.376418737999984, -7.973438975999954 ], [ -78.378592112999968, -7.976355600999966 ], [ -78.383058737999988, -7.978389850999974 ], [ -78.387352112999963, -7.976975100999937 ], [ -78.389950737999982, -7.977856475999943 ], [ -78.400520487999984, -7.984242600999949 ], [ -78.407285487999957, -7.990814600999954 ], [ -78.415570362999972, -7.990933850999966 ], [ -78.422788862999937, -7.992194225999981 ], [ -78.425738987999978, -7.997107350999954 ], [ -78.428927237999972, -7.999840350999932 ], [ -78.430596487999935, -8.000271100999953 ], [ -78.447153362999984, -7.994246975999943 ], [ -78.453447237999967, -7.993537100999959 ], [ -78.457567237999967, -7.991552600999967 ], [ -78.462593237999954, -7.994550850999929 ], [ -78.467252487999986, -7.993450975999963 ], [ -78.471846987999982, -7.997160975999975 ], [ -78.472592363, -8.000207475999957 ], [ -78.475867237999978, -8.005040975999975 ], [ -78.478497612999945, -8.005173100999968 ], [ -78.482892737999975, -8.007138975999965 ], [ -78.48828373799995, -8.011465100999942 ], [ -78.491689987999962, -8.015389975999938 ], [ -78.49830998799996, -8.005919975999973 ], [ -78.49970998799995, -8.002019975999929 ], [ -78.502899987999967, -8.000879975999965 ], [ -78.503609987999937, -7.99877997599998 ], [ -78.506669987999942, -7.998679975999949 ], [ -78.506579987999942, -7.996179975999951 ], [ -78.508509987999958, -7.994429975999935 ], [ -78.513399987999946, -7.994209975999979 ], [ -78.514609977999953, -7.993359977999944 ], [ -78.516550362999965, -7.993772725999975 ], [ -78.523519612999962, -8.000726975999953 ], [ -78.528257237999981, -8.001861850999944 ], [ -78.536232862999952, -8.006319850999944 ], [ -78.538841237999975, -8.005482350999955 ], [ -78.542352487999949, -8.002429100999962 ], [ -78.552088737999952, -8.001665225999943 ], [ -78.555349987999989, -8.002509975999942 ], [ -78.557159987999967, -8.000639975999945 ], [ -78.555429987999958, -7.995989975999976 ], [ -78.557269987999973, -7.993739975999972 ], [ -78.55755998799998, -7.990059975999941 ], [ -78.565989987999956, -7.985049975999971 ], [ -78.566479987999969, -7.983559975999981 ], [ -78.567509987999983, -7.983589975999962 ], [ -78.570159987999943, -7.977929975999928 ], [ -78.574639987999944, -7.97453997599996 ], [ -78.579749987999946, -7.972489975999963 ], [ -78.583459987999959, -7.973369975999958 ], [ -78.589399987999968, -7.977419975999965 ], [ -78.598659987999952, -7.969539975999965 ], [ -78.603159987999959, -7.969469975999971 ], [ -78.604939987999956, -7.968269975999931 ], [ -78.605869987999938, -7.965819975999977 ], [ -78.613929987999938, -7.960679975999938 ], [ -78.616989987999943, -7.960169975999975 ], [ -78.615459987999941, -7.958339975999934 ], [ -78.612159987999974, -7.95650997599995 ], [ -78.611899987999948, -7.953549975999977 ], [ -78.605589987999963, -7.947879975999967 ], [ -78.604039987999954, -7.94408997599993 ], [ -78.598779988, -7.940369975999943 ], [ -78.594609987999945, -7.939209975999972 ], [ -78.592009987999973, -7.935789975999967 ], [ -78.589239987999974, -7.933989975999964 ], [ -78.587799987999972, -7.930789975999971 ], [ -78.584289987999966, -7.92937997599995 ], [ -78.581559987999981, -7.929929975999926 ], [ -78.578249987999982, -7.929169975999969 ], [ -78.574619987999938, -7.926469975999964 ], [ -78.570749987999989, -7.926979975999927 ], [ -78.565793612999983, -7.922987600999932 ], [ -78.563056112999959, -7.923807850999935 ], [ -78.560029862999954, -7.923414975999947 ], [ -78.55352486299995, -7.924212725999951 ], [ -78.542302737999989, -7.93339260099998 ], [ -78.533287112999972, -7.931908225999962 ], [ -78.530607362999945, -7.935035100999926 ], [ -78.528956862999962, -7.935435600999938 ], [ -78.522839862999945, -7.933917975999975 ], [ -78.520695362999959, -7.932087975999934 ], [ -78.51695411299994, -7.926425725999934 ], [ -78.51331573799996, -7.923950100999946 ], [ -78.510165112999971, -7.917048600999976 ], [ -78.50918986299996, -7.916410975999952 ], [ -78.503713612999945, -7.917836225999963 ], [ -78.489947924999967, -7.911722288999954 ], [ -78.48683473799997, -7.910897225999975 ], [ -78.478460112999983, -7.911031350999963 ], [ -78.47036811299995, -7.906161225999938 ], [ -78.464703112999985, -7.898642600999949 ], [ -78.462783612999942, -7.897275350999962 ], [ -78.45843373799994, -7.895899725999925 ], [ -78.451035112999989, -7.896159975999979 ], [ -78.446461987999953, -7.889319225999941 ], [ -78.443933862999984, -7.88377935099993 ], [ -78.441256987999964, -7.881511475999957 ], [ -78.433861612999976, -7.880603100999963 ], [ -78.42823236299995, -7.881133475999945 ], [ -78.425482612999986, -7.879723350999939 ], [ -78.419293987999936, -7.879178850999949 ], [ -78.415011987999947, -7.877775225999926 ], [ -78.412841862999983, -7.87383485099997 ], [ -78.416883237999969, -7.868710850999946 ], [ -78.417763612999977, -7.86623822599995 ], [ -78.411649987999965, -7.866309100999956 ], [ -78.409683237999957, -7.867670350999958 ], [ -78.40713373799997, -7.86728472599998 ], [ -78.401262987999985, -7.862766850999947 ], [ -78.39875361299994, -7.859265975999961 ], [ -78.396496987999967, -7.858855225999946 ] ] ] } },
{ "type": "Feature", "properties": { "ubigeo": "130604", "departamento": "LA LIBERTAD", "provincia": "OTUZCO", "capital": "CHARAT", "distrito": "CHARAT", "gasto_mef_2012": 4207541.14, "gasto_mef_2013": 4020159.1, "gasto_mef_2014": 4643024.52, "gasto_mef_2015": 3785247.95, "gasto_mef_2016": 1799871.53, "gasto_mef_2017": 7810585.95, "gasto_mef_2018": 1779470.76, "gasto_mef_2019": 8691997.19, "gasto_mef_2020": 12098761.48, "gasto_mef_2021": 8634498.79, "gasto_mef_2022": 10829291.75, "gasto_mef_2023": 3725062.56, "gasto_mef_2024": 3898665.07, "gasto_mef_2025": 9300256.25, "gasto_mef_2026": 4789087.5, "num_establecimientos_salud": 4, "num_ie_activas": 23, "num_ie_inactivas": 12, "num_ie_total": 35, "poblacion_2017": 2626, "ie_activas_per_1000hab": 8.758568164508759, "establecimientos_salud_per_1000hab": 1.5232292460015233, "gasto_mef_2026_per_capita": 1823.7195354150797, "gasto_mef_promedio_periodo": 6000901.436000001, "gasto_mef_promedio_per_capita": 2285.1871424219348, "log_gasto_mef_2026": 15.381850659003652, "log_poblacion_2017": 7.8735977896855402, "tendencia_gasto_mef": 253015.16310712957, "tendencia_gasto_mef_per_capita": 96.350024031656346, "proporcion_ie_inactivas": 0.34285714285714286, "area_km2": 65.857664414663958, "densidad_poblacional": 39.873870768719385, "log_densidad_poblacional": 3.7104910023824518, "comunidad_louvain": 4, "cluster_graphsage": 6 }, "geometry": { "type": "Polygon", "coordinates": [ [ [ -78.496417612999949, -7.75350660099997 ], [ -78.490749987999948, -7.753929975999938 ], [ -78.482489987999941, -7.757839975999957 ], [ -78.478559987999972, -7.758299975999932 ], [ -78.474229987999934, -7.761199975999943 ], [ -78.468273737999937, -7.762734475999935 ], [ -78.464479987999937, -7.762869975999934 ], [ -78.457866362999937, -7.765052975999936 ], [ -78.453994112999965, -7.768578850999972 ], [ -78.453807737999966, -7.77129335099994 ], [ -78.455549862999987, -7.777142100999981 ], [ -78.455359362999957, -7.77938285099998 ], [ -78.455043362999959, -7.781232975999956 ], [ -78.44989061299998, -7.790706975999967 ], [ -78.450303487999975, -7.796945600999948 ], [ -78.443488612999943, -7.805754975999946 ], [ -78.438426487999948, -7.819871475999946 ], [ -78.435375487999977, -7.823205600999927 ], [ -78.43437298799995, -7.825515850999977 ], [ -78.429833612999971, -7.828071975999933 ], [ -78.429085362999956, -7.830958350999936 ], [ -78.432036362999952, -7.834561850999933 ], [ -78.43789998799997, -7.837179975999959 ], [ -78.44180436299996, -7.850754850999976 ], [ -78.446933612999942, -7.856814475999954 ], [ -78.448360862999948, -7.85750997599996 ], [ -78.453175987999941, -7.857639225999947 ], [ -78.459315862999972, -7.854116975999943 ], [ -78.471530987999984, -7.851660975999948 ], [ -78.472888112999954, -7.850917725999977 ], [ -78.478126112999973, -7.84433572599994 ], [ -78.501346737999938, -7.844575600999974 ], [ -78.509924362999982, -7.835701100999927 ], [ -78.510973987999989, -7.833538225999973 ], [ -78.511323862999973, -7.831947975999981 ], [ -78.509001987999966, -7.82898985099996 ], [ -78.510567487999936, -7.822384350999926 ], [ -78.510269987999948, -7.819369975999962 ], [ -78.50302998799998, -7.80831997599995 ], [ -78.501419987999952, -7.801569975999939 ], [ -78.502599987999986, -7.791459975999942 ], [ -78.501479987999971, -7.784959975999925 ], [ -78.502479987999948, -7.776969975999975 ], [ -78.500699987999951, -7.76005997599998 ], [ -78.501949987999978, -7.75638997599998 ], [ -78.50293998799998, -7.755349975999934 ], [ -78.504999987999952, -7.755039975999978 ], [ -78.503699987999937, -7.754109975999938 ], [ -78.496417612999949, -7.75350660099997 ] ] ] } },
{ "type": "Feature", "properties": { "ubigeo": "130605", "departamento": "LA LIBERTAD", "provincia": "OTUZCO", "capital": "HUARANCHAL", "distrito": "HUARANCHAL", "gasto_mef_2012": 5335348.25, "gasto_mef_2013": 6636939.94, "gasto_mef_2014": 5185425.82, "gasto_mef_2015": 7668643.8, "gasto_mef_2016": 3544353.27, "gasto_mef_2017": 6636392.29, "gasto_mef_2018": 2800454.58, "gasto_mef_2019": 1733007.48, "gasto_mef_2020": 4808922.95, "gasto_mef_2021": 6895793.15, "gasto_mef_2022": 12390216.63, "gasto_mef_2023": 34071984.360000014, "gasto_mef_2024": 8389820.04, "gasto_mef_2025": 13577835.6, "gasto_mef_2026": 4359126.91, "num_establecimientos_salud": 2, "num_ie_activas": 36, "num_ie_inactivas": 7, "num_ie_total": 43, "poblacion_2017": 4225, "ie_activas_per_1000hab": 8.5207100591715967, "establecimientos_salud_per_1000hab": 0.47337278106508873, "gasto_mef_2026_per_capita": 1031.7460142011835, "gasto_mef_promedio_periodo": 8268951.0046666665, "gasto_mef_promedio_per_capita": 1957.1481667850098, "log_gasto_mef_2026": 15.287782574676219, "log_poblacion_2017": 8.3490111981760027, "tendencia_gasto_mef": 662542.92174991267, "tendencia_gasto_mef_per_capita": 156.81489272187281, "proporcion_ie_inactivas": 0.16279069767441862, "area_km2": 135.22233834974472, "densidad_poblacional": 31.24483758794559, "log_densidad_poblacional": 3.4733579556360596, "comunidad_louvain": 4, "cluster_graphsage": 6 }, "geometry": { "type": "Polygon", "coordinates": [ [ [ -78.448186612999962, -7.622523850999926 ], [ -78.446410112999956, -7.626353475999963 ], [ -78.446046862999935, -7.634001975999979 ], [ -78.441607737999959, -7.640606350999974 ], [ -78.437283362999949, -7.640200225999934 ], [ -78.434402362999947, -7.641136725999957 ], [ -78.430212862999952, -7.640675725999927 ], [ -78.425644487999989, -7.641261725999925 ], [ -78.418437487999938, -7.639123100999939 ], [ -78.413619112999982, -7.641218725999977 ], [ -78.404819737999958, -7.641268725999964 ], [ -78.401388862999966, -7.64233197599998 ], [ -78.395249862999947, -7.642286725999952 ], [ -78.387458987999935, -7.643990225999971 ], [ -78.37606448799994, -7.639958975999946 ], [ -78.371863237999946, -7.644601600999977 ], [ -78.364195112999937, -7.643144100999962 ], [ -78.360730487999945, -7.644298850999974 ], [ -78.359891112999946, -7.64787447599997 ], [ -78.360558487999981, -7.653840600999956 ], [ -78.35680511299995, -7.660116850999941 ], [ -78.35643973699996, -7.662309475999962 ], [ -78.359462737999934, -7.666952475999949 ], [ -78.357863737999935, -7.67287747599994 ], [ -78.356620362999934, -7.673810100999958 ], [ -78.357597737999981, -7.677842975999965 ], [ -78.360408237999934, -7.683197975999974 ], [ -78.363493112999947, -7.684503850999931 ], [ -78.377349987999935, -7.684119975999977 ], [ -78.381849987999942, -7.684919975999946 ], [ -78.386159987999974, -7.687969975999977 ], [ -78.397479987999986, -7.693609975999948 ], [ -78.400959987999954, -7.69435997599993 ], [ -78.404159987999947, -7.69820997599993 ], [ -78.407059987999958, -7.703729975999977 ], [ -78.409539987999949, -7.704849975999934 ], [ -78.413299987999949, -7.705139975999941 ], [ -78.418089987999963, -7.701839975999974 ], [ -78.421449987999949, -7.700579975999972 ], [ -78.429439987999956, -7.702169975999936 ], [ -78.431939987999954, -7.701479975999973 ], [ -78.438119987999983, -7.703419975999964 ], [ -78.441349987999956, -7.707349975999932 ], [ -78.445199987999956, -7.708119975999978 ], [ -78.448829987999943, -7.716259975999947 ], [ -78.453769987999976, -7.717429975999949 ], [ -78.459279987999935, -7.720559975999947 ], [ -78.459949987999948, -7.724489975999973 ], [ -78.459609987999954, -7.733359975999974 ], [ -78.461569987999951, -7.73599997599996 ], [ -78.464809987999956, -7.738409975999957 ], [ -78.465009987999963, -7.74062997599998 ], [ -78.463599987999942, -7.745559975999981 ], [ -78.467369987999973, -7.750049975999957 ], [ -78.471349987999986, -7.752479975999961 ], [ -78.479429987999936, -7.753379975999962 ], [ -78.483869987999981, -7.752759975999936 ], [ -78.489509987999952, -7.754339975999926 ], [ -78.499999987999956, -7.753539975999956 ], [ -78.507989737999935, -7.755793725999979 ], [ -78.51312773799998, -7.754501475999973 ], [ -78.516594237999982, -7.752058850999958 ], [ -78.524644987999977, -7.749209475999976 ], [ -78.532769987999984, -7.747859975999972 ], [ -78.534719987999949, -7.745289975999981 ], [ -78.53761998799996, -7.74492997599998 ], [ -78.542599987999949, -7.741339975999949 ], [ -78.545639987999948, -7.737019975999942 ], [ -78.547019987999988, -7.731499975999952 ], [ -78.551949988, -7.726089975999969 ], [ -78.539039987999956, -7.720979975999967 ], [ -78.53307998799994, -7.72059997599996 ], [ -78.521729987999947, -7.710609975999944 ], [ -78.515509987999963, -7.709879975999968 ], [ -78.512379987999964, -7.703689975999964 ], [ -78.509999987999947, -7.703239975999963 ], [ -78.508559987999945, -7.701459975999967 ], [ -78.503859987999988, -7.698669975999962 ], [ -78.499449987999981, -7.697399975999929 ], [ -78.49899998799998, -7.694829975999937 ], [ -78.496849987999951, -7.690629975999968 ], [ -78.496619987999964, -7.685749975999954 ], [ -78.490279987999941, -7.682309975999942 ], [ -78.48902998799997, -7.679519975999938 ], [ -78.485469987999977, -7.677509975999953 ], [ -78.48412998799995, -7.67409997599998 ], [ -78.479899987999943, -7.668579975999933 ], [ -78.47633998799995, -7.66597997599996 ], [ -78.472889987999963, -7.665439975999959 ], [ -78.469099987999982, -7.662589975999936 ], [ -78.461386362999974, -7.659799975999931 ], [ -78.458893237999973, -7.657577100999958 ], [ -78.455279362999988, -7.657036225999946 ], [ -78.454887362999955, -7.65631747599997 ], [ -78.455228612999974, -7.654122850999954 ], [ -78.460119987999974, -7.652199975999963 ], [ -78.467899987999942, -7.645959975999972 ], [ -78.473129987999982, -7.645209975999933 ], [ -78.48281998799996, -7.640259975999982 ], [ -78.487049987999967, -7.640029975999937 ], [ -78.489699987999984, -7.633889975999978 ], [ -78.482939987999941, -7.635189975999936 ], [ -78.479529987999967, -7.637249975999964 ], [ -78.472099987999968, -7.636509975999957 ], [ -78.457889987999977, -7.631409975999929 ], [ -78.454439988, -7.627249975999973 ], [ -78.450606112999935, -7.625923350999926 ], [ -78.448186612999962, -7.622523850999926 ] ] ] } },
{ "type": "Feature", "properties": { "ubigeo": "130606", "departamento": "LA LIBERTAD", "provincia": "OTUZCO", "capital": "LA CUESTA", "distrito": "LA CUESTA", "gasto_mef_2012": 1130201.57, "gasto_mef_2013": 2419690.18, "gasto_mef_2014": 2050364.32, "gasto_mef_2015": 1455846.74, "gasto_mef_2016": 1796119.95, "gasto_mef_2017": 3225390.01, "gasto_mef_2018": 959823.36, "gasto_mef_2019": 542486.83, "gasto_mef_2020": 885008.55, "gasto_mef_2021": 2526901.07, "gasto_mef_2022": 3521470.18, "gasto_mef_2023": 2096161.9999999995, "gasto_mef_2024": 1481928.39, "gasto_mef_2025": 1148899.58, "gasto_mef_2026": 715504.68, "num_establecimientos_salud": 1, "num_ie_activas": 7, "num_ie_inactivas": 2, "num_ie_total": 9, "poblacion_2017": 659, "ie_activas_per_1000hab": 10.622154779969652, "establecimientos_salud_per_1000hab": 1.5174506828528074, "gasto_mef_2026_per_capita": 1085.7430652503795, "gasto_mef_promedio_periodo": 1730386.494, "gasto_mef_promedio_per_capita": 2625.7761669195747, "log_gasto_mef_2026": 13.480744816451676, "log_poblacion_2017": 6.4922398350204711, "tendencia_gasto_mef": -25372.437285704695, "tendencia_gasto_mef_per_capita": -38.501422284832614, "proporcion_ie_inactivas": 0.22222222222222221, "area_km2": 41.454864314763789, "densidad_poblacional": 15.896807549441258, "log_densidad_poblacional": 2.8271247016847965, "comunidad_louvain": 3, "cluster_graphsage": 2 }, "geometry": { "type": "Polygon", "coordinates": [ [ [ -78.654921487999957, -7.858036600999981 ], [ -78.652140487999986, -7.857933600999957 ], [ -78.652267612999935, -7.860525350999978 ], [ -78.648580987999935, -7.863558100999967 ], [ -78.647470987999952, -7.866068287999951 ], [ -78.648897987999987, -7.870190100999935 ], [ -78.654420237999943, -7.879596350999975 ], [ -78.651592987999948, -7.890561475999959 ], [ -78.649080862999938, -7.894488975999934 ], [ -78.647946862999959, -7.899703475999956 ], [ -78.651249738, -7.904591725999978 ], [ -78.656507487999988, -7.907445100999951 ], [ -78.659308237999937, -7.91283522599997 ], [ -78.659704612999974, -7.914420600999961 ], [ -78.657473737999965, -7.91948847599997 ], [ -78.656886612999983, -7.926122975999931 ], [ -78.664407737999966, -7.929058350999981 ], [ -78.671911612999963, -7.935954475999949 ], [ -78.674553737999986, -7.93946860099993 ], [ -78.679579362999959, -7.940759975999981 ], [ -78.680155237999941, -7.942242975999932 ], [ -78.683484487999976, -7.94448885099996 ], [ -78.689791862999982, -7.946104600999945 ], [ -78.693771362999939, -7.943784475999962 ], [ -78.696662362999973, -7.940648475999978 ], [ -78.700618237999947, -7.939367100999959 ], [ -78.713869987999942, -7.931099975999928 ], [ -78.717189987999973, -7.930269975999977 ], [ -78.720152237999969, -7.927207975999977 ], [ -78.725100987999951, -7.926639975999933 ], [ -78.73192748799994, -7.927775975999964 ], [ -78.733557987999973, -7.916207100999941 ], [ -78.736797362999937, -7.910507350999978 ], [ -78.73276561299997, -7.899257850999959 ], [ -78.720959987999947, -7.901069975999974 ], [ -78.716148487999988, -7.903658225999948 ], [ -78.709994112999937, -7.904040975999976 ], [ -78.706203112999958, -7.907130850999977 ], [ -78.704953112999988, -7.906140600999947 ], [ -78.702173862999985, -7.905999975999976 ], [ -78.700679737999963, -7.907249975999946 ], [ -78.697544862999962, -7.907492225999931 ], [ -78.693439862999981, -7.909839100999932 ], [ -78.687390987999947, -7.908289975999935 ], [ -78.682300987999952, -7.902859975999945 ], [ -78.676750987999981, -7.899599975999934 ], [ -78.67403098799997, -7.897089975999961 ], [ -78.67116098799994, -7.890489975999969 ], [ -78.670729987999948, -7.884989975999929 ], [ -78.673319987999946, -7.878919975999963 ], [ -78.674656112999969, -7.863940600999968 ], [ -78.675490612999965, -7.861471975999962 ], [ -78.678077737999956, -7.858832100999962 ], [ -78.671117862999949, -7.858139600999948 ], [ -78.666714737999939, -7.861409850999962 ], [ -78.664408112999979, -7.861475850999966 ], [ -78.660715112999981, -7.861023600999943 ], [ -78.654921487999957, -7.858036600999981 ] ] ] } },
{ "type": "Feature", "properties": { "ubigeo": "130608", "departamento": "LA LIBERTAD", "provincia": "OTUZCO", "capital": "MACHE", "distrito": "MACHE", "gasto_mef_2012": 7298311.36, "gasto_mef_2013": 4548538.37, "gasto_mef_2014": 6995169.37, "gasto_mef_2015": 12729973.81, "gasto_mef_2016": 4970508.11, "gasto_mef_2017": 15106190.58, "gasto_mef_2018": 6688817.46, "gasto_mef_2019": 35771135.26, "gasto_mef_2020": 13638834.94, "gasto_mef_2021": 7079615.11, "gasto_mef_2022": 5815250.89, "gasto_mef_2023": 2177581.36, "gasto_mef_2024": 3805348.86, "gasto_mef_2025": 12470663.2, "gasto_mef_2026": 2473740.31, "num_establecimientos_salud": 3, "num_ie_activas": 24, "num_ie_inactivas": 9, "num_ie_total": 33, "poblacion_2017": 2881, "ie_activas_per_1000hab": 8.3304408191600139, "establecimientos_salud_per_1000hab": 1.0413051023950017, "gasto_mef_2026_per_capita": 858.63946893439777, "gasto_mef_promedio_periodo": 9437978.5993333329, "gasto_mef_promedio_per_capita": 3275.938423926877, "log_gasto_mef_2026": 14.721242263007447, "log_poblacion_2017": 7.9662397765594672, "tendencia_gasto_mef": -182024.37799996717, "tendencia_gasto_mef_per_capita": -63.180971190547439, "proporcion_ie_inactivas": 0.27272727272727271, "area_km2": 37.326821881630067, "densidad_poblacional": 77.183104662276335, "log_densidad_poblacional": 4.3590535712964051, "comunidad_louvain": 2, "cluster_graphsage": 6 }, "geometry": { "type": "Polygon", "coordinates": [ [ [ -78.514359987999967, -7.993429975999959 ], [ -78.513399987999946, -7.994209975999979 ], [ -78.508509987999958, -7.994429975999935 ], [ -78.506579987999942, -7.996179975999951 ], [ -78.506669987999942, -7.998679975999949 ], [ -78.503609987999937, -7.99877997599998 ], [ -78.502899987999967, -8.000879975999965 ], [ -78.49970998799995, -8.002019975999929 ], [ -78.496649987999945, -8.008659975999933 ], [ -78.494059987999947, -8.011389975999975 ], [ -78.492499987999963, -8.014869975999943 ], [ -78.491349987999968, -8.015409975999944 ], [ -78.499538112999971, -8.02573210099996 ], [ -78.501708987999962, -8.026998600999946 ], [ -78.505869737999944, -8.026908100999947 ], [ -78.509909987999947, -8.023621725999931 ], [ -78.513588487999982, -8.022898100999953 ], [ -78.514161237999986, -8.026244850999944 ], [ -78.51606086299995, -8.029953350999961 ], [ -78.520854862999954, -8.032727350999949 ], [ -78.525136237999959, -8.038305225999977 ], [ -78.529990612999939, -8.040144475999966 ], [ -78.533117237999988, -8.042669975999956 ], [ -78.534099612999967, -8.052099600999952 ], [ -78.533263862999945, -8.058119725999973 ], [ -78.530649862999951, -8.066697975999944 ], [ -78.531265487999974, -8.074846350999962 ], [ -78.535898948999943, -8.083894811999926 ], [ -78.538483237999969, -8.085102725999946 ], [ -78.544491362999963, -8.085400225999933 ], [ -78.547272362999934, -8.08321885099997 ], [ -78.548707487999934, -8.07944647599993 ], [ -78.551566362999949, -8.077099600999929 ], [ -78.555692112999964, -8.077182600999947 ], [ -78.559765987999981, -8.075491350999926 ], [ -78.565864362999946, -8.076379475999943 ], [ -78.573993237999957, -8.072595100999933 ], [ -78.568399237999984, -8.069951725999942 ], [ -78.564510737999967, -8.066439350999929 ], [ -78.561309112999936, -8.061752225999953 ], [ -78.556104362999974, -8.058667975999981 ], [ -78.551809987999945, -8.049969975999943 ], [ -78.552899987999979, -8.045039975999941 ], [ -78.555969987999958, -8.040369975999965 ], [ -78.553819987999987, -8.035199975999944 ], [ -78.553659987999936, -8.030149975999961 ], [ -78.556259987999965, -8.026909975999956 ], [ -78.557299987999954, -8.024169975999939 ], [ -78.555619987999989, -8.021019975999934 ], [ -78.553699987999948, -8.020669975999965 ], [ -78.550939987999982, -8.017489975999979 ], [ -78.549729987999967, -8.012679975999959 ], [ -78.554819987999963, -8.007829975999925 ], [ -78.554889987999957, -8.002619975999949 ], [ -78.552088737999952, -8.001665225999943 ], [ -78.542352487999949, -8.002429100999962 ], [ -78.538841237999975, -8.005482350999955 ], [ -78.536232862999952, -8.006319850999944 ], [ -78.528257237999981, -8.001861850999944 ], [ -78.523519612999962, -8.000726975999953 ], [ -78.516550362999965, -7.993772725999975 ], [ -78.514359987999967, -7.993429975999959 ] ] ] } },
{ "type": "Feature", "properties": { "ubigeo": "130610", "departamento": "LA LIBERTAD", "provincia": "OTUZCO", "capital": "PARANDAY", "distrito": "PARANDAY", "gasto_mef_2012": 824708.85, "gasto_mef_2013": 757947.31, "gasto_mef_2014": 2971598.56, "gasto_mef_2015": 1209753.85, "gasto_mef_2016": 779332.41, "gasto_mef_2017": 935978.72, "gasto_mef_2018": 601952.89, "gasto_mef_2019": 661149.04, "gasto_mef_2020": 4593494.78, "gasto_mef_2021": 6542617.3, "gasto_mef_2022": 2883502.93, "gasto_mef_2023": 1101599.04, "gasto_mef_2024": 902960.74, "gasto_mef_2025": 3565353.19, "gasto_mef_2026": 1756314.15, "num_establecimientos_salud": 1, "num_ie_activas": 5, "num_ie_inactivas": 1, "num_ie_total": 6, "poblacion_2017": 555, "ie_activas_per_1000hab": 9.0090090090090094, "establecimientos_salud_per_1000hab": 1.8018018018018018, "gasto_mef_2026_per_capita": 3164.53, "gasto_mef_promedio_periodo": 2005884.2506666668, "gasto_mef_promedio_per_capita": 3614.2058570570571, "log_gasto_mef_2026": 14.37872850746156, "log_poblacion_2017": 6.3207682942505823, "tendencia_gasto_mef": 121811.40946428005, "tendencia_gasto_mef_per_capita": 219.48001705275684, "proporcion_ie_inactivas": 0.16666666666666666, "area_km2": 22.159440630691368, "densidad_poblacional": 25.045758566274973, "log_densidad_poblacional": 3.2598549359899551, "comunidad_louvain": 3, "cluster_graphsage": 2 }, "geometry": { "type": "Polygon", "coordinates": [ [ [ -78.676546487999985, -7.860209975999965 ], [ -78.674656112999969, -7.863940600999968 ], [ -78.673319987999946, -7.878919975999963 ], [ -78.670889987999942, -7.884019975999934 ], [ -78.67116098799994, -7.890489975999969 ], [ -78.67403098799997, -7.897089975999961 ], [ -78.676750987999981, -7.899599975999934 ], [ -78.682300987999952, -7.902859975999945 ], [ -78.685910987999989, -7.907389975999934 ], [ -78.688100987999974, -7.908649975999936 ], [ -78.693439862999981, -7.909839100999932 ], [ -78.697544862999962, -7.907492225999931 ], [ -78.700679737999963, -7.907249975999946 ], [ -78.702173862999985, -7.905999975999976 ], [ -78.704953112999988, -7.906140600999947 ], [ -78.706203112999958, -7.907130850999977 ], [ -78.709994112999937, -7.904040975999976 ], [ -78.716148487999988, -7.903658225999948 ], [ -78.720959987999947, -7.901069975999974 ], [ -78.73276561299997, -7.899257850999959 ], [ -78.732087237999963, -7.890689975999976 ], [ -78.730980362999958, -7.887962350999942 ], [ -78.727226362999943, -7.883363850999956 ], [ -78.722848487999954, -7.88053847599997 ], [ -78.720196862999956, -7.875546475999954 ], [ -78.715744737999955, -7.873573100999977 ], [ -78.71012873799998, -7.873718225999937 ], [ -78.707527987999981, -7.872533725999972 ], [ -78.693998987999976, -7.874212600999954 ], [ -78.689657737999937, -7.873975725999969 ], [ -78.680825612999968, -7.868903100999944 ], [ -78.68108011299995, -7.864596350999932 ], [ -78.680078862999949, -7.859787600999937 ], [ -78.678077737999956, -7.858832100999962 ], [ -78.676546487999985, -7.860209975999965 ] ] ] } },
{ "type": "Feature", "properties": { "ubigeo": "130611", "departamento": "LA LIBERTAD", "provincia": "OTUZCO", "capital": "SALPO", "distrito": "SALPO", "gasto_mef_2012": 9536751.92, "gasto_mef_2013": 16966551.9, "gasto_mef_2014": 12992159.92, "gasto_mef_2015": 6742733.97, "gasto_mef_2016": 18112192.54, "gasto_mef_2017": 14930660.93, "gasto_mef_2018": 5939010.34, "gasto_mef_2019": 9693969.69, "gasto_mef_2020": 8054470.69, "gasto_mef_2021": 16146130.17000001, "gasto_mef_2022": 6883267.55, "gasto_mef_2023": 4017842.18, "gasto_mef_2024": 4326242.58, "gasto_mef_2025": 10350649.93, "gasto_mef_2026": 5635902.95, "num_establecimientos_salud": 4, "num_ie_activas": 54, "num_ie_inactivas": 16, "num_ie_total": 70, "poblacion_2017": 6403, "ie_activas_per_1000hab": 8.4335467749492423, "establecimientos_salud_per_1000hab": 0.62470716851475872, "gasto_mef_2026_per_capita": 880.19724347961937, "gasto_mef_promedio_periodo": 10021902.484, "gasto_mef_promedio_per_capita": 1565.1885809776666, "log_gasto_mef_2026": 15.544668109626958, "log_poblacion_2017": 8.7646780741166062, "tendencia_gasto_mef": -537038.87360707088, "tendencia_gasto_mef_per_capita": -83.873008528357161, "proporcion_ie_inactivas": 0.22857142857142856, "area_km2": 195.57666423129223, "densidad_poblacional": 32.739079711614806, "log_densidad_poblacional": 3.5186568008600787, "comunidad_louvain": 2, "cluster_graphsage": 6 }, "geometry": { "type": "Polygon", "coordinates": [ [ [ -78.616689987999962, -7.960229975999937 ], [ -78.613929987999938, -7.960679975999938 ], [ -78.605869987999938, -7.965819975999977 ], [ -78.604939987999956, -7.968269975999931 ], [ -78.603159987999959, -7.969469975999971 ], [ -78.598659987999952, -7.969539975999965 ], [ -78.589399987999968, -7.977419975999965 ], [ -78.583119987999964, -7.973239975999945 ], [ -78.579219987999977, -7.972459975999925 ], [ -78.575269987999945, -7.974199975999966 ], [ -78.570159987999943, -7.977929975999928 ], [ -78.567509987999983, -7.983589975999962 ], [ -78.566479987999969, -7.983559975999981 ], [ -78.565989987999956, -7.985049975999971 ], [ -78.55755998799998, -7.990059975999941 ], [ -78.557269987999973, -7.993739975999972 ], [ -78.555429987999958, -7.995989975999976 ], [ -78.557159987999967, -8.000639975999945 ], [ -78.554889987999957, -8.002619975999949 ], [ -78.554819987999963, -8.007829975999925 ], [ -78.552309987999934, -8.010639975999936 ], [ -78.549990028999957, -8.011770014999968 ], [ -78.549719987999936, -8.013049975999934 ], [ -78.551759987999958, -8.018719975999943 ], [ -78.553699987999948, -8.020669975999965 ], [ -78.555619987999989, -8.021019975999934 ], [ -78.557299987999954, -8.024169975999939 ], [ -78.556259987999965, -8.026909975999956 ], [ -78.553659987999936, -8.030149975999961 ], [ -78.553819987999987, -8.035199975999944 ], [ -78.555969987999958, -8.040369975999965 ], [ -78.552899987999979, -8.045039975999941 ], [ -78.551809987999945, -8.049969975999943 ], [ -78.556104362999974, -8.058667975999981 ], [ -78.561309112999936, -8.061752225999953 ], [ -78.564510737999967, -8.066439350999929 ], [ -78.568399237999984, -8.069951725999942 ], [ -78.570888862999936, -8.071603850999963 ], [ -78.574954737999974, -8.072755350999955 ], [ -78.595723487999976, -8.061569725999959 ], [ -78.602357987999937, -8.061024850999956 ], [ -78.609435112999961, -8.062928725999939 ], [ -78.618469862999973, -8.068675350999968 ], [ -78.622058612999979, -8.074054725999929 ], [ -78.62525586299995, -8.076164100999961 ], [ -78.625681612999983, -8.081589850999933 ], [ -78.629867237999974, -8.09313472599996 ], [ -78.632124987999987, -8.096123100999932 ], [ -78.635060487999965, -8.097564475999945 ], [ -78.644650362999982, -8.094205100999943 ], [ -78.647007862999942, -8.094048850999968 ], [ -78.651088737999942, -8.09116635099997 ], [ -78.663774737999972, -8.093542475999925 ], [ -78.666038612999955, -8.096343225999931 ], [ -78.667820237999933, -8.097231225999963 ], [ -78.67965623799995, -8.098738225999966 ], [ -78.682369612999935, -8.097219725999935 ], [ -78.683990612999935, -8.09091485099998 ], [ -78.692609362999974, -8.093798850999974 ], [ -78.695471362999967, -8.09395135099993 ], [ -78.707085112999948, -8.094172975999982 ], [ -78.715467487999945, -8.093246975999932 ], [ -78.721326112999975, -8.091720600999963 ], [ -78.723054487999946, -8.092281725999953 ], [ -78.722138237999957, -8.089457850999963 ], [ -78.722902237999961, -8.082555725999953 ], [ -78.721242487999973, -8.076575600999945 ], [ -78.722411987999976, -8.07028410099997 ], [ -78.719977987999982, -8.06377247599994 ], [ -78.719345737999959, -8.059662850999928 ], [ -78.720109737999962, -8.050020975999928 ], [ -78.716457987999945, -8.042960850999975 ], [ -78.712006987999985, -8.041274850999969 ], [ -78.707226737999974, -8.04139485099995 ], [ -78.705856487999938, -8.038654100999963 ], [ -78.707189487999983, -8.033423850999952 ], [ -78.70649298799998, -8.029849100999968 ], [ -78.708122362999973, -8.025349475999974 ], [ -78.709417237999958, -8.024248725999939 ], [ -78.715114612999969, -8.023051100999965 ], [ -78.716477362999967, -8.020122225999955 ], [ -78.71645386299997, -8.01683510099997 ], [ -78.711048862999974, -8.01615235099996 ], [ -78.705392362999987, -8.011408350999943 ], [ -78.697685362999948, -8.008673600999941 ], [ -78.695682737999959, -8.006954100999963 ], [ -78.691519987999982, -7.999449975999937 ], [ -78.686459987999967, -7.997209975999965 ], [ -78.679539987999988, -7.996279975999926 ], [ -78.67759998799994, -7.994799975999968 ], [ -78.674759987999948, -7.990509975999942 ], [ -78.672599987999945, -7.990429975999973 ], [ -78.669349987999965, -7.988849975999926 ], [ -78.661279988, -7.989059975999965 ], [ -78.656809987999964, -7.988129975999925 ], [ -78.653339987999971, -7.985049975999971 ], [ -78.65228998799995, -7.982159975999934 ], [ -78.650329987999953, -7.981759975999978 ], [ -78.647609987999942, -7.978179975999979 ], [ -78.644759987999976, -7.977659975999927 ], [ -78.642909987999985, -7.976169975999937 ], [ -78.638769987999979, -7.969219975999977 ], [ -78.635149987999966, -7.969219975999977 ], [ -78.632119987999943, -7.965569975999927 ], [ -78.627559987999973, -7.962979975999929 ], [ -78.616689987999962, -7.960229975999937 ] ] ] } },
{ "type": "Feature", "properties": { "ubigeo": "130613", "departamento": "LA LIBERTAD", "provincia": "OTUZCO", "capital": "SINSICAP", "distrito": "SINSICAP", "gasto_mef_2012": 12481489.410000013, "gasto_mef_2013": 12290649.47, "gasto_mef_2014": 9625511.74, "gasto_mef_2015": 7428996.14, "gasto_mef_2016": 10335945.03, "gasto_mef_2017": 13780642.63, "gasto_mef_2018": 13673599.8, "gasto_mef_2019": 3898409.61, "gasto_mef_2020": 13602771.98, "gasto_mef_2021": 14382276.86, "gasto_mef_2022": 15190831.81, "gasto_mef_2023": 6302794.0, "gasto_mef_2024": 6352306.03000001, "gasto_mef_2025": 12081933.21, "gasto_mef_2026": 3732950.4, "num_establecimientos_salud": 3, "num_ie_activas": 54, "num_ie_inactivas": 16, "num_ie_total": 70, "poblacion_2017": 7550, "ie_activas_per_1000hab": 7.1523178807947021, "establecimientos_salud_per_1000hab": 0.39735099337748342, "gasto_mef_2026_per_capita": 494.43051655629148, "gasto_mef_promedio_periodo": 10344073.874666668, "gasto_mef_promedio_per_capita": 1370.0760098896249, "log_gasto_mef_2026": 15.132709738792418, "log_poblacion_2017": 8.929435283803425, "tendencia_gasto_mef": -241663.59557141256, "tendencia_gasto_mef_per_capita": -32.008423254491731, "proporcion_ie_inactivas": 0.22857142857142856, "area_km2": 453.76296148319562, "densidad_poblacional": 16.638643170261489, "log_densidad_poblacional": 2.8700921298346906, "comunidad_louvain": 3, "cluster_graphsage": 2 }, "geometry": { "type": "Polygon", "coordinates": [ [ [ -78.830470737999974, -7.633062350999978 ], [ -78.825023862999956, -7.633515350999971 ], [ -78.822893487999977, -7.635079350999945 ], [ -78.821415737999985, -7.638527350999937 ], [ -78.819078487999946, -7.639524600999948 ], [ -78.814938237999968, -7.639734225999973 ], [ -78.811507237999933, -7.637846225999965 ], [ -78.807340237999938, -7.63736985099996 ], [ -78.803769112999987, -7.634106475999943 ], [ -78.803633737999974, -7.636319475999926 ], [ -78.802136362999988, -7.638640600999963 ], [ -78.792365862999986, -7.640029725999966 ], [ -78.785531362999961, -7.645743600999936 ], [ -78.782514362999962, -7.646568725999941 ], [ -78.774691362999988, -7.654529975999935 ], [ -78.772909112999969, -7.659548100999928 ], [ -78.772835112999985, -7.662441975999968 ], [ -78.769765612999947, -7.666876850999927 ], [ -78.757696237999937, -7.67429122599998 ], [ -78.751087862999952, -7.67290935099993 ], [ -78.750250487999949, -7.673808225999949 ], [ -78.74791036299996, -7.683995725999978 ], [ -78.744639362999976, -7.686040100999946 ], [ -78.742618987999947, -7.688373100999968 ], [ -78.735785487999976, -7.689451475999931 ], [ -78.730944362999935, -7.68859972599995 ], [ -78.727755987999956, -7.694309975999943 ], [ -78.719866112999966, -7.700038100999961 ], [ -78.714719112999944, -7.701817975999973 ], [ -78.712529487999973, -7.703548350999938 ], [ -78.713864612999942, -7.708272600999976 ], [ -78.713738362999948, -7.717417725999951 ], [ -78.712073362999945, -7.721780850999949 ], [ -78.708374112999934, -7.723447725999961 ], [ -78.703535112999987, -7.727697475999946 ], [ -78.703414862999978, -7.736668975999976 ], [ -78.701755237999976, -7.747059225999976 ], [ -78.699325987999941, -7.755308850999938 ], [ -78.696800612999937, -7.761369975999969 ], [ -78.692391612999984, -7.766674600999977 ], [ -78.689009737999982, -7.773542975999931 ], [ -78.68301661299995, -7.775793225999962 ], [ -78.678721112999938, -7.780674975999943 ], [ -78.672528737999983, -7.785274600999969 ], [ -78.668224237999937, -7.793668350999951 ], [ -78.647493862999966, -7.812576475999947 ], [ -78.640746487999934, -7.816499725999961 ], [ -78.633465362999971, -7.81778110099998 ], [ -78.630113987999948, -7.819172725999977 ], [ -78.625990362999971, -7.826990225999964 ], [ -78.626718737999965, -7.828611475999935 ], [ -78.632615237999971, -7.83145510099996 ], [ -78.636175487999935, -7.835196725999936 ], [ -78.640066862999959, -7.84106647599998 ], [ -78.649050487999943, -7.849255975999938 ], [ -78.65219198799997, -7.853968225999949 ], [ -78.652140487999986, -7.857933600999957 ], [ -78.654921487999957, -7.858036600999981 ], [ -78.660715112999981, -7.861023600999943 ], [ -78.664408112999979, -7.861475850999966 ], [ -78.666714737999939, -7.861409850999962 ], [ -78.671117862999949, -7.858139600999948 ], [ -78.674697237999965, -7.858062350999944 ], [ -78.679435112999954, -7.859221100999946 ], [ -78.680568112999936, -7.86115235099993 ], [ -78.68108011299995, -7.864596350999932 ], [ -78.680825612999968, -7.868903100999944 ], [ -78.689657737999937, -7.873975725999969 ], [ -78.693998987999976, -7.874212600999954 ], [ -78.705955987999971, -7.872470850999946 ], [ -78.71012873799998, -7.873718225999937 ], [ -78.715744737999955, -7.873573100999977 ], [ -78.720196862999956, -7.875546475999954 ], [ -78.722848487999954, -7.88053847599997 ], [ -78.729667362999976, -7.88473322599998 ], [ -78.73436548799998, -7.886137350999945 ], [ -78.743407487999946, -7.886874975999945 ], [ -78.748026987999935, -7.884578225999974 ], [ -78.763779237999984, -7.881421850999971 ], [ -78.768796362999979, -7.881378350999967 ], [ -78.775557362999962, -7.884228350999933 ], [ -78.779346862999944, -7.884175725999967 ], [ -78.780219987999942, -7.883619975999977 ], [ -78.779909987999986, -7.873959975999981 ], [ -78.782769987999984, -7.868809975999966 ], [ -78.783101987999942, -7.863034475999939 ], [ -78.78054111299997, -7.856959975999928 ], [ -78.774714487999972, -7.854387600999928 ], [ -78.775852737999969, -7.848533225999972 ], [ -78.772889487999976, -7.841341725999939 ], [ -78.772564237999973, -7.837240100999963 ], [ -78.767902362999962, -7.833319100999972 ], [ -78.773845737999977, -7.826593600999956 ], [ -78.779099862999942, -7.82349635099996 ], [ -78.781486112999971, -7.819989350999947 ], [ -78.781516737999937, -7.816558350999969 ], [ -78.778698363, -7.812269600999969 ], [ -78.776982862999944, -7.807705225999939 ], [ -78.773792612999955, -7.80384535099995 ], [ -78.774065487999962, -7.80150310099998 ], [ -78.781658862999961, -7.799713225999938 ], [ -78.801542237999968, -7.800331850999953 ], [ -78.816259737999985, -7.79687310099996 ], [ -78.81699423799995, -7.793801350999956 ], [ -78.820925737999971, -7.787300725999955 ], [ -78.832717987999956, -7.783746600999962 ], [ -78.851519487999951, -7.784497850999969 ], [ -78.859128862999967, -7.788857850999932 ], [ -78.860064862999934, -7.788202850999937 ], [ -78.861364112999979, -7.783853350999948 ], [ -78.861110612999937, -7.779358600999956 ], [ -78.862244112999974, -7.774931600999935 ], [ -78.863068362999968, -7.774261725999963 ], [ -78.869471612999973, -7.771132600999977 ], [ -78.874189487999956, -7.769914100999927 ], [ -78.87977011299995, -7.770813225999973 ], [ -78.884722987999965, -7.770555350999928 ], [ -78.890198487999953, -7.771704850999981 ], [ -78.88951648799997, -7.767202100999953 ], [ -78.892065362999972, -7.76398572599993 ], [ -78.886581987999989, -7.760550725999963 ], [ -78.885546862999945, -7.758923850999963 ], [ -78.887863237999966, -7.752318350999928 ], [ -78.893070487999978, -7.748966850999977 ], [ -78.897307362999982, -7.736245975999964 ], [ -78.89893361299994, -7.733956850999959 ], [ -78.899425737999934, -7.72851560099997 ], [ -78.900730487999965, -7.726201225999944 ], [ -78.903162112999951, -7.723654350999936 ], [ -78.907288737999977, -7.723290475999931 ], [ -78.913473862999979, -7.719869225999958 ], [ -78.914370112999961, -7.718405225999959 ], [ -78.907696862999956, -7.709194225999966 ], [ -78.907952862999934, -7.707222350999928 ], [ -78.910705738, -7.70254885099996 ], [ -78.910411112999952, -7.69598097599993 ], [ -78.91225673799994, -7.69199197599994 ], [ -78.91216011299997, -7.685677725999938 ], [ -78.908863362999966, -7.685498350999978 ], [ -78.904734112999961, -7.682681475999971 ], [ -78.89864436299996, -7.675727975999962 ], [ -78.897601612999949, -7.670638725999936 ], [ -78.895628862999956, -7.668390600999942 ], [ -78.895326112999953, -7.658103475999951 ], [ -78.896841737999978, -7.655980475999968 ], [ -78.897490237999989, -7.653322225999943 ], [ -78.895979237999939, -7.645388975999936 ], [ -78.894972612999936, -7.644757850999952 ], [ -78.889321112999937, -7.644668725999963 ], [ -78.888247987999989, -7.643822225999941 ], [ -78.883911737999938, -7.643071350999946 ], [ -78.880363237999973, -7.640486350999936 ], [ -78.875008237999964, -7.640239100999963 ], [ -78.869916237999973, -7.63846347599997 ], [ -78.865537112999959, -7.639354975999936 ], [ -78.861374737999938, -7.638044975999946 ], [ -78.855699112999957, -7.637788475999969 ], [ -78.854061362999971, -7.636655600999973 ], [ -78.846450987999958, -7.635965975999966 ], [ -78.841615862999959, -7.637678350999977 ], [ -78.837756987999967, -7.637468350999939 ], [ -78.830470737999974, -7.633062350999978 ] ] ] } },
{ "type": "Feature", "properties": { "ubigeo": "130614", "departamento": "LA LIBERTAD", "provincia": "OTUZCO", "capital": "USQUIL", "distrito": "USQUIL", "gasto_mef_2012": 29381434.14000003, "gasto_mef_2013": 23435474.54000001, "gasto_mef_2014": 47132318.66, "gasto_mef_2015": 18768582.28, "gasto_mef_2016": 35255481.28, "gasto_mef_2017": 39259035.280000038, "gasto_mef_2018": 26545912.7, "gasto_mef_2019": 18559925.96, "gasto_mef_2020": 18183349.69000001, "gasto_mef_2021": 27795525.830000028, "gasto_mef_2022": 29592448.26000001, "gasto_mef_2023": 26679170.85000002, "gasto_mef_2024": 21721522.68, "gasto_mef_2025": 29298984.65, "gasto_mef_2026": 12820906.62, "num_establecimientos_salud": 10, "num_ie_activas": 177, "num_ie_inactivas": 29, "num_ie_total": 206, "poblacion_2017": 23221, "ie_activas_per_1000hab": 7.6224107488910899, "establecimientos_salud_per_1000hab": 0.43064467507859261, "gasto_mef_2026_per_capita": 552.12551655828747, "gasto_mef_promedio_periodo": 26962004.894666672, "gasto_mef_promedio_per_capita": 1161.1043837331154, "log_gasto_mef_2026": 16.366587804142682, "log_poblacion_2017": 10.052855384186952, "tendencia_gasto_mef": -801546.20917850034, "tendencia_gasto_mef_per_capita": -34.518160681215292, "proporcion_ie_inactivas": 0.14077669902912621, "area_km2": 467.56718080676035, "densidad_poblacional": 49.663451485053969, "log_densidad_poblacional": 3.925204772632823, "comunidad_louvain": 4, "cluster_graphsage": 6 }, "geometry": { "type": "Polygon", "coordinates": [ [ [ -78.352179736999972, -7.672956975999966 ], [ -78.349957236999956, -7.678539475999969 ], [ -78.348477861999982, -7.685132725999949 ], [ -78.343534611999985, -7.686265850999973 ], [ -78.335647361999975, -7.690535600999965 ], [ -78.334164861999966, -7.694745975999979 ], [ -78.330319736999968, -7.699523350999925 ], [ -78.328713236999988, -7.698639225999955 ], [ -78.326062986999943, -7.698838475999935 ], [ -78.320915986999978, -7.697394850999956 ], [ -78.31701536199995, -7.69958885099993 ], [ -78.316749486999981, -7.701871600999937 ], [ -78.315730111999983, -7.702979725999967 ], [ -78.312351361999958, -7.702871475999927 ], [ -78.31108261199995, -7.700565475999952 ], [ -78.308549486999937, -7.700165100999925 ], [ -78.304650361999961, -7.695926350999969 ], [ -78.303563736999934, -7.696113475999937 ], [ -78.299580861999971, -7.700788350999971 ], [ -78.296190986999989, -7.706568975999971 ], [ -78.288650611999969, -7.70703547599993 ], [ -78.284080986999982, -7.712221600999953 ], [ -78.283448611999972, -7.71601610099998 ], [ -78.280076861999987, -7.71706035099993 ], [ -78.275716986999953, -7.720222100999933 ], [ -78.275764111999933, -7.721803225999963 ], [ -78.277535236999938, -7.723874475999935 ], [ -78.282089861999964, -7.726400350999938 ], [ -78.281655986999965, -7.730608225999958 ], [ -78.283214111999939, -7.735625725999967 ], [ -78.283246111999972, -7.742103475999954 ], [ -78.281156111999962, -7.747277600999951 ], [ -78.277195611999957, -7.748435600999926 ], [ -78.272421861999987, -7.753517600999942 ], [ -78.266003736999949, -7.754892475999952 ], [ -78.263241611999945, -7.753695850999975 ], [ -78.261154361999957, -7.754023975999928 ], [ -78.261113986999987, -7.762714225999957 ], [ -78.262898611999958, -7.766469350999955 ], [ -78.261076736999939, -7.772343600999932 ], [ -78.267471611999952, -7.776916600999925 ], [ -78.270334361999971, -7.781935725999972 ], [ -78.273048486999983, -7.783162725999944 ], [ -78.273345361999986, -7.78491010099998 ], [ -78.271488236999971, -7.791845725999963 ], [ -78.272896486999969, -7.797232475999976 ], [ -78.269553611999982, -7.806883100999926 ], [ -78.269665895999935, -7.813348303999931 ], [ -78.269010736999974, -7.815199850999932 ], [ -78.257558236999955, -7.82824760099993 ], [ -78.25325036199996, -7.83441772599997 ], [ -78.252318361999983, -7.837175725999941 ], [ -78.252055361999965, -7.846574975999943 ], [ -78.248878236999985, -7.854935975999979 ], [ -78.250466861999939, -7.857611475999931 ], [ -78.250215987, -7.865638100999945 ], [ -78.253393236999955, -7.875671350999937 ], [ -78.253005861999952, -7.886529350999979 ], [ -78.253713736999941, -7.88798647599998 ], [ -78.260204611999939, -7.893582350999964 ], [ -78.263412861999939, -7.893109975999948 ], [ -78.267998611999985, -7.889685350999969 ], [ -78.272719111999947, -7.887776975999941 ], [ -78.279759236999951, -7.88907035099993 ], [ -78.289612986999941, -7.888901850999957 ], [ -78.295031736999988, -7.893095725999956 ], [ -78.297527611999953, -7.893361350999953 ], [ -78.298980149999977, -7.892559934999952 ], [ -78.300349986999947, -7.893729975999975 ], [ -78.303439986999933, -7.894209975999956 ], [ -78.30599998699995, -7.896589975999973 ], [ -78.306249986999944, -7.898539975999938 ], [ -78.307919986999934, -7.901279975999955 ], [ -78.316339986999935, -7.903339975999927 ], [ -78.320889986999987, -7.906659975999958 ], [ -78.322830736999947, -7.913497475999975 ], [ -78.322743361999983, -7.92214710099995 ], [ -78.324455111999953, -7.930074225999931 ], [ -78.333064486999945, -7.925613225999939 ], [ -78.336932611999941, -7.921732600999974 ], [ -78.345049361999941, -7.920564475999981 ], [ -78.353039487, -7.91771422599993 ], [ -78.358841737999967, -7.912539100999936 ], [ -78.370811362999973, -7.904828475999977 ], [ -78.373254487999986, -7.900613100999976 ], [ -78.377757237999958, -7.898122100999956 ], [ -78.378858987999934, -7.895870725999941 ], [ -78.379304487999946, -7.887866475999942 ], [ -78.379098487999954, -7.884996850999926 ], [ -78.377509362999945, -7.881069600999979 ], [ -78.388069862999942, -7.873228725999979 ], [ -78.388065362999953, -7.869830350999962 ], [ -78.390853612999933, -7.862766850999947 ], [ -78.395655612999974, -7.859204100999932 ], [ -78.397855112999935, -7.858708350999962 ], [ -78.401262987999985, -7.862766850999947 ], [ -78.40713373799997, -7.86728472599998 ], [ -78.409683237999957, -7.867670350999958 ], [ -78.411649987999965, -7.866309100999956 ], [ -78.417763612999977, -7.86623822599995 ], [ -78.416883237999969, -7.868710850999946 ], [ -78.412841862999983, -7.87383485099997 ], [ -78.415011987999947, -7.877775225999926 ], [ -78.419293987999936, -7.879178850999949 ], [ -78.425482612999986, -7.879723350999939 ], [ -78.42823236299995, -7.881133475999945 ], [ -78.433861612999976, -7.880603100999963 ], [ -78.441256987999964, -7.881511475999957 ], [ -78.443933862999984, -7.88377935099993 ], [ -78.446461987999953, -7.889319225999941 ], [ -78.451035112999989, -7.896159975999979 ], [ -78.45843373799994, -7.895899725999925 ], [ -78.462783612999942, -7.897275350999962 ], [ -78.464703112999985, -7.898642600999949 ], [ -78.47036811299995, -7.906161225999938 ], [ -78.478460112999983, -7.911031350999963 ], [ -78.477761862999955, -7.908489475999943 ], [ -78.479132862999961, -7.902740225999935 ], [ -78.48330561299997, -7.900713475999964 ], [ -78.488407737999978, -7.896150975999944 ], [ -78.490225237999937, -7.880885725999974 ], [ -78.491927862999944, -7.877179850999937 ], [ -78.494544362999989, -7.873996475999945 ], [ -78.49379973799995, -7.872432725999943 ], [ -78.484732362999978, -7.86571085099996 ], [ -78.481677612999988, -7.861711225999954 ], [ -78.479830737999976, -7.854174350999926 ], [ -78.477369112999952, -7.848363225999947 ], [ -78.47806223799995, -7.844947475999959 ], [ -78.471530987999984, -7.851660975999948 ], [ -78.459315862999972, -7.854116975999943 ], [ -78.453175987999941, -7.857639225999947 ], [ -78.448360862999948, -7.85750997599996 ], [ -78.446933612999942, -7.856814475999954 ], [ -78.44180436299996, -7.850754850999976 ], [ -78.43789998799997, -7.837179975999959 ], [ -78.432036362999952, -7.834561850999933 ], [ -78.429085362999956, -7.830958350999936 ], [ -78.429833612999971, -7.828071975999933 ], [ -78.43437298799995, -7.825515850999977 ], [ -78.435375487999977, -7.823205600999927 ], [ -78.438426487999948, -7.819871475999946 ], [ -78.443488612999943, -7.805754975999946 ], [ -78.450303487999975, -7.796945600999948 ], [ -78.44989061299998, -7.790706975999967 ], [ -78.455043362999959, -7.781232975999956 ], [ -78.455549862999987, -7.777142100999981 ], [ -78.454240487999982, -7.774281475999942 ], [ -78.453772862999983, -7.770229850999954 ], [ -78.453994112999965, -7.768578850999972 ], [ -78.455729862999988, -7.766334100999927 ], [ -78.464479987999937, -7.762869975999934 ], [ -78.468273737999937, -7.762734475999935 ], [ -78.474229987999934, -7.761199975999943 ], [ -78.478559987999972, -7.758299975999932 ], [ -78.482489987999941, -7.757839975999957 ], [ -78.489509987999952, -7.754339975999926 ], [ -78.483869987999981, -7.752759975999936 ], [ -78.479429987999936, -7.753379975999962 ], [ -78.471729987999936, -7.752589975999967 ], [ -78.467369987999973, -7.750049975999957 ], [ -78.466889987999934, -7.748759975999974 ], [ -78.464489987999968, -7.747239975999946 ], [ -78.463619987999948, -7.74432997599996 ], [ -78.465009987999963, -7.74062997599998 ], [ -78.464809987999956, -7.738409975999957 ], [ -78.461569987999951, -7.73599997599996 ], [ -78.459609987999954, -7.733359975999974 ], [ -78.459949987999948, -7.724489975999973 ], [ -78.459279987999935, -7.720559975999947 ], [ -78.453769987999976, -7.717429975999949 ], [ -78.448829987999943, -7.716259975999947 ], [ -78.445199987999956, -7.708119975999978 ], [ -78.441349987999956, -7.707349975999932 ], [ -78.438119987999983, -7.703419975999964 ], [ -78.431939987999954, -7.701479975999973 ], [ -78.429439987999956, -7.702169975999936 ], [ -78.421449987999949, -7.700579975999972 ], [ -78.418089987999963, -7.701839975999974 ], [ -78.413299987999949, -7.705139975999941 ], [ -78.40927998799998, -7.704759975999934 ], [ -78.407059987999958, -7.703729975999977 ], [ -78.404159987999947, -7.69820997599993 ], [ -78.400959987999954, -7.69435997599993 ], [ -78.397479987999986, -7.693609975999948 ], [ -78.386159987999974, -7.687969975999977 ], [ -78.381849987999942, -7.684919975999946 ], [ -78.377349987999935, -7.684119975999977 ], [ -78.366968362999955, -7.684735475999958 ], [ -78.361551612999961, -7.684173850999969 ], [ -78.357597737999981, -7.677842975999965 ], [ -78.356620362999934, -7.673810100999958 ], [ -78.352179736999972, -7.672956975999966 ] ] ] } },
{ "type": "Feature", "properties": { "ubigeo": "130701", "departamento": "LA LIBERTAD", "provincia": "PACASMAYO", "capital": "SAN PEDRO DE LLOC", "distrito": "SAN PEDRO DE LLOC", "gasto_mef_2012": 51117027.070000105, "gasto_mef_2013": 52088951.659999974, "gasto_mef_2014": 54647926.86999996, "gasto_mef_2015": 52387753.6, "gasto_mef_2016": 61988274.919999965, "gasto_mef_2017": 68899108.4, "gasto_mef_2018": 73346733.999999955, "gasto_mef_2019": 86306012.589999989, "gasto_mef_2020": 96941323.12999998, "gasto_mef_2021": 98725561.559999973, "gasto_mef_2022": 97415463.410000071, "gasto_mef_2023": 108868349.30999973, "gasto_mef_2024": 120320720.9499999, "gasto_mef_2025": 130789968.8, "gasto_mef_2026": 74432488.3, "num_establecimientos_salud": 4, "num_ie_activas": 61, "num_ie_inactivas": 22, "num_ie_total": 83, "poblacion_2017": 18306, "ie_activas_per_1000hab": 3.332240795367639, "establecimientos_salud_per_1000hab": 0.21850759313886156, "gasto_mef_2026_per_capita": 4066.0159674423676, "gasto_mef_promedio_periodo": 81885044.304666623, "gasto_mef_promedio_per_capita": 4473.1259862704374, "log_gasto_mef_2026": 18.125403088624335, "log_poblacion_2017": 9.8150387793510152, "tendencia_gasto_mef": 4925820.5200352771, "tendencia_gasto_mef_per_capita": 269.08229651673099, "proporcion_ie_inactivas": 0.26506024096385544, "area_km2": 682.30730008983267, "densidad_poblacional": 26.829553190460999, "log_densidad_poblacional": 3.3260985204488382, "comunidad_louvain": 5, "cluster_graphsage": 4 }, "geometry": { "type": "Polygon", "coordinates": [ [ [ -79.464329988999964, -7.365099974999964 ], [ -79.461176488999968, -7.366039349999937 ], [ -79.457361363999951, -7.373613224999929 ], [ -79.455495738999957, -7.373188474999949 ], [ -79.452082488999963, -7.368805099999975 ], [ -79.44805023899994, -7.369617224999956 ], [ -79.446972239, -7.373341349999976 ], [ -79.447405488999948, -7.377910475999954 ], [ -79.446501238999986, -7.386753475999967 ], [ -79.444432363999965, -7.388103100999956 ], [ -79.441087238999955, -7.392459975999941 ], [ -79.437592738999967, -7.392014600999971 ], [ -79.43238536399997, -7.388862850999942 ], [ -79.429154237999967, -7.383921350999969 ], [ -79.408452112999953, -7.388847725999938 ], [ -79.409463612999957, -7.393253725999955 ], [ -79.408536737999952, -7.397399600999961 ], [ -79.408809487999974, -7.402652725999928 ], [ -79.407917237999982, -7.405655600999978 ], [ -79.405333612999982, -7.40918310099994 ], [ -79.402225612999985, -7.41198047599994 ], [ -79.400241737999977, -7.412428850999959 ], [ -79.397242737999989, -7.415450225999962 ], [ -79.388894487999949, -7.428085975999977 ], [ -79.390653612999984, -7.432676975999925 ], [ -79.390281862999984, -7.439415850999978 ], [ -79.389610112999947, -7.440875100999961 ], [ -79.385973612999976, -7.442774475999954 ], [ -79.383101487999966, -7.442102725999973 ], [ -79.369061362999958, -7.429914225999937 ], [ -79.366303112999958, -7.429213725999944 ], [ -79.360414362999961, -7.430395850999957 ], [ -79.354197112999941, -7.426564850999966 ], [ -79.345858987999975, -7.423164475999954 ], [ -79.342704237999953, -7.419121850999943 ], [ -79.339683237999964, -7.417830225999978 ], [ -79.338703862999978, -7.41390310099996 ], [ -79.335129737999978, -7.407278600999973 ], [ -79.331255112999941, -7.406096475999959 ], [ -79.325037987999963, -7.401236475999951 ], [ -79.316763237999965, -7.401608725999949 ], [ -79.311415612999951, -7.405506475999971 ], [ -79.303617362999944, -7.404168350999953 ], [ -79.299994362999939, -7.399135100999956 ], [ -79.291588112999989, -7.395763725999927 ], [ -79.289158112999985, -7.393399475999956 ], [ -79.281102112999974, -7.392633350999972 ], [ -79.279941862999976, -7.388999350999939 ], [ -79.275493112999982, -7.385069600999941 ], [ -79.260874612999942, -7.37899510099993 ], [ -79.254515487999981, -7.382638350999969 ], [ -79.247207737999986, -7.384810475999927 ], [ -79.24569661299995, -7.386713475999954 ], [ -79.239798862999976, -7.386292225999966 ], [ -79.235185112999943, -7.389356850999945 ], [ -79.230869987999938, -7.39095310099998 ], [ -79.218962362999946, -7.384605225999962 ], [ -79.213935237999976, -7.384095600999956 ], [ -79.209937987999979, -7.382511850999947 ], [ -79.206268487999978, -7.379023850999943 ], [ -79.201286362999952, -7.377724850999925 ], [ -79.199757362999947, -7.374157224999976 ], [ -79.196801487999949, -7.372897724999973 ], [ -79.193723362999947, -7.373803099999975 ], [ -79.191828487999942, -7.376918975999956 ], [ -79.186498487999984, -7.377347225999927 ], [ -79.187258737999969, -7.380717100999959 ], [ -79.186660237999945, -7.386580600999935 ], [ -79.187329362999947, -7.388664100999961 ], [ -79.193717237999977, -7.390468100999954 ], [ -79.199142362999964, -7.393418600999951 ], [ -79.207240362999983, -7.401734850999958 ], [ -79.205900112999984, -7.408147600999939 ], [ -79.208184362999987, -7.413858225999945 ], [ -79.211824987999989, -7.418069850999927 ], [ -79.211773987999948, -7.422070975999929 ], [ -79.214370987999985, -7.423447475999978 ], [ -79.219429362999961, -7.42815785099998 ], [ -79.225144237999984, -7.427952475999973 ], [ -79.226192737999952, -7.430513975999929 ], [ -79.228116737999983, -7.43242860099997 ], [ -79.230192612999986, -7.440304225999967 ], [ -79.234506987999964, -7.444048725999949 ], [ -79.236316612999985, -7.447363850999977 ], [ -79.241682200999946, -7.450050475999944 ], [ -79.240055558999984, -7.454063023999936 ], [ -79.23809132599996, -7.456179535999979 ], [ -79.238602136999987, -7.457904006999968 ], [ -79.241187886999967, -7.458603273999927 ], [ -79.245141831999945, -7.462408352999944 ], [ -79.249403333999965, -7.461219545999938 ], [ -79.252852665999967, -7.461749930999929 ], [ -79.25376939299997, -7.462672191999957 ], [ -79.25632088499998, -7.472070459999941 ], [ -79.263655060999952, -7.482180912999979 ], [ -79.267829782999968, -7.489716080999926 ], [ -79.267777362999936, -7.493403225999941 ], [ -79.263715737999973, -7.49853647599997 ], [ -79.261784987999988, -7.50470972599993 ], [ -79.269050612999933, -7.505827475999979 ], [ -79.283302112999934, -7.513956725999947 ], [ -79.28553773799996, -7.51311822599996 ], [ -79.287468362999959, -7.511086100999933 ], [ -79.291362112999934, -7.509773725999935 ], [ -79.296064487999956, -7.51294735099998 ], [ -79.29408736299996, -7.517551225999966 ], [ -79.293668112999967, -7.525580100999946 ], [ -79.290963862999945, -7.530611475999933 ], [ -79.292473237999957, -7.535265225999979 ], [ -79.291718612999944, -7.545474225999953 ], [ -79.292745737999951, -7.547444850999966 ], [ -79.298587737999981, -7.547861350999938 ], [ -79.300373862999948, -7.549763600999938 ], [ -79.302406737999945, -7.558171475999927 ], [ -79.30749061299997, -7.563978600999974 ], [ -79.309295487999975, -7.575427350999973 ], [ -79.310589862999961, -7.578334225999981 ], [ -79.318771046999984, -7.583727936999935 ], [ -79.318367775999945, -7.581357492999928 ], [ -79.319700335999983, -7.577774108999961 ], [ -79.326426331999983, -7.574450709999951 ], [ -79.329200107999952, -7.574590494999939 ], [ -79.331034403999979, -7.576322481999966 ], [ -79.330905316999974, -7.578714354999931 ], [ -79.332378862999974, -7.582179725999936 ], [ -79.336021487999972, -7.582275350999964 ], [ -79.341015612999968, -7.577320350999969 ], [ -79.343597612999986, -7.570033225999964 ], [ -79.346687362999944, -7.567775350999966 ], [ -79.348898487999975, -7.563109225999938 ], [ -79.35214461299995, -7.562434475999964 ], [ -79.354157362999956, -7.559893975999955 ], [ -79.356735308999987, -7.558663584999977 ], [ -79.358439737999959, -7.559088850999956 ], [ -79.361004737999963, -7.562122725999927 ], [ -79.368318737999971, -7.566233850999936 ], [ -79.370059737999952, -7.570370975999936 ], [ -79.370111362999978, -7.575904225999977 ], [ -79.37247298799997, -7.578920850999964 ], [ -79.374093362999986, -7.583178600999929 ], [ -79.377764987999967, -7.587246725999933 ], [ -79.379385362999983, -7.591659600999947 ], [ -79.38186761299994, -7.593245475999936 ], [ -79.385586673999967, -7.597652928999935 ], [ -79.455763120999961, -7.636639354999943 ], [ -79.471735613999954, -7.612254475999976 ], [ -79.491050988999973, -7.585719475999952 ], [ -79.495262363999984, -7.581191475999958 ], [ -79.495990738999978, -7.575333475999969 ], [ -79.500650113999939, -7.56803985099998 ], [ -79.505979613999955, -7.562613850999981 ], [ -79.533304113999975, -7.529183475999957 ], [ -79.54087648899997, -7.521256100999949 ], [ -79.541599613999949, -7.519705100999943 ], [ -79.539369113999953, -7.51610547599995 ], [ -79.53948048899997, -7.514021475999925 ], [ -79.547230488999958, -7.501843725999947 ], [ -79.549398488999941, -7.495650350999938 ], [ -79.570066363999956, -7.470603475999951 ], [ -79.576611363999973, -7.461509725999974 ], [ -79.577152363999971, -7.459611350999978 ], [ -79.576445363999937, -7.453921850999961 ], [ -79.579011738999952, -7.442330100999925 ], [ -79.565994113999977, -7.442027350999979 ], [ -79.561474613999962, -7.44017972599994 ], [ -79.559517488999973, -7.437820350999971 ], [ -79.557658238999977, -7.433626975999971 ], [ -79.551878863999946, -7.426796850999949 ], [ -79.549070363999988, -7.421865225999966 ], [ -79.543484363999937, -7.416927600999941 ], [ -79.537042863999943, -7.403679100999966 ], [ -79.535022488999971, -7.39425935099996 ], [ -79.523960363999947, -7.391870475999951 ], [ -79.518308738999963, -7.386673850999955 ], [ -79.511277363999966, -7.37703322599998 ], [ -79.500699238999971, -7.373626974999979 ], [ -79.496229238999945, -7.369434224999964 ], [ -79.494161738999935, -7.369828599999948 ], [ -79.48667936399994, -7.366612349999969 ], [ -79.484394488999953, -7.370173849999958 ], [ -79.481361738999965, -7.37045059999997 ], [ -79.477566613999954, -7.369350099999963 ], [ -79.470262113999979, -7.371377974999973 ], [ -79.464329988999964, -7.365099974999964 ] ] ] } },
{ "type": "Feature", "properties": { "ubigeo": "130702", "departamento": "LA LIBERTAD", "provincia": "PACASMAYO", "capital": "GUADALUPE", "distrito": "GUADALUPE", "gasto_mef_2012": 41520403.909999967, "gasto_mef_2013": 34211412.06, "gasto_mef_2014": 35476752.53, "gasto_mef_2015": 29284897.890000027, "gasto_mef_2016": 43096514.590000026, "gasto_mef_2017": 36201786.290000014, "gasto_mef_2018": 42138178.349999964, "gasto_mef_2019": 58288593.759999827, "gasto_mef_2020": 66511739.04, "gasto_mef_2021": 76001514.619999617, "gasto_mef_2022": 60362967.089999557, "gasto_mef_2023": 59604826.369999714, "gasto_mef_2024": 63567456.719999857, "gasto_mef_2025": 75169361.930000052, "gasto_mef_2026": 34600377.54000001, "num_establecimientos_salud": 7, "num_ie_activas": 104, "num_ie_inactivas": 48, "num_ie_total": 152, "poblacion_2017": 41811, "ie_activas_per_1000hab": 2.4873837028533159, "establecimientos_salud_per_1000hab": 0.16742005692281933, "gasto_mef_2026_per_capita": 827.54245389969162, "gasto_mef_promedio_periodo": 50402452.179333247, "gasto_mef_promedio_per_capita": 1205.4830589876647, "log_gasto_mef_2026": 17.359375180430533, "log_poblacion_2017": 10.640938658652598, "tendencia_gasto_mef": 2195761.1583926007, "tendencia_gasto_mef_per_capita": 52.516351161000713, "proporcion_ie_inactivas": 0.31578947368421051, "area_km2": 167.36000973378344, "densidad_poblacional": 249.82670631119109, "log_densidad_poblacional": 5.5247622875840765, "comunidad_louvain": 5, "cluster_graphsage": 4 }, "geometry": { "type": "Polygon", "coordinates": [ [ [ -79.488499738999963, -7.221285224999974 ], [ -79.482351238999968, -7.225927974999934 ], [ -79.471679863999952, -7.230197474999954 ], [ -79.469325738999942, -7.224239099999977 ], [ -79.467969988999982, -7.224399974999926 ], [ -79.466389988999936, -7.223149974999956 ], [ -79.462159988999986, -7.223679974999925 ], [ -79.456079988999988, -7.227509974999975 ], [ -79.44762998899995, -7.235169974999963 ], [ -79.440759988999957, -7.239929974999939 ], [ -79.433819988999971, -7.248509974999934 ], [ -79.429399987999943, -7.249769974999936 ], [ -79.428669987999967, -7.25148997499997 ], [ -79.42476998799998, -7.254719974999944 ], [ -79.423189988, -7.257169974999954 ], [ -79.419089987999939, -7.271499974999927 ], [ -79.41935998799994, -7.274009974999956 ], [ -79.417239987999949, -7.282599974999926 ], [ -79.412749987999973, -7.291379974999927 ], [ -79.406939987999976, -7.297459974999981 ], [ -79.40640998799995, -7.299579974999972 ], [ -79.401848183999959, -7.30367083699997 ], [ -79.387059987999976, -7.308819974999949 ], [ -79.384809987999972, -7.311269974999959 ], [ -79.370972112999937, -7.320492724999951 ], [ -79.369249987999979, -7.324089974999936 ], [ -79.379449987999976, -7.327329974999941 ], [ -79.385119987999985, -7.326229974999933 ], [ -79.389959987999987, -7.32789997499998 ], [ -79.39082998799995, -7.32651997499994 ], [ -79.39231998799994, -7.326219974999958 ], [ -79.395629987999939, -7.329209974999969 ], [ -79.407619987999965, -7.331479974999979 ], [ -79.416839987999936, -7.329979974999958 ], [ -79.421199987999955, -7.32669997499994 ], [ -79.429919987999938, -7.325579974999926 ], [ -79.433159988999989, -7.323659974999941 ], [ -79.438079988999959, -7.322739974999934 ], [ -79.439429988999962, -7.321549974999925 ], [ -79.441159988999971, -7.323309974999972 ], [ -79.443859988999975, -7.323369974999935 ], [ -79.444609988999957, -7.322329974999946 ], [ -79.447479988999987, -7.322599974999946 ], [ -79.45201998899995, -7.326169974999971 ], [ -79.457049988999984, -7.323689974999979 ], [ -79.460539988999983, -7.323399974999973 ], [ -79.46162998899996, -7.321709974999976 ], [ -79.463149988999987, -7.321299974999931 ], [ -79.469819988999973, -7.323239974999979 ], [ -79.475419988999988, -7.323509974999979 ], [ -79.479179988999988, -7.325399974999925 ], [ -79.488459988999978, -7.322989974999928 ], [ -79.494899988999975, -7.324369974999968 ], [ -79.501999988999955, -7.323209974999941 ], [ -79.506619988999944, -7.325379974999976 ], [ -79.508299988999966, -7.325189974999944 ], [ -79.510449988999937, -7.323689974999979 ], [ -79.516379988999972, -7.32404997499998 ], [ -79.519569989, -7.323329974999979 ], [ -79.525558863999947, -7.325240599999972 ], [ -79.531449988999952, -7.325289974999976 ], [ -79.536699988999942, -7.32687997499994 ], [ -79.542469988999983, -7.325159974999963 ], [ -79.546039988999951, -7.325379974999976 ], [ -79.550289988999964, -7.324399974999949 ], [ -79.555239988999972, -7.325699974999964 ], [ -79.558470988999943, -7.324229849999938 ], [ -79.560963738999988, -7.324094224999953 ], [ -79.564812739, -7.32551347499998 ], [ -79.567119988999934, -7.324189974999967 ], [ -79.569648738999945, -7.32400709999996 ], [ -79.571769988999961, -7.324619974999962 ], [ -79.579129988999966, -7.329449974999932 ], [ -79.58364998899998, -7.336389974999975 ], [ -79.589361363999956, -7.338300724999954 ], [ -79.58864661399997, -7.334699224999952 ], [ -79.59058986399998, -7.327824224999972 ], [ -79.58733011399994, -7.321185599999978 ], [ -79.587621113999944, -7.318382849999978 ], [ -79.591548863999947, -7.304802724999945 ], [ -79.599721238999962, -7.285750474999929 ], [ -79.598739988999966, -7.285259974999974 ], [ -79.598609988999954, -7.283789974999934 ], [ -79.595319988999961, -7.283849974999953 ], [ -79.591739988999961, -7.285509974999968 ], [ -79.582689988999959, -7.283859974999928 ], [ -79.577329988999963, -7.284289974999979 ], [ -79.576499988999956, -7.283379974999946 ], [ -79.574059988999977, -7.28589997499995 ], [ -79.570979988999966, -7.28491997499998 ], [ -79.56991998899997, -7.286979974999952 ], [ -79.564759988999981, -7.285929974999931 ], [ -79.561089988999981, -7.288549974999967 ], [ -79.556149988999948, -7.287409974999946 ], [ -79.552739988999974, -7.278999974999977 ], [ -79.552265613999964, -7.267257849999964 ], [ -79.549298238999938, -7.264444099999935 ], [ -79.548469238999985, -7.260922599999958 ], [ -79.54615298899995, -7.261024224999971 ], [ -79.543830363999973, -7.257293224999955 ], [ -79.542358613999966, -7.256380849999971 ], [ -79.541805488999955, -7.25392547499996 ], [ -79.542248363999988, -7.249006474999931 ], [ -79.541357363999964, -7.245996599999955 ], [ -79.540264988999979, -7.245936599999936 ], [ -79.534934738999937, -7.249273974999937 ], [ -79.531189238999957, -7.248385599999949 ], [ -79.528996738999979, -7.251565724999978 ], [ -79.524468738999985, -7.251492224999936 ], [ -79.522233613999958, -7.253103474999932 ], [ -79.520961113999988, -7.255804599999976 ], [ -79.51761173899996, -7.258973849999961 ], [ -79.515342864, -7.258421599999963 ], [ -79.513418114, -7.256847599999958 ], [ -79.511993488999963, -7.257173099999932 ], [ -79.510300738999945, -7.258973849999961 ], [ -79.509160363999968, -7.258793849999961 ], [ -79.504652863999979, -7.253941599999962 ], [ -79.503841738999938, -7.249013724999941 ], [ -79.501448738999954, -7.243283099999928 ], [ -79.500819738999951, -7.233920849999947 ], [ -79.499680113999943, -7.233391474999962 ], [ -79.495351738999943, -7.236134724999943 ], [ -79.493273488999989, -7.234654349999971 ], [ -79.490679738999972, -7.235451224999963 ], [ -79.487509738999961, -7.233042974999933 ], [ -79.485704738999971, -7.230022474999942 ], [ -79.488499738999963, -7.221285224999974 ] ] ] } },
{ "type": "Feature", "properties": { "ubigeo": "130703", "departamento": "LA LIBERTAD", "provincia": "PACASMAYO", "capital": "JEQUETEPEQUE", "distrito": "JEQUETEPEQUE", "gasto_mef_2012": 1102618.88, "gasto_mef_2013": 1261815.79, "gasto_mef_2014": 1965942.26, "gasto_mef_2015": 1546765.51, "gasto_mef_2016": 2136606.62, "gasto_mef_2017": 2682965.08, "gasto_mef_2018": 2425783.59, "gasto_mef_2019": 2477254.37, "gasto_mef_2020": 3658252.94, "gasto_mef_2021": 2712095.66, "gasto_mef_2022": 2646523.59, "gasto_mef_2023": 2381618.34, "gasto_mef_2024": 2440016.11, "gasto_mef_2025": 4659373.86, "gasto_mef_2026": 4960608.17, "num_establecimientos_salud": 2, "num_ie_activas": 10, "num_ie_inactivas": 9, "num_ie_total": 19, "poblacion_2017": 4258, "ie_activas_per_1000hab": 2.3485204321277595, "establecimientos_salud_per_1000hab": 0.46970408642555195, "gasto_mef_2026_per_capita": 1165.0089643024889, "gasto_mef_promedio_periodo": 2603882.718000001, "gasto_mef_promedio_per_capita": 611.52717660873668, "log_gasto_mef_2026": 15.417039107692036, "log_poblacion_2017": 8.3567896699232129, "tendencia_gasto_mef": 199719.76942855766, "tendencia_gasto_mef_per_capita": 46.904595920281274, "proporcion_ie_inactivas": 0.47368421052631576, "area_km2": 48.63970518953483, "densidad_poblacional": 87.541649017151897, "log_densidad_poblacional": 4.4834730516748555, "comunidad_louvain": 5, "cluster_graphsage": 4 }, "geometry": { "type": "Polygon", "coordinates": [ [ [ -79.486616363999985, -7.323150724999948 ], [ -79.480789988999959, -7.325309974999925 ], [ -79.495986425999945, -7.332528433999926 ], [ -79.494445363999944, -7.336366974999976 ], [ -79.508642613999939, -7.342185599999937 ], [ -79.512776909999957, -7.348485791999963 ], [ -79.514329011999962, -7.352253723999979 ], [ -79.53583378899998, -7.371491613999979 ], [ -79.549491617999934, -7.388109834999966 ], [ -79.558125804999975, -7.392038967999952 ], [ -79.562834099999975, -7.393041674999949 ], [ -79.565178386999946, -7.39482247199993 ], [ -79.569140536999953, -7.389504260999956 ], [ -79.569901261999973, -7.389489588999936 ], [ -79.571324238999978, -7.381677850999949 ], [ -79.574400363999985, -7.373882849999973 ], [ -79.581949238999982, -7.361482474999946 ], [ -79.585423863999949, -7.357208974999935 ], [ -79.588540863999981, -7.350931599999967 ], [ -79.589361363999956, -7.338300724999954 ], [ -79.583309988999986, -7.336119974999974 ], [ -79.581969988999958, -7.333139974999938 ], [ -79.578529988999946, -7.328919974999963 ], [ -79.569648738999945, -7.32400709999996 ], [ -79.567119988999934, -7.324189974999967 ], [ -79.564812739, -7.32551347499998 ], [ -79.560963738999988, -7.324094224999953 ], [ -79.558470988999943, -7.324229849999938 ], [ -79.555239988999972, -7.325699974999964 ], [ -79.550289988999964, -7.324399974999949 ], [ -79.546039988999951, -7.325379974999976 ], [ -79.542469988999983, -7.325159974999963 ], [ -79.536699988999942, -7.32687997499994 ], [ -79.531449988999952, -7.325289974999976 ], [ -79.525558863999947, -7.325240599999972 ], [ -79.520859988999973, -7.323419974999979 ], [ -79.516379988999972, -7.32404997499998 ], [ -79.510449988999937, -7.323689974999979 ], [ -79.508299988999966, -7.325189974999944 ], [ -79.506619988999944, -7.325379974999976 ], [ -79.501999988999955, -7.323209974999941 ], [ -79.494899988999975, -7.324369974999968 ], [ -79.486616363999985, -7.323150724999948 ] ] ] } },
{ "type": "Feature", "properties": { "ubigeo": "130704", "departamento": "LA LIBERTAD", "provincia": "PACASMAYO", "capital": "PACASMAYO", "distrito": "PACASMAYO", "gasto_mef_2012": 42985041.950000018, "gasto_mef_2013": 40086628.670000099, "gasto_mef_2014": 13379813.61000001, "gasto_mef_2015": 9798944.09, "gasto_mef_2016": 12885242.150000017, "gasto_mef_2017": 9739391.92000001, "gasto_mef_2018": 10164595.11, "gasto_mef_2019": 15319932.130000012, "gasto_mef_2020": 17068441.76, "gasto_mef_2021": 21147463.059999984, "gasto_mef_2022": 32835962.57999998, "gasto_mef_2023": 14744316.91000001, "gasto_mef_2024": 16571514.210000018, "gasto_mef_2025": 24071457.930000044, "gasto_mef_2026": 8877657.75, "num_establecimientos_salud": 4, "num_ie_activas": 65, "num_ie_inactivas": 49, "num_ie_total": 114, "poblacion_2017": 30239, "ie_activas_per_1000hab": 2.1495419822084063, "establecimientos_salud_per_1000hab": 0.13227950659744039, "gasto_mef_2026_per_capita": 293.58304672773579, "gasto_mef_promedio_periodo": 19311760.255333345, "gasto_mef_promedio_per_capita": 638.63752952588857, "log_gasto_mef_2026": 15.999048425926174, "log_poblacion_2017": 10.316920830293469, "tendencia_gasto_mef": -748323.46192868031, "tendencia_gasto_mef_per_capita": -24.746964579803574, "proporcion_ie_inactivas": 0.42982456140350878, "area_km2": 34.619922839789069, "densidad_poblacional": 873.4565972297886, "log_densidad_poblacional": 6.773602661700143, "comunidad_louvain": 5, "cluster_graphsage": 4 }, "geometry": { "type": "Polygon", "coordinates": [ [ [ -79.514390738999964, -7.35264884999998 ], [ -79.501906363999979, -7.360569599999963 ], [ -79.498469738999972, -7.364527224999961 ], [ -79.496229238999945, -7.369434224999964 ], [ -79.500699238999971, -7.373626974999979 ], [ -79.511277363999966, -7.37703322599998 ], [ -79.518308738999963, -7.386673850999955 ], [ -79.523960363999947, -7.391870475999951 ], [ -79.535022488999971, -7.39425935099996 ], [ -79.537042863999943, -7.403679100999966 ], [ -79.543484363999937, -7.416927600999941 ], [ -79.549070363999988, -7.421865225999966 ], [ -79.551878863999946, -7.426796850999949 ], [ -79.557415988999935, -7.433269475999964 ], [ -79.559517488999973, -7.437820350999971 ], [ -79.56153511399998, -7.440234350999958 ], [ -79.565994113999977, -7.442027350999979 ], [ -79.579011738999952, -7.442330100999925 ], [ -79.58374611399995, -7.434701225999959 ], [ -79.584601613999951, -7.430769475999966 ], [ -79.586833988999956, -7.426753850999944 ], [ -79.588712863999945, -7.419515600999944 ], [ -79.588476613999944, -7.41409760099998 ], [ -79.584128367999938, -7.41246991099996 ], [ -79.582016040999974, -7.41080840099994 ], [ -79.574754967, -7.403023809999979 ], [ -79.571786738999947, -7.398223455999926 ], [ -79.576282898999978, -7.398191185999963 ], [ -79.571732956999938, -7.39810513599997 ], [ -79.570099738999943, -7.393501975999925 ], [ -79.569901261999973, -7.389489588999936 ], [ -79.569140536999953, -7.389504260999956 ], [ -79.565178386999946, -7.39482247199993 ], [ -79.562834099999975, -7.393041674999949 ], [ -79.558125804999975, -7.392038967999952 ], [ -79.550135466999961, -7.388588594999931 ], [ -79.54788201599996, -7.386725639999952 ], [ -79.53583378899998, -7.371491613999979 ], [ -79.514390738999964, -7.35264884999998 ] ] ] } },
{ "type": "Feature", "properties": { "ubigeo": "130705", "departamento": "LA LIBERTAD", "provincia": "PACASMAYO", "capital": "SAN JOSE", "distrito": "SAN JOSE", "gasto_mef_2012": 6331252.46, "gasto_mef_2013": 10550334.63, "gasto_mef_2014": 7894911.45, "gasto_mef_2015": 3711572.34, "gasto_mef_2016": 4863404.94, "gasto_mef_2017": 4438176.85, "gasto_mef_2018": 12568571.46, "gasto_mef_2019": 4165501.47, "gasto_mef_2020": 15844111.31, "gasto_mef_2021": 26009598.74, "gasto_mef_2022": 23425378.57, "gasto_mef_2023": 40578819.519999973, "gasto_mef_2024": 18377049.02, "gasto_mef_2025": 20710936.49, "gasto_mef_2026": 2978980.55, "num_establecimientos_salud": 3, "num_ie_activas": 39, "num_ie_inactivas": 15, "num_ie_total": 54, "poblacion_2017": 12205, "ie_activas_per_1000hab": 3.1954117165096272, "establecimientos_salud_per_1000hab": 0.24580090126997131, "gasto_mef_2026_per_capita": 244.07870135190444, "gasto_mef_promedio_periodo": 13496573.32, "gasto_mef_promedio_per_capita": 1105.8232953707495, "log_gasto_mef_2026": 14.907092038322764, "log_poblacion_2017": 9.4096829131044402, "tendencia_gasto_mef": 1212434.603142733, "tendencia_gasto_mef_per_capita": 99.33917272779459, "proporcion_ie_inactivas": 0.27777777777777779, "area_km2": 178.27824809151161, "densidad_poblacional": 68.460399014775362, "log_densidad_poblacional": 4.2407567918254196, "comunidad_louvain": 5, "cluster_graphsage": 4 }, "geometry": { "type": "Polygon", "coordinates": [ [ [ -79.462459988999967, -7.321399974999963 ], [ -79.460539988999983, -7.323399974999973 ], [ -79.457049988999984, -7.323689974999979 ], [ -79.45201998899995, -7.326169974999971 ], [ -79.447479988999987, -7.322599974999946 ], [ -79.444609988999957, -7.322329974999946 ], [ -79.443859988999975, -7.323369974999935 ], [ -79.441159988999971, -7.323309974999972 ], [ -79.439429988999962, -7.321549974999925 ], [ -79.438079988999959, -7.322739974999934 ], [ -79.433159988999989, -7.323659974999941 ], [ -79.429919987999938, -7.325579974999926 ], [ -79.421199987999955, -7.32669997499994 ], [ -79.416839987999936, -7.329979974999958 ], [ -79.407619987999965, -7.331479974999979 ], [ -79.395629987999939, -7.329209974999969 ], [ -79.39231998799994, -7.326219974999958 ], [ -79.39082998799995, -7.32651997499994 ], [ -79.389959987999987, -7.32789997499998 ], [ -79.385119987999985, -7.326229974999933 ], [ -79.379449987999976, -7.327329974999941 ], [ -79.36927998799996, -7.324119974999974 ], [ -79.367189862999965, -7.32638022499998 ], [ -79.366876112999989, -7.330127724999954 ], [ -79.365596987999936, -7.332413599999938 ], [ -79.351957112999969, -7.336781599999938 ], [ -79.347130987999947, -7.336636599999963 ], [ -79.342788112999983, -7.34073697499997 ], [ -79.334266237999941, -7.352881349999961 ], [ -79.332504737999955, -7.354349224999964 ], [ -79.32882148799996, -7.35545022499997 ], [ -79.322519987999954, -7.35452534999996 ], [ -79.321123737999983, -7.356218849999948 ], [ -79.315797612999972, -7.359554099999968 ], [ -79.312501112999939, -7.358765474999927 ], [ -79.310238862999938, -7.356722974999968 ], [ -79.306761362999964, -7.35671009999993 ], [ -79.302676362999989, -7.35270259999993 ], [ -79.299987362999957, -7.353129099999933 ], [ -79.296264362999977, -7.350634224999965 ], [ -79.293118613, -7.347260724999956 ], [ -79.282902112999977, -7.348743474999935 ], [ -79.280006362999984, -7.351500224999938 ], [ -79.280116362999934, -7.356787099999963 ], [ -79.279235237999956, -7.359532974999979 ], [ -79.274275487999944, -7.366031974999942 ], [ -79.264526987999943, -7.371778474999928 ], [ -79.260874612999942, -7.37899510099993 ], [ -79.275493112999982, -7.385069600999941 ], [ -79.279941862999976, -7.388999350999939 ], [ -79.281102112999974, -7.392633350999972 ], [ -79.289158112999985, -7.393399475999956 ], [ -79.291588112999989, -7.395763725999927 ], [ -79.299994362999939, -7.399135100999956 ], [ -79.303617362999944, -7.404168350999953 ], [ -79.311415612999951, -7.405506475999971 ], [ -79.316763237999965, -7.401608725999949 ], [ -79.325037987999963, -7.401236475999951 ], [ -79.331255112999941, -7.406096475999959 ], [ -79.335129737999978, -7.407278600999973 ], [ -79.338703862999978, -7.41390310099996 ], [ -79.339683237999964, -7.417830225999978 ], [ -79.342704237999953, -7.419121850999943 ], [ -79.345858987999975, -7.423164475999954 ], [ -79.354197112999941, -7.426564850999966 ], [ -79.360414362999961, -7.430395850999957 ], [ -79.366303112999958, -7.429213725999944 ], [ -79.369061362999958, -7.429914225999937 ], [ -79.383101487999966, -7.442102725999973 ], [ -79.386598987999946, -7.44261235099998 ], [ -79.389610112999947, -7.440875100999961 ], [ -79.390281862999984, -7.439415850999978 ], [ -79.390653612999984, -7.432676975999925 ], [ -79.388894487999949, -7.428085975999977 ], [ -79.397242737999989, -7.415450225999962 ], [ -79.400241737999977, -7.412428850999959 ], [ -79.402225612999985, -7.41198047599994 ], [ -79.405333612999982, -7.40918310099994 ], [ -79.407917237999982, -7.405655600999978 ], [ -79.408809487999974, -7.402652725999928 ], [ -79.408536737999952, -7.397399600999961 ], [ -79.409463612999957, -7.393253725999955 ], [ -79.408452112999953, -7.388847725999938 ], [ -79.429154237999967, -7.383921350999969 ], [ -79.43238536399997, -7.388862850999942 ], [ -79.437592738999967, -7.392014600999971 ], [ -79.441087238999955, -7.392459975999941 ], [ -79.444432363999965, -7.388103100999956 ], [ -79.446501238999986, -7.386753475999967 ], [ -79.447179613999936, -7.383751725999957 ], [ -79.447112238999978, -7.371983349999937 ], [ -79.448638238999933, -7.369057099999964 ], [ -79.452809363999961, -7.369136599999933 ], [ -79.456273738999982, -7.373697224999944 ], [ -79.457361363999951, -7.373613224999929 ], [ -79.461549238999964, -7.365562349999948 ], [ -79.46347998899995, -7.365039974999945 ], [ -79.464329988999964, -7.365099974999964 ], [ -79.470262113999979, -7.371377974999973 ], [ -79.477566613999954, -7.369350099999963 ], [ -79.481361738999965, -7.37045059999997 ], [ -79.484394488999953, -7.370173849999958 ], [ -79.486359488999938, -7.366612349999969 ], [ -79.494864488999951, -7.369809849999967 ], [ -79.496229238999945, -7.369434224999964 ], [ -79.498469738999972, -7.364527224999961 ], [ -79.501906363999979, -7.360569599999963 ], [ -79.514594503999945, -7.352519213999926 ], [ -79.508456988999967, -7.342033224999966 ], [ -79.494445363999944, -7.336366974999976 ], [ -79.495986425999945, -7.332528433999926 ], [ -79.480789988999959, -7.325309974999925 ], [ -79.478269988999955, -7.325219974999925 ], [ -79.475419988999988, -7.323509974999979 ], [ -79.469819988999973, -7.323239974999979 ], [ -79.464989988999946, -7.321489974999963 ], [ -79.462459988999967, -7.321399974999963 ] ] ] } },
{ "type": "Feature", "properties": { "ubigeo": "130801", "departamento": "LA LIBERTAD", "provincia": "PATAZ", "capital": "TAYABAMBA", "distrito": "TAYABAMBA", "gasto_mef_2012": 50804208.590000018, "gasto_mef_2013": 51150316.459999941, "gasto_mef_2014": 60114706.159999952, "gasto_mef_2015": 74338936.12, "gasto_mef_2016": 82143675.120000035, "gasto_mef_2017": 92263411.479999825, "gasto_mef_2018": 104067148.88999982, "gasto_mef_2019": 118681859.02000016, "gasto_mef_2020": 146781848.01999998, "gasto_mef_2021": 150043458.89999971, "gasto_mef_2022": 163834091.30000058, "gasto_mef_2023": 190805944.08999977, "gasto_mef_2024": 193427025.61999986, "gasto_mef_2025": 216296391.16000018, "gasto_mef_2026": 101869197.41000001, "num_establecimientos_salud": 4, "num_ie_activas": 106, "num_ie_inactivas": 42, "num_ie_total": 148, "poblacion_2017": 13641, "ie_activas_per_1000hab": 7.7706912982919141, "establecimientos_salud_per_1000hab": 0.29323363389780804, "gasto_mef_2026_per_capita": 7467.8687346968709, "gasto_mef_promedio_periodo": 119774814.55599998, "gasto_mef_promedio_per_capita": 8780.5010304229872, "log_gasto_mef_2026": 18.439200179780997, "log_poblacion_2017": 9.5209085482146651, "tendencia_gasto_mef": 10300382.291534863, "tendencia_gasto_mef_per_capita": 755.10463247084988, "proporcion_ie_inactivas": 0.28378378378378377, "area_km2": 339.0658677332018, "densidad_poblacional": 40.231121142319139, "log_densidad_poblacional": 3.7191933387410288, "comunidad_louvain": 6, "cluster_graphsage": 3 }, "geometry": { "type": "Polygon", "coordinates": [ [ [ -77.351132111999959, -8.183444600999962 ], [ -77.348049611999954, -8.184274475999928 ], [ -77.344729986999937, -8.18803997599997 ], [ -77.341612361999978, -8.189964225999972 ], [ -77.338116486999979, -8.190651350999929 ], [ -77.33626998699998, -8.192139975999964 ], [ -77.332089986999961, -8.197929975999955 ], [ -77.331039736999969, -8.204536600999973 ], [ -77.326819986999965, -8.211629975999927 ], [ -77.321559986999944, -8.216689975999941 ], [ -77.317652611999961, -8.217636975999937 ], [ -77.315009986999939, -8.220529975999966 ], [ -77.311779986999966, -8.226839975999951 ], [ -77.308172611999964, -8.22960010099996 ], [ -77.303449986999965, -8.236119975999941 ], [ -77.300539986999979, -8.237919975999944 ], [ -77.286489986999982, -8.236299975999941 ], [ -77.282029985999941, -8.23784997599995 ], [ -77.278915860999973, -8.240376975999936 ], [ -77.274648486, -8.24128110099997 ], [ -77.272669985999983, -8.242649975999939 ], [ -77.268934610999963, -8.241956100999971 ], [ -77.264968610999972, -8.240111725999952 ], [ -77.26302186099997, -8.240154717999928 ], [ -77.246019985999965, -8.22119997599998 ], [ -77.245080235999978, -8.223633100999962 ], [ -77.24527098599998, -8.232634350999945 ], [ -77.242836735999958, -8.236956475999932 ], [ -77.243424610999966, -8.243899100999954 ], [ -77.235438860999977, -8.250123975999941 ], [ -77.231753735999973, -8.249328725999931 ], [ -77.228414860999976, -8.251220725999929 ], [ -77.224344610999935, -8.251793100999976 ], [ -77.220193610999956, -8.260948225999925 ], [ -77.218935735999935, -8.266039600999932 ], [ -77.215828235999936, -8.26945972599998 ], [ -77.212682110999936, -8.269900350999933 ], [ -77.209845110999936, -8.268831600999931 ], [ -77.207098360999964, -8.269683475999955 ], [ -77.207667110999978, -8.271498350999934 ], [ -77.207005985999956, -8.274762725999949 ], [ -77.203831235999985, -8.276555850999955 ], [ -77.202618110999936, -8.279342600999939 ], [ -77.203470360999972, -8.284227475999955 ], [ -77.202853235999953, -8.291922975999967 ], [ -77.196775485999979, -8.294287975999964 ], [ -77.190100235999978, -8.300699350999935 ], [ -77.190131985999983, -8.303655600999946 ], [ -77.192854360999945, -8.305906850999975 ], [ -77.190353235999964, -8.309347850999927 ], [ -77.190775735999978, -8.313613850999957 ], [ -77.186341360999961, -8.314936975999956 ], [ -77.18306936099998, -8.317172100999926 ], [ -77.181976610999982, -8.323197225999934 ], [ -77.175352610999937, -8.332774725999968 ], [ -77.171968235999941, -8.333897225999976 ], [ -77.162216110999964, -8.331244225999967 ], [ -77.158169485999963, -8.332560350999927 ], [ -77.157403360999979, -8.341989350999938 ], [ -77.153603485999952, -8.345347725999943 ], [ -77.154370860999961, -8.350723225999957 ], [ -77.153867360999982, -8.354412975999935 ], [ -77.154680485999961, -8.356683975999943 ], [ -77.152079986, -8.36220285099995 ], [ -77.148232235999956, -8.364888100999963 ], [ -77.139176735999968, -8.375082475999932 ], [ -77.13852273599997, -8.37658210099994 ], [ -77.141013485999963, -8.380476600999941 ], [ -77.134569235999948, -8.384918225999968 ], [ -77.136734110999953, -8.391777100999946 ], [ -77.131078985999977, -8.398062100999937 ], [ -77.130112860999986, -8.400260850999928 ], [ -77.130568110999945, -8.403226100999973 ], [ -77.127394110999944, -8.405698600999926 ], [ -77.12479323599996, -8.410227100999975 ], [ -77.123683235999977, -8.414119475999939 ], [ -77.126549860999944, -8.421020725999938 ], [ -77.126322735999963, -8.424743725999974 ], [ -77.123152485999981, -8.428322975999947 ], [ -77.116783860999988, -8.426156350999975 ], [ -77.110968485999933, -8.426997350999955 ], [ -77.110542360999943, -8.431171350999932 ], [ -77.107811610999988, -8.435209725999925 ], [ -77.103289360999952, -8.438035100999969 ], [ -77.104071360999967, -8.444372850999969 ], [ -77.116180610999947, -8.447855725999943 ], [ -77.119780110999955, -8.447651225999948 ], [ -77.13384373599996, -8.44002147599997 ], [ -77.140291110999954, -8.44041597599994 ], [ -77.148235235999948, -8.438441225999952 ], [ -77.153579985999954, -8.435508850999952 ], [ -77.153355610999938, -8.433748850999962 ], [ -77.150052860999949, -8.430715100999976 ], [ -77.151210360999983, -8.427239350999969 ], [ -77.152999610999984, -8.425885225999934 ], [ -77.166918610999971, -8.42869835099998 ], [ -77.176619485999936, -8.438417600999969 ], [ -77.180370735999986, -8.431974225999966 ], [ -77.183223485999974, -8.429154600999937 ], [ -77.183361360999982, -8.423534600999972 ], [ -77.18552411099995, -8.419987225999932 ], [ -77.183977485999947, -8.417318975999933 ], [ -77.181339235999985, -8.416359600999954 ], [ -77.179306860999986, -8.414036850999935 ], [ -77.180316735999952, -8.412509475999968 ], [ -77.181486610999968, -8.402149475999977 ], [ -77.185643610999989, -8.399576350999951 ], [ -77.189896360999967, -8.400047100999927 ], [ -77.197527485999956, -8.403784725999969 ], [ -77.199266485999942, -8.403862600999958 ], [ -77.202727485999958, -8.401878475999979 ], [ -77.201991860999954, -8.394492475999925 ], [ -77.198402360999978, -8.391623725999978 ], [ -77.197375235999971, -8.389103475999946 ], [ -77.201818610999965, -8.388009475999979 ], [ -77.208289110999942, -8.385092850999968 ], [ -77.214323610999941, -8.383995725999966 ], [ -77.221443860999955, -8.380048225999928 ], [ -77.220729860999938, -8.371989600999939 ], [ -77.222815360999959, -8.369550850999929 ], [ -77.223151735999977, -8.364269725999975 ], [ -77.225391610999964, -8.362312350999957 ], [ -77.232546486, -8.364300100999969 ], [ -77.237367610999968, -8.362627975999942 ], [ -77.24059011099996, -8.364728100999969 ], [ -77.247771861, -8.372224225999958 ], [ -77.250590485999965, -8.37367035099993 ], [ -77.25536148599997, -8.374200600999927 ], [ -77.262292985999977, -8.381152475999954 ], [ -77.269299985999965, -8.379449975999933 ], [ -77.272179985999969, -8.384359975999928 ], [ -77.275349985999981, -8.387859975999959 ], [ -77.280069985999944, -8.390369975999931 ], [ -77.287289986999951, -8.390819975999932 ], [ -77.294509986999969, -8.387109975999977 ], [ -77.30029998699996, -8.378639975999931 ], [ -77.306209986999988, -8.374259975999962 ], [ -77.309559986999943, -8.369799975999968 ], [ -77.310699986999964, -8.369899975999942 ], [ -77.311529986999972, -8.367159975999925 ], [ -77.320769986999949, -8.356099975999939 ], [ -77.329219986999988, -8.354069975999948 ], [ -77.342699986999946, -8.353779975999942 ], [ -77.34091998699995, -8.350959975999956 ], [ -77.339449986999966, -8.345859975999929 ], [ -77.333879986999989, -8.337019975999965 ], [ -77.329139986999962, -8.332619975999933 ], [ -77.322799986999939, -8.331359975999931 ], [ -77.318799986999977, -8.32774997599995 ], [ -77.314239986999951, -8.318039975999966 ], [ -77.312739986999986, -8.308459975999938 ], [ -77.313939986999969, -8.305579975999933 ], [ -77.317212736999977, -8.301607600999944 ], [ -77.326122361999978, -8.298621100999981 ], [ -77.327166236999972, -8.291774225999973 ], [ -77.332106111999963, -8.287187100999972 ], [ -77.332894236999948, -8.279918350999935 ], [ -77.337904861999959, -8.278083475999949 ], [ -77.338892736999981, -8.274025475999963 ], [ -77.341276986999958, -8.272623350999936 ], [ -77.342492861999972, -8.272810475999961 ], [ -77.34638511199995, -8.277824725999949 ], [ -77.349860111999988, -8.277722100999938 ], [ -77.361518111999942, -8.272332225999946 ], [ -77.365592236999987, -8.269485475999943 ], [ -77.373980611999968, -8.268852600999935 ], [ -77.382166236999979, -8.263838225999962 ], [ -77.381358173999956, -8.260873038999932 ], [ -77.377406236999946, -8.256633975999932 ], [ -77.376529986999969, -8.251439975999972 ], [ -77.373539986999958, -8.248049975999947 ], [ -77.373149986999977, -8.245079975999943 ], [ -77.374049986999978, -8.239929975999928 ], [ -77.376449986999944, -8.23417997599995 ], [ -77.37670998699997, -8.230099975999963 ], [ -77.375749986999949, -8.224859975999948 ], [ -77.380249986999956, -8.220279975999972 ], [ -77.382329986999935, -8.21456997599995 ], [ -77.387363486999959, -8.205191475999925 ], [ -77.388699986999939, -8.200619975999928 ], [ -77.385859986999947, -8.200039975999971 ], [ -77.380357861999983, -8.196721600999979 ], [ -77.378936736999947, -8.195027850999963 ], [ -77.376369986999975, -8.194219975999943 ], [ -77.374227111999971, -8.191193225999939 ], [ -77.369839986999978, -8.190539975999968 ], [ -77.364085486999954, -8.188215475999925 ], [ -77.359569986999986, -8.187699975999976 ], [ -77.356019986999968, -8.185839975999954 ], [ -77.353760986999987, -8.185652600999958 ], [ -77.351132111999959, -8.183444600999962 ] ] ] } },
{ "type": "Feature", "properties": { "ubigeo": "130802", "departamento": "LA LIBERTAD", "provincia": "PATAZ", "capital": "BULDIBUYO", "distrito": "BULDIBUYO", "gasto_mef_2012": 7757917.77, "gasto_mef_2013": 8141838.67, "gasto_mef_2014": 7350018.44, "gasto_mef_2015": 3423396.71, "gasto_mef_2016": 5575684.19, "gasto_mef_2017": 7282653.29, "gasto_mef_2018": 8653615.34, "gasto_mef_2019": 15347317.64, "gasto_mef_2020": 6806228.71, "gasto_mef_2021": 4482078.24, "gasto_mef_2022": 6572722.38, "gasto_mef_2023": 6295761.58000001, "gasto_mef_2024": 7112667.03, "gasto_mef_2025": 10216371.14, "gasto_mef_2026": 5277738.25, "num_establecimientos_salud": 4, "num_ie_activas": 30, "num_ie_inactivas": 12, "num_ie_total": 42, "poblacion_2017": 4079, "ie_activas_per_1000hab": 7.3547438097572941, "establecimientos_salud_per_1000hab": 0.98063250796763901, "gasto_mef_2026_per_capita": 1293.8804241235596, "gasto_mef_promedio_periodo": 7353067.2919999985, "gasto_mef_promedio_per_capita": 1802.6642049521938, "log_gasto_mef_2026": 15.479008391642004, "log_poblacion_2017": 8.3138522673982074, "tendencia_gasto_mef": 3325.7801785616502, "tendencia_gasto_mef_per_capita": 0.81534203936299343, "proporcion_ie_inactivas": 0.2857142857142857, "area_km2": 230.55237186203786, "densidad_poblacional": 17.692292501943406, "log_densidad_poblacional": 2.928111273225448, "comunidad_louvain": 6, "cluster_graphsage": 3 }, "geometry": { "type": "Polygon", "coordinates": [ [ [ -77.327425611999956, -8.054091975999938 ], [ -77.324491236999961, -8.058040725999945 ], [ -77.321997986999975, -8.059111350999956 ], [ -77.319052111999952, -8.057139225999947 ], [ -77.312584486999981, -8.056292850999967 ], [ -77.310006861999966, -8.057259475999956 ], [ -77.306641236999951, -8.056868600999962 ], [ -77.301563361999968, -8.067794725999931 ], [ -77.302250986999979, -8.073196725999935 ], [ -77.298041611999963, -8.076666725999928 ], [ -77.296246236999934, -8.077210100999935 ], [ -77.295082486999945, -8.081966350999949 ], [ -77.292769486999987, -8.084857600999953 ], [ -77.287408236999966, -8.087914100999967 ], [ -77.286537236999948, -8.090832850999959 ], [ -77.286768361999975, -8.095800225999938 ], [ -77.289186736999966, -8.103444475999936 ], [ -77.294963111999948, -8.105006225999944 ], [ -77.298916111999972, -8.107482600999958 ], [ -77.305388861999973, -8.116741225999931 ], [ -77.309132361999957, -8.119698850999953 ], [ -77.308792111999935, -8.120563850999929 ], [ -77.298005986999954, -8.119604600999935 ], [ -77.297976111999958, -8.12211797599997 ], [ -77.296183611999936, -8.126838850999945 ], [ -77.29749536199995, -8.130314225999939 ], [ -77.308559986999967, -8.141824850999967 ], [ -77.313259986999981, -8.14881997599997 ], [ -77.323243361999971, -8.155907850999938 ], [ -77.325854111999945, -8.15556935099994 ], [ -77.332809986999962, -8.15889997599993 ], [ -77.336522486999968, -8.157192725999948 ], [ -77.34179611199994, -8.156495100999962 ], [ -77.34563998699997, -8.156959975999939 ], [ -77.354629986999953, -8.160859975999927 ], [ -77.357949986999984, -8.159459975999937 ], [ -77.36088998699995, -8.160429975999932 ], [ -77.362432361999936, -8.163217600999928 ], [ -77.362119986999971, -8.16913997599994 ], [ -77.360195486999942, -8.171650100999955 ], [ -77.355954736999934, -8.174089350999964 ], [ -77.353414236999981, -8.177236725999933 ], [ -77.351704361999964, -8.180445725999959 ], [ -77.351714249999986, -8.18355110899995 ], [ -77.353760986999987, -8.185652600999958 ], [ -77.356019986999968, -8.185839975999954 ], [ -77.359569986999986, -8.187699975999976 ], [ -77.364085486999954, -8.188215475999925 ], [ -77.369839986999978, -8.190539975999968 ], [ -77.374227111999971, -8.191193225999939 ], [ -77.376369986999975, -8.194219975999943 ], [ -77.378936736999947, -8.195027850999963 ], [ -77.380357861999983, -8.196721600999979 ], [ -77.386159986999985, -8.200159975999952 ], [ -77.392129986999976, -8.200929975999941 ], [ -77.397759986999972, -8.203509975999964 ], [ -77.400589986999989, -8.20361997599997 ], [ -77.406339986999967, -8.201989975999936 ], [ -77.41120411199995, -8.204007975999957 ], [ -77.409414736999963, -8.210603350999975 ], [ -77.409914236999953, -8.213000725999962 ], [ -77.414229986999942, -8.216199975999928 ], [ -77.415769986999976, -8.219479975999946 ], [ -77.415489986999944, -8.221829975999981 ], [ -77.417455236999956, -8.224178600999949 ], [ -77.418019861999937, -8.227305975999968 ], [ -77.421150736999948, -8.224191350999945 ], [ -77.423296736999987, -8.218902600999968 ], [ -77.42066923699997, -8.212364725999976 ], [ -77.42074798699997, -8.21045510099998 ], [ -77.438287111999955, -8.197054475999948 ], [ -77.439496611999971, -8.193667975999972 ], [ -77.44372961199997, -8.189434975999973 ], [ -77.444293611999967, -8.185273475999963 ], [ -77.443408861999956, -8.181832225999926 ], [ -77.443806986999959, -8.177701475999982 ], [ -77.446585361999951, -8.175716975999933 ], [ -77.447273361999976, -8.170583725999961 ], [ -77.456825486999946, -8.169683975999931 ], [ -77.459629486999972, -8.168217350999953 ], [ -77.46040936199995, -8.166625100999966 ], [ -77.460945486999947, -8.164496725999982 ], [ -77.45770598699994, -8.159077475999936 ], [ -77.460490486999959, -8.154619975999935 ], [ -77.460841486999982, -8.147448225999938 ], [ -77.458427236999967, -8.146576225999979 ], [ -77.455632736999974, -8.144268975999978 ], [ -77.455746486999942, -8.137315100999956 ], [ -77.453959236999935, -8.134016975999941 ], [ -77.453159736999964, -8.130347100999927 ], [ -77.456347611999945, -8.13029635099997 ], [ -77.457777361999945, -8.129159100999971 ], [ -77.461567736999939, -8.120044850999932 ], [ -77.46213673699998, -8.11559110099995 ], [ -77.469162111999935, -8.104912225999954 ], [ -77.474023736999982, -8.099372850999941 ], [ -77.47515098699995, -8.09699997599995 ], [ -77.475113486999987, -8.09409335099997 ], [ -77.476765486999966, -8.087064725999937 ], [ -77.472362486999941, -8.086384850999934 ], [ -77.470538611999984, -8.087917225999945 ], [ -77.467656486999942, -8.088352350999969 ], [ -77.462417861999938, -8.088069725999958 ], [ -77.457894611999961, -8.08609572599994 ], [ -77.451460861999976, -8.087346225999966 ], [ -77.446921861999954, -8.086222600999974 ], [ -77.443271361999962, -8.083397350999974 ], [ -77.437016736999965, -8.083986100999937 ], [ -77.433717236999939, -8.08174547599998 ], [ -77.431244486999958, -8.078109100999939 ], [ -77.42604298699996, -8.078982725999936 ], [ -77.424544986999933, -8.078321225999957 ], [ -77.422322486999974, -8.074649975999932 ], [ -77.418037236999965, -8.073127350999926 ], [ -77.416723486999956, -8.068043975999956 ], [ -77.408128361999957, -8.071911725999939 ], [ -77.397460986999988, -8.066471725999975 ], [ -77.396194861999959, -8.06232422599993 ], [ -77.394356986999981, -8.059903350999946 ], [ -77.385472611999944, -8.055386725999938 ], [ -77.376372861999982, -8.059665350999978 ], [ -77.37368786199994, -8.064240850999965 ], [ -77.372444236999968, -8.064925725999956 ], [ -77.363993111999946, -8.060928475999958 ], [ -77.359851486999958, -8.057709350999971 ], [ -77.35291061199996, -8.055164100999946 ], [ -77.349299111999983, -8.054384350999953 ], [ -77.341849611999976, -8.054832100999931 ], [ -77.335732611999958, -8.056639100999973 ], [ -77.33199061199997, -8.054512600999942 ], [ -77.327425611999956, -8.054091975999938 ] ] ] } },
{ "type": "Feature", "properties": { "ubigeo": "130803", "departamento": "LA LIBERTAD", "provincia": "PATAZ", "capital": "CHILLIA", "distrito": "CHILLIA", "gasto_mef_2012": 16443643.52000001, "gasto_mef_2013": 14339325.84000001, "gasto_mef_2014": 10391221.94000001, "gasto_mef_2015": 14595171.85, "gasto_mef_2016": 14262728.72, "gasto_mef_2017": 11677077.37, "gasto_mef_2018": 12871207.1, "gasto_mef_2019": 8126321.09, "gasto_mef_2020": 10804748.23, "gasto_mef_2021": 30440112.459999986, "gasto_mef_2022": 26537679.33, "gasto_mef_2023": 12836562.72, "gasto_mef_2024": 15988127.24, "gasto_mef_2025": 23183688.5, "gasto_mef_2026": 6818361.46, "num_establecimientos_salud": 5, "num_ie_activas": 96, "num_ie_inactivas": 28, "num_ie_total": 124, "poblacion_2017": 12638, "ie_activas_per_1000hab": 7.5961386295299889, "establecimientos_salud_per_1000hab": 0.39563222028802025, "gasto_mef_2026_per_capita": 539.51269662921311, "gasto_mef_promedio_periodo": 15287731.824666666, "gasto_mef_promedio_per_capita": 1209.6638569921402, "log_gasto_mef_2026": 15.735129892484583, "log_poblacion_2017": 9.4445425506471263, "tendencia_gasto_mef": 281870.55235708191, "tendencia_gasto_mef_per_capita": 22.303414492568596, "proporcion_ie_inactivas": 0.22580645161290322, "area_km2": 309.3872894770256, "densidad_poblacional": 40.848478363033948, "log_densidad_poblacional": 3.7340554369682311, "comunidad_louvain": 6, "cluster_graphsage": 1 }, "geometry": { "type": "Polygon", "coordinates": [ [ [ -77.508597861999988, -8.050884725999936 ], [ -77.506069986999989, -8.052569975999972 ], [ -77.494449986999939, -8.066119975999925 ], [ -77.484939986999962, -8.069899975999931 ], [ -77.478879986999971, -8.078193725999938 ], [ -77.476891111999976, -8.08431247599998 ], [ -77.476884111999937, -8.088260350999974 ], [ -77.474656986999946, -8.098183475999974 ], [ -77.469162111999935, -8.104912225999954 ], [ -77.46213673699998, -8.11559110099995 ], [ -77.461567736999939, -8.120044850999932 ], [ -77.457777361999945, -8.129159100999971 ], [ -77.456347611999945, -8.13029635099997 ], [ -77.453159736999964, -8.130347100999927 ], [ -77.453959236999935, -8.134016975999941 ], [ -77.455746486999942, -8.137315100999956 ], [ -77.455632736999974, -8.144268975999978 ], [ -77.458427236999967, -8.146576225999979 ], [ -77.460841486999982, -8.147448225999938 ], [ -77.460490486999959, -8.154619975999935 ], [ -77.45770598699994, -8.159077475999936 ], [ -77.460945486999947, -8.164496725999982 ], [ -77.46040936199995, -8.166625100999966 ], [ -77.459629486999972, -8.168217350999953 ], [ -77.456825486999946, -8.169683975999931 ], [ -77.447273361999976, -8.170583725999961 ], [ -77.446585361999951, -8.175716975999933 ], [ -77.443806986999959, -8.177701475999982 ], [ -77.443408861999956, -8.181832225999926 ], [ -77.444293611999967, -8.185273475999963 ], [ -77.44372961199997, -8.189434975999973 ], [ -77.439496611999971, -8.193667975999972 ], [ -77.438287111999955, -8.197054475999948 ], [ -77.42074798699997, -8.21045510099998 ], [ -77.42066923699997, -8.212364725999976 ], [ -77.423296736999987, -8.218902600999968 ], [ -77.421150736999948, -8.224191350999945 ], [ -77.417949611999973, -8.227657350999948 ], [ -77.421726986999943, -8.230878725999958 ], [ -77.42338998699995, -8.231249975999958 ], [ -77.425179986999979, -8.230249975999925 ], [ -77.426589986999943, -8.233569975999956 ], [ -77.430889986999944, -8.236929975999942 ], [ -77.438919986999963, -8.239625350999972 ], [ -77.442028986999958, -8.239740100999938 ], [ -77.448209986999984, -8.242269975999932 ], [ -77.452719986999966, -8.248569975999942 ], [ -77.460794361999945, -8.250272850999977 ], [ -77.463779986999953, -8.252479975999961 ], [ -77.466359986999976, -8.251989975999948 ], [ -77.468815486999972, -8.252858350999929 ], [ -77.470895111999937, -8.250984475999928 ], [ -77.475439986999959, -8.24957997599995 ], [ -77.477809986999944, -8.247779975999947 ], [ -77.480629986999986, -8.248049975999947 ], [ -77.48797998699996, -8.25694997599993 ], [ -77.494739986999946, -8.259799975999954 ], [ -77.503733111999964, -8.271916225999973 ], [ -77.505729986999938, -8.27338147599994 ], [ -77.509029986999963, -8.27390997599997 ], [ -77.513869986999964, -8.271889975999954 ], [ -77.521159986999976, -8.270869975999972 ], [ -77.527689986999974, -8.267079975999934 ], [ -77.528709986999957, -8.264809975999981 ], [ -77.527159986999948, -8.260049975999948 ], [ -77.526759986999934, -8.250719975999971 ], [ -77.528119986999968, -8.246719975999952 ], [ -77.531169986999942, -8.243339975999959 ], [ -77.535969986999987, -8.241049975999942 ], [ -77.541799986999933, -8.240509975999942 ], [ -77.545179986999983, -8.237739975999943 ], [ -77.548869986999989, -8.236749975999942 ], [ -77.552759986999945, -8.236419975999979 ], [ -77.563749986999937, -8.238209975999951 ], [ -77.574099986999954, -8.232219975999953 ], [ -77.575479986999937, -8.229239975999974 ], [ -77.573360236999974, -8.223242350999953 ], [ -77.573641486999975, -8.214692100999969 ], [ -77.572529986999939, -8.210448225999926 ], [ -77.570459986999936, -8.206759975999944 ], [ -77.564586611999971, -8.201682225999946 ], [ -77.560859986999958, -8.196479975999978 ], [ -77.557439986999952, -8.195479975999945 ], [ -77.556999986999983, -8.194249975999981 ], [ -77.560189986999944, -8.190639975999943 ], [ -77.564289986999938, -8.187779975999945 ], [ -77.57042611199995, -8.173782225999958 ], [ -77.575409611999987, -8.16815085099995 ], [ -77.587589986999944, -8.163909975999957 ], [ -77.594352861999937, -8.162517850999961 ], [ -77.604740986999957, -8.155704475999926 ], [ -77.608071111999948, -8.149880725999935 ], [ -77.608319986999959, -8.148059975999956 ], [ -77.601819486999943, -8.139375725999969 ], [ -77.601468111999964, -8.137673850999931 ], [ -77.60213786199995, -8.135938975999977 ], [ -77.609242611999946, -8.132173600999977 ], [ -77.617039986999941, -8.130949975999954 ], [ -77.618909986999938, -8.128309975999969 ], [ -77.621229986999936, -8.121579975999964 ], [ -77.623329986999977, -8.118589975999953 ], [ -77.625874236999948, -8.116612725999971 ], [ -77.631378236999979, -8.11425535099994 ], [ -77.636143861999983, -8.109331475999966 ], [ -77.636859111999968, -8.107652600999927 ], [ -77.63375911199995, -8.102722225999969 ], [ -77.624599986999954, -8.093529975999957 ], [ -77.619309986999951, -8.082829975999971 ], [ -77.61882998699997, -8.079829975999928 ], [ -77.611499986999945, -8.081919975999938 ], [ -77.606079986999987, -8.084719975999974 ], [ -77.601679986999955, -8.088149975999954 ], [ -77.597469986999954, -8.087699975999953 ], [ -77.590379986999949, -8.089219975999981 ], [ -77.584849986999984, -8.089179975999969 ], [ -77.577118236999979, -8.09032347599998 ], [ -77.572986986999979, -8.092245975999958 ], [ -77.570511736999947, -8.092492225999933 ], [ -77.570659736999971, -8.087260225999955 ], [ -77.569352361999961, -8.085430225999971 ], [ -77.561147736999942, -8.079770100999951 ], [ -77.553570236999974, -8.068812850999961 ], [ -77.542986486999951, -8.066244475999952 ], [ -77.536255486999949, -8.065890225999965 ], [ -77.531064611999966, -8.067021850999936 ], [ -77.527454361999958, -8.066932600999962 ], [ -77.508249486999944, -8.062654725999948 ], [ -77.507404111999961, -8.061145100999966 ], [ -77.507102111999984, -8.05679697599993 ], [ -77.508597861999988, -8.050884725999936 ] ] ] } },
{ "type": "Feature", "properties": { "ubigeo": "130804", "departamento": "LA LIBERTAD", "provincia": "PATAZ", "capital": "HUANCASPATA", "distrito": "HUANCASPATA", "gasto_mef_2012": 6074899.65, "gasto_mef_2013": 5184453.52, "gasto_mef_2014": 7620708.02, "gasto_mef_2015": 4861652.25, "gasto_mef_2016": 10246858.32000001, "gasto_mef_2017": 13855796.75000001, "gasto_mef_2018": 11364435.06, "gasto_mef_2019": 5793623.64, "gasto_mef_2020": 5248027.89, "gasto_mef_2021": 8570318.76, "gasto_mef_2022": 9682926.45, "gasto_mef_2023": 9350889.97, "gasto_mef_2024": 7880231.97, "gasto_mef_2025": 8582052.9999999944, "gasto_mef_2026": 4423800.15, "num_establecimientos_salud": 3, "num_ie_activas": 55, "num_ie_inactivas": 14, "num_ie_total": 69, "poblacion_2017": 6392, "ie_activas_per_1000hab": 8.6045056320400501, "establecimientos_salud_per_1000hab": 0.46933667083854819, "gasto_mef_2026_per_capita": 692.08387828535672, "gasto_mef_promedio_periodo": 7916045.0266666682, "gasto_mef_promedio_per_capita": 1238.4300730079269, "log_gasto_mef_2026": 15.302509873163267, "log_poblacion_2017": 8.7629589207667262, "tendencia_gasto_mef": 34654.686607148011, "tendencia_gasto_mef_per_capita": 5.4215717470506899, "proporcion_ie_inactivas": 0.20289855072463769, "area_km2": 226.78144153370658, "densidad_poblacional": 28.185727883072634, "log_densidad_poblacional": 3.3736798186590424, "comunidad_louvain": 6, "cluster_graphsage": 1 }, "geometry": { "type": "Polygon", "coordinates": [ [ [ -77.33775998699997, -8.353459975999954 ], [ -77.332809986999962, -8.354429975999949 ], [ -77.329219986999988, -8.354069975999948 ], [ -77.320769986999949, -8.356099975999939 ], [ -77.311529986999972, -8.367159975999925 ], [ -77.310699986999964, -8.369899975999942 ], [ -77.309559986999943, -8.369799975999968 ], [ -77.306209986999988, -8.374259975999962 ], [ -77.30029998699996, -8.378639975999931 ], [ -77.294509986999969, -8.387109975999977 ], [ -77.287289986999951, -8.390819975999932 ], [ -77.280069985999944, -8.390369975999931 ], [ -77.275349985999981, -8.387859975999959 ], [ -77.272179985999969, -8.384359975999928 ], [ -77.269299985999965, -8.379449975999933 ], [ -77.262292985999977, -8.381152475999954 ], [ -77.25536148599997, -8.374200600999927 ], [ -77.250590485999965, -8.37367035099993 ], [ -77.247771861, -8.372224225999958 ], [ -77.24059011099996, -8.364728100999969 ], [ -77.237367610999968, -8.362627975999942 ], [ -77.232546486, -8.364300100999969 ], [ -77.225391610999964, -8.362312350999957 ], [ -77.223151735999977, -8.364269725999975 ], [ -77.222815360999959, -8.369550850999929 ], [ -77.220729860999938, -8.371989600999939 ], [ -77.221443860999955, -8.380048225999928 ], [ -77.214323610999941, -8.383995725999966 ], [ -77.208289110999942, -8.385092850999968 ], [ -77.201818610999965, -8.388009475999979 ], [ -77.197375235999971, -8.389103475999946 ], [ -77.198402360999978, -8.391623725999978 ], [ -77.201991860999954, -8.394492475999925 ], [ -77.202727485999958, -8.401878475999979 ], [ -77.199266485999942, -8.403862600999958 ], [ -77.197527485999956, -8.403784725999969 ], [ -77.189896360999967, -8.400047100999927 ], [ -77.185643610999989, -8.399576350999951 ], [ -77.181486610999968, -8.402149475999977 ], [ -77.180316735999952, -8.412509475999968 ], [ -77.179306860999986, -8.414036850999935 ], [ -77.181339235999985, -8.416359600999954 ], [ -77.183977485999947, -8.417318975999933 ], [ -77.18552411099995, -8.419987225999932 ], [ -77.183361360999982, -8.423534600999972 ], [ -77.183223485999974, -8.429154600999937 ], [ -77.180370735999986, -8.431974225999966 ], [ -77.176619485999936, -8.438417600999969 ], [ -77.166918610999971, -8.42869835099998 ], [ -77.152999610999984, -8.425885225999934 ], [ -77.151210360999983, -8.427239350999969 ], [ -77.150052860999949, -8.430715100999976 ], [ -77.153355610999938, -8.433748850999962 ], [ -77.153579985999954, -8.435508850999952 ], [ -77.152647360999936, -8.436443850999979 ], [ -77.143050735999964, -8.439976600999955 ], [ -77.136802735999936, -8.440624975999981 ], [ -77.13384373599996, -8.44002147599997 ], [ -77.134122360999982, -8.441889850999928 ], [ -77.135405485999968, -8.44387872599998 ], [ -77.138320860999954, -8.444641975999957 ], [ -77.139227860999938, -8.44707785099996 ], [ -77.146739985999943, -8.45450997699993 ], [ -77.148522110999977, -8.454547101999935 ], [ -77.151190485999962, -8.457320226999968 ], [ -77.157679985999948, -8.460889976999965 ], [ -77.162729985999988, -8.466119976999948 ], [ -77.173939985999937, -8.470529976999956 ], [ -77.176703360999966, -8.473774601999935 ], [ -77.180981610999936, -8.476699101999941 ], [ -77.18158336099998, -8.47883785199997 ], [ -77.185839985999962, -8.480249976999971 ], [ -77.188573110999982, -8.479569976999926 ], [ -77.193609985999956, -8.479869976999964 ], [ -77.196379235999984, -8.481341351999959 ], [ -77.198129985999969, -8.483299976999945 ], [ -77.202679985999964, -8.485409976999961 ], [ -77.204629985999986, -8.485679976999961 ], [ -77.209449985999981, -8.48346997699997 ], [ -77.214519985999971, -8.482939976999944 ], [ -77.220439985999974, -8.479749976999926 ], [ -77.223160985999982, -8.480072351999979 ], [ -77.230542735999961, -8.477991851999946 ], [ -77.234099986, -8.478539976999969 ], [ -77.239339985999948, -8.475599976999945 ], [ -77.243779985999936, -8.475129976999938 ], [ -77.246749933999979, -8.473130015999971 ], [ -77.257619985999952, -8.47086997699995 ], [ -77.263839985999937, -8.467419976999963 ], [ -77.265779985999984, -8.471669976999976 ], [ -77.271309985999949, -8.475429976999976 ], [ -77.27289998599997, -8.482349976999956 ], [ -77.275908610999977, -8.486290851999968 ], [ -77.277219985999977, -8.489689976999955 ], [ -77.277099985999939, -8.495739976999971 ], [ -77.278069985999934, -8.498199976999956 ], [ -77.280259985999976, -8.500139976999947 ], [ -77.282779986999969, -8.505889976999981 ], [ -77.287369986999977, -8.508549976999973 ], [ -77.290019986999937, -8.513709976999962 ], [ -77.29337998699998, -8.517119976999936 ], [ -77.295969986999978, -8.516879976999974 ], [ -77.299679986999934, -8.520559976999948 ], [ -77.310089986999969, -8.521919976999925 ], [ -77.316219986999954, -8.52793997699996 ], [ -77.317486361999954, -8.530152351999959 ], [ -77.32179886199998, -8.530541976999928 ], [ -77.326487486999952, -8.52917447699997 ], [ -77.330279361999942, -8.530767601999969 ], [ -77.332580361999987, -8.533027851999975 ], [ -77.334942736999949, -8.532973226999957 ], [ -77.337099986999988, -8.531450226999937 ], [ -77.339422111999966, -8.527663226999948 ], [ -77.344466611999962, -8.523816851999982 ], [ -77.347632236999971, -8.517642476999981 ], [ -77.351287986999978, -8.516661976999956 ], [ -77.35598523699997, -8.512400351999929 ], [ -77.362384486999986, -8.510637226999961 ], [ -77.364488111999947, -8.50934372699993 ], [ -77.366271736999977, -8.506306351999967 ], [ -77.366217236999944, -8.502212726999971 ], [ -77.370628986999975, -8.499261101999934 ], [ -77.369689986999958, -8.498899976999951 ], [ -77.367509986999949, -8.492519976999972 ], [ -77.365789986999971, -8.48468997699996 ], [ -77.363889986999936, -8.482579976999943 ], [ -77.357789987, -8.47916997699997 ], [ -77.349370861999944, -8.472831601999928 ], [ -77.342315736999979, -8.456884601999946 ], [ -77.328812611999979, -8.462320101999978 ], [ -77.321807986999943, -8.463660476999962 ], [ -77.317025236999939, -8.467062726999927 ], [ -77.314886736999938, -8.467652351999959 ], [ -77.31431336199995, -8.466766976999963 ], [ -77.315200861999983, -8.461737476999929 ], [ -77.314388472999951, -8.458233655999948 ], [ -77.305529986999943, -8.447745600999951 ], [ -77.304566361999946, -8.445639975999939 ], [ -77.303696611999953, -8.438900975999957 ], [ -77.304325736999942, -8.436131475999957 ], [ -77.304098111999963, -8.428490475999979 ], [ -77.302602486999945, -8.422930475999976 ], [ -77.303155236999942, -8.416817850999962 ], [ -77.301757111999962, -8.409144350999952 ], [ -77.299155861999964, -8.404299600999934 ], [ -77.29872936199996, -8.400520725999968 ], [ -77.299207986999988, -8.399120100999937 ], [ -77.302687736999985, -8.398092350999946 ], [ -77.311437861999934, -8.39357335099993 ], [ -77.313212736999958, -8.388347100999965 ], [ -77.318511361999981, -8.380650350999929 ], [ -77.321211630999983, -8.378798255999925 ], [ -77.32567563899994, -8.377532255999938 ], [ -77.338374034999958, -8.377333455999974 ], [ -77.339858240999945, -8.376662291999935 ], [ -77.344410040999946, -8.372840014999952 ], [ -77.35191004099994, -8.368830014999958 ], [ -77.354610040999944, -8.364770014999976 ], [ -77.355480040999964, -8.360830014999976 ], [ -77.357919986999946, -8.359669975999964 ], [ -77.355069986999979, -8.358889975999944 ], [ -77.349979986999983, -8.355499975999976 ], [ -77.346729986999947, -8.35427997599993 ], [ -77.33775998699997, -8.353459975999954 ] ] ] } },
{ "type": "Feature", "properties": { "ubigeo": "130805", "departamento": "LA LIBERTAD", "provincia": "PATAZ", "capital": "HUAYLILLAS", "distrito": "HUAYLILLAS", "gasto_mef_2012": 3368576.17, "gasto_mef_2013": 2901789.45, "gasto_mef_2014": 2465728.12, "gasto_mef_2015": 2339237.24, "gasto_mef_2016": 2178324.17, "gasto_mef_2017": 2395568.07, "gasto_mef_2018": 3359484.12, "gasto_mef_2019": 2369368.93, "gasto_mef_2020": 2585121.43, "gasto_mef_2021": 3801749.49, "gasto_mef_2022": 4030304.85, "gasto_mef_2023": 2613829.37, "gasto_mef_2024": 2916425.77, "gasto_mef_2025": 6129550.11, "gasto_mef_2026": 1896771.04, "num_establecimientos_salud": 1, "num_ie_activas": 9, "num_ie_inactivas": 4, "num_ie_total": 13, "poblacion_2017": 1228, "ie_activas_per_1000hab": 7.328990228013029, "establecimientos_salud_per_1000hab": 0.81433224755700329, "gasto_mef_2026_per_capita": 1544.6018241042348, "gasto_mef_promedio_periodo": 3023455.222000001, "gasto_mef_promedio_per_capita": 2462.0970863192188, "log_gasto_mef_2026": 14.455664073008915, "log_poblacion_2017": 7.1139561095660344, "tendencia_gasto_mef": 71463.310749983662, "tendencia_gasto_mef_per_capita": 58.194878460898749, "proporcion_ie_inactivas": 0.30769230769230771, "area_km2": 93.165509182943808, "densidad_poblacional": 13.180843541451013, "log_densidad_poblacional": 2.6518920074482453, "comunidad_louvain": 6, "cluster_graphsage": 3 }, "geometry": { "type": "Polygon", "coordinates": [ [ [ -77.293807486999981, -8.126770100999977 ], [ -77.29057211199995, -8.132285475999936 ], [ -77.288321486999962, -8.142413475999945 ], [ -77.285132611999984, -8.145826350999926 ], [ -77.287603777999948, -8.15249393299996 ], [ -77.283373236999978, -8.15391385099997 ], [ -77.281725985999969, -8.156079725999973 ], [ -77.274519360999989, -8.156822600999931 ], [ -77.270058485999982, -8.156314975999976 ], [ -77.270078860999945, -8.159374100999969 ], [ -77.267762360999939, -8.16415972599998 ], [ -77.267307735999964, -8.166932850999956 ], [ -77.262923985999976, -8.171906725999975 ], [ -77.262798610999937, -8.177584600999978 ], [ -77.261151735999988, -8.178306100999976 ], [ -77.259442110999942, -8.177051350999932 ], [ -77.255175735999956, -8.176314100999946 ], [ -77.249908610999967, -8.179834975999938 ], [ -77.246461735999958, -8.18291235099997 ], [ -77.242940235999981, -8.188142350999954 ], [ -77.242124110999953, -8.191595100999962 ], [ -77.238134735999949, -8.194790975999979 ], [ -77.235275360999935, -8.200333975999968 ], [ -77.231484360999957, -8.204556600999979 ], [ -77.231560485999978, -8.207607475999964 ], [ -77.233542985999975, -8.211050725999939 ], [ -77.243695485999979, -8.218744225999956 ], [ -77.26302186099997, -8.240154717999928 ], [ -77.264968610999972, -8.240111725999952 ], [ -77.270851235999942, -8.242426225999964 ], [ -77.272669985999983, -8.242649975999939 ], [ -77.274648486, -8.24128110099997 ], [ -77.278518110999983, -8.240557850999949 ], [ -77.282029985999941, -8.23784997599995 ], [ -77.286489986999982, -8.236299975999941 ], [ -77.29899073699994, -8.238147975999937 ], [ -77.303049986999952, -8.236499975999948 ], [ -77.308172611999964, -8.22960010099996 ], [ -77.312476111999956, -8.225995725999951 ], [ -77.315009986999939, -8.220529975999966 ], [ -77.317652611999961, -8.217636975999937 ], [ -77.321559986999944, -8.216689975999941 ], [ -77.327665861999947, -8.210515850999968 ], [ -77.328026736999959, -8.20881772599995 ], [ -77.331039736999969, -8.204536600999973 ], [ -77.332089986999961, -8.197929975999955 ], [ -77.33626998699998, -8.192139975999964 ], [ -77.338116486999979, -8.190651350999929 ], [ -77.341612361999978, -8.189964225999972 ], [ -77.344729986999937, -8.18803997599997 ], [ -77.348049611999954, -8.184274475999928 ], [ -77.351714249999986, -8.18355110899995 ], [ -77.351704361999964, -8.180445725999959 ], [ -77.353414236999981, -8.177236725999933 ], [ -77.355954736999934, -8.174089350999964 ], [ -77.360617111999943, -8.171263600999964 ], [ -77.362361611999972, -8.168269350999935 ], [ -77.362303611999948, -8.162585225999976 ], [ -77.36088998699995, -8.160429975999932 ], [ -77.359419986999967, -8.159669975999975 ], [ -77.357539986999939, -8.159529975999931 ], [ -77.354629986999953, -8.160859975999927 ], [ -77.345609986999989, -8.156949975999964 ], [ -77.341151986999989, -8.156471600999964 ], [ -77.336522486999968, -8.157192725999948 ], [ -77.332809986999962, -8.15889997599993 ], [ -77.325854111999945, -8.15556935099994 ], [ -77.323243361999971, -8.155907850999938 ], [ -77.313259986999981, -8.14881997599997 ], [ -77.308559986999967, -8.141824850999967 ], [ -77.29749536199995, -8.130314225999939 ], [ -77.296183611999936, -8.126838850999945 ], [ -77.293807486999981, -8.126770100999977 ] ] ] } },
{ "type": "Feature", "properties": { "ubigeo": "130806", "departamento": "LA LIBERTAD", "provincia": "PATAZ", "capital": "HUAYO", "distrito": "HUAYO", "gasto_mef_2012": 6909345.89, "gasto_mef_2013": 6226278.66, "gasto_mef_2014": 5819484.35, "gasto_mef_2015": 3967629.3, "gasto_mef_2016": 7496165.08, "gasto_mef_2017": 6805179.22, "gasto_mef_2018": 4879961.22, "gasto_mef_2019": 3690407.9, "gasto_mef_2020": 2542640.07, "gasto_mef_2021": 4726575.21, "gasto_mef_2022": 9885715.72, "gasto_mef_2023": 6796938.59, "gasto_mef_2024": 4709324.8, "gasto_mef_2025": 6457182.01, "gasto_mef_2026": 2359580.22, "num_establecimientos_salud": 3, "num_ie_activas": 31, "num_ie_inactivas": 6, "num_ie_total": 37, "poblacion_2017": 3779, "ie_activas_per_1000hab": 8.2032283672929331, "establecimientos_salud_per_1000hab": 0.79386080973802597, "gasto_mef_2026_per_capita": 624.39275469700976, "gasto_mef_promedio_periodo": 5551493.8826666661, "gasto_mef_promedio_per_capita": 1469.0378096498191, "log_gasto_mef_2026": 14.673994712103287, "log_poblacion_2017": 8.237479288613633, "tendencia_gasto_mef": -85794.205107145928, "tendencia_gasto_mef_per_capita": -22.702885712396384, "proporcion_ie_inactivas": 0.16216216216216217, "area_km2": 125.47902945600802, "densidad_poblacional": 30.116586144977223, "log_densidad_poblacional": 3.4377409935812087, "comunidad_louvain": 7, "cluster_graphsage": 1 }, "geometry": { "type": "Polygon", "coordinates": [ [ [ -77.635092736999979, -7.95508235099993 ], [ -77.634889986999951, -7.956169975999956 ], [ -77.633259986999974, -7.957209975999945 ], [ -77.633759986999962, -7.960229975999937 ], [ -77.631589986999984, -7.960639975999925 ], [ -77.630129986999975, -7.962309975999972 ], [ -77.630489986999976, -7.965499975999933 ], [ -77.629199986999936, -7.966779975999941 ], [ -77.625939986999981, -7.966689975999941 ], [ -77.625549986999943, -7.96799997599993 ], [ -77.621439986999974, -7.970549975999973 ], [ -77.617759986999943, -7.971039975999929 ], [ -77.613919986999974, -7.976439975999938 ], [ -77.610579986999937, -7.978719975999979 ], [ -77.606559986999969, -7.979939975999969 ], [ -77.603809986999977, -7.979209975999936 ], [ -77.600629986999934, -7.97987997599995 ], [ -77.600219986999946, -7.981269975999965 ], [ -77.597549986999979, -7.982169975999966 ], [ -77.596139986999958, -7.984639975999926 ], [ -77.591849986999989, -7.988489975999926 ], [ -77.579599986999938, -7.993139975999952 ], [ -77.574819986999955, -7.995939975999931 ], [ -77.572419986999989, -7.99999997599997 ], [ -77.572428986999967, -8.002472100999967 ], [ -77.568589986999939, -8.005579975999979 ], [ -77.567049986999962, -8.009299975999966 ], [ -77.564469986999939, -8.010019975999967 ], [ -77.559219986999949, -8.01357997599996 ], [ -77.556629986999951, -8.014019975999929 ], [ -77.554594861999988, -8.016594225999938 ], [ -77.551249986999949, -8.018179975999942 ], [ -77.548079986999937, -8.021509975999948 ], [ -77.543625611999971, -8.021876600999974 ], [ -77.540649986999938, -8.027119975999938 ], [ -77.537227236999968, -8.028291975999934 ], [ -77.535214737, -8.030317975999935 ], [ -77.525069986999938, -8.032979975999979 ], [ -77.519189986999947, -8.042399975999956 ], [ -77.51570998699998, -8.043809975999977 ], [ -77.512269788999959, -8.046530120999932 ], [ -77.508619986999975, -8.050869975999944 ], [ -77.507102111999984, -8.05679697599993 ], [ -77.507404111999961, -8.061145100999966 ], [ -77.508249486999944, -8.062654725999948 ], [ -77.527454361999958, -8.066932600999962 ], [ -77.531064611999966, -8.067021850999936 ], [ -77.536255486999949, -8.065890225999965 ], [ -77.542986486999951, -8.066244475999952 ], [ -77.553570236999974, -8.068812850999961 ], [ -77.561147736999942, -8.079770100999951 ], [ -77.569352361999961, -8.085430225999971 ], [ -77.570659736999971, -8.087260225999955 ], [ -77.570206986999949, -8.091648600999974 ], [ -77.571531986999958, -8.092687850999937 ], [ -77.577118236999979, -8.09032347599998 ], [ -77.587399986999969, -8.088939975999949 ], [ -77.590379986999949, -8.089219975999981 ], [ -77.597469986999954, -8.087699975999953 ], [ -77.601679986999955, -8.088149975999954 ], [ -77.606079986999987, -8.084719975999974 ], [ -77.611499986999945, -8.081919975999938 ], [ -77.618469986999969, -8.080249975999948 ], [ -77.622069960999966, -8.074290026999961 ], [ -77.628755111999965, -8.07071822599994 ], [ -77.643909986999972, -8.06661997599997 ], [ -77.64711998699994, -8.060619975999941 ], [ -77.646729986999958, -8.052479975999972 ], [ -77.648719986999936, -8.04709997599997 ], [ -77.648979986999962, -8.043689975999939 ], [ -77.647789986999953, -8.038069975999974 ], [ -77.649369986999943, -8.031819975999952 ], [ -77.647029986999939, -8.028319975999977 ], [ -77.645306986999969, -8.014654850999932 ], [ -77.641614986999969, -8.00702985099997 ], [ -77.642278861999955, -7.998407225999927 ], [ -77.640366736999965, -7.988692225999955 ], [ -77.641146611999943, -7.984418475999973 ], [ -77.637649361999934, -7.972287350999977 ], [ -77.640610986999945, -7.961062850999951 ], [ -77.63877423699995, -7.95803772599993 ], [ -77.635092736999979, -7.95508235099993 ] ] ] } },
{ "type": "Feature", "properties": { "ubigeo": "130807", "departamento": "LA LIBERTAD", "provincia": "PATAZ", "capital": "ONGON", "distrito": "ONGON", "gasto_mef_2012": 2987652.52, "gasto_mef_2013": 12772378.85, "gasto_mef_2014": 7042449.6, "gasto_mef_2015": 15528893.66, "gasto_mef_2016": 9024600.15, "gasto_mef_2017": 11829366.01, "gasto_mef_2018": 8490789.28, "gasto_mef_2019": 13836309.16, "gasto_mef_2020": 5920867.62, "gasto_mef_2021": 4254712.7, "gasto_mef_2022": 8914448.32000001, "gasto_mef_2023": 4621646.91, "gasto_mef_2024": 6693717.48, "gasto_mef_2025": 7225092.71, "gasto_mef_2026": 6642803.31, "num_establecimientos_salud": 2, "num_ie_activas": 23, "num_ie_inactivas": 6, "num_ie_total": 29, "poblacion_2017": 1401, "ie_activas_per_1000hab": 16.416845110635261, "establecimientos_salud_per_1000hab": 1.4275517487508922, "gasto_mef_2026_per_capita": 4741.4727408993576, "gasto_mef_promedio_periodo": 8385715.218666668, "gasto_mef_promedio_per_capita": 5985.5212124672862, "log_gasto_mef_2026": 15.709044768137311, "log_poblacion_2017": 7.2456550675945355, "tendencia_gasto_mef": -253999.973857056, "tendencia_gasto_mef_per_capita": -181.29905343116059, "proporcion_ie_inactivas": 0.20689655172413793, "area_km2": 1317.2095151212852, "densidad_poblacional": 1.063612116308619, "log_densidad_poblacional": 0.72445790181356085, "comunidad_louvain": 6, "cluster_graphsage": 3 }, "geometry": { "type": "Polygon", "coordinates": [ [ [ -77.224418110999977, -8.011789100999977 ], [ -77.215247985999952, -8.014255850999973 ], [ -77.207839860999968, -8.01256835099997 ], [ -77.201316360999954, -8.013236350999932 ], [ -77.193947235999985, -8.016441350999969 ], [ -77.187728485999969, -8.020677850999959 ], [ -77.182136735999961, -8.02249222599994 ], [ -77.178787110999963, -8.02245310099994 ], [ -77.173944610999968, -8.020866725999952 ], [ -77.166228485999966, -8.02163672599994 ], [ -77.157105485999978, -8.028900350999947 ], [ -77.150535110999954, -8.032042975999957 ], [ -77.136902360999954, -8.032689475999973 ], [ -77.132685485999957, -8.032136725999976 ], [ -77.117683610999961, -8.025017600999945 ], [ -77.110527360999981, -8.025226600999929 ], [ -77.096046860999934, -8.029099600999928 ], [ -77.086136735999958, -8.034275350999962 ], [ -77.077308610999978, -8.036220725999954 ], [ -77.070335985999975, -8.039076225999963 ], [ -77.05458011099995, -8.043298850999975 ], [ -77.044654235999985, -8.045365225999944 ], [ -77.03261523599997, -8.04597260099996 ], [ -77.028548860999933, -8.047058600999947 ], [ -77.020943360999979, -8.051585975999956 ], [ -77.018013610999958, -8.054421850999972 ], [ -77.010458985999946, -8.069027350999932 ], [ -77.00840823599998, -8.074679725999943 ], [ -77.005371110999988, -8.079359350999937 ], [ -77.003024735999986, -8.081707100999949 ], [ -76.999595110999962, -8.081378350999955 ], [ -76.997316860999945, -8.082304725999961 ], [ -76.994870360999982, -8.085210725999957 ], [ -76.990685735999989, -8.097407225999973 ], [ -76.98625236099997, -8.103882350999982 ], [ -76.986849610999968, -8.110287100999926 ], [ -76.984914860999936, -8.113853475999974 ], [ -76.978007110999954, -8.118751975999942 ], [ -76.969211735999977, -8.120680475999961 ], [ -76.966205735999949, -8.122156600999972 ], [ -76.961962860999961, -8.126159475999941 ], [ -76.95610211099995, -8.133796350999944 ], [ -76.950443485999983, -8.138224975999947 ], [ -76.945827860999941, -8.140064225999936 ], [ -76.938078110999982, -8.136745600999973 ], [ -76.932950485999982, -8.136833475999936 ], [ -76.92916711099997, -8.139355725999962 ], [ -76.926145235999968, -8.143686350999928 ], [ -76.922151235999934, -8.146438100999944 ], [ -76.918697485999985, -8.154274975999954 ], [ -76.914771360999964, -8.155964350999966 ], [ -76.911769360999983, -8.158901225999955 ], [ -76.91134498599996, -8.161222975999976 ], [ -76.908644235999986, -8.165288100999931 ], [ -76.907011360999945, -8.171364725999979 ], [ -76.911858485999971, -8.180953100999943 ], [ -76.912266485999965, -8.189783975999944 ], [ -76.91629123599995, -8.195466350999936 ], [ -76.91818736099998, -8.19632222599995 ], [ -76.923630610999965, -8.206452850999938 ], [ -76.925596735999989, -8.218497350999939 ], [ -76.915030110999965, -8.232395600999951 ], [ -76.914435235999974, -8.23508447599994 ], [ -76.91307898599996, -8.236987850999981 ], [ -76.911770235999938, -8.24567297599998 ], [ -76.912691235999944, -8.249959350999973 ], [ -76.907748860999959, -8.25446335099997 ], [ -76.907679360999964, -8.262543475999962 ], [ -76.90620798599997, -8.265519100999938 ], [ -76.903299360999938, -8.268087600999934 ], [ -76.904447610999966, -8.271945225999957 ], [ -76.901243235999971, -8.283466350999959 ], [ -76.905469985999957, -8.286020975999975 ], [ -76.908752110999956, -8.290789100999973 ], [ -76.910515110999938, -8.295073600999956 ], [ -76.911119360999976, -8.29749047599995 ], [ -76.908001985999988, -8.299414100999968 ], [ -76.906999485999961, -8.304433850999942 ], [ -76.908863610999958, -8.308533600999965 ], [ -76.912472235999985, -8.312714350999954 ], [ -76.912686360999942, -8.316806975999953 ], [ -76.911549985999955, -8.319409350999933 ], [ -76.913614360999986, -8.322684225999978 ], [ -76.913745235999954, -8.326089850999949 ], [ -76.917568735999964, -8.330201100999943 ], [ -76.919632485999955, -8.33083847599994 ], [ -76.921500360999971, -8.334560350999936 ], [ -76.926942360999988, -8.339476225999931 ], [ -76.92969261099995, -8.34053072599994 ], [ -76.931930235999971, -8.342595100999972 ], [ -76.930565110999964, -8.347011975999976 ], [ -76.928423485999986, -8.349367725999969 ], [ -76.926184860999967, -8.350490350999962 ], [ -76.927004735999958, -8.359257100999969 ], [ -76.931756235999956, -8.361298225999974 ], [ -76.940221985999983, -8.359123350999937 ], [ -76.942679235999947, -8.35994547599995 ], [ -76.944203860999949, -8.361766725999928 ], [ -76.945860110999945, -8.369379100999936 ], [ -76.951247360999957, -8.37570522599998 ], [ -76.953089860999967, -8.374937475999957 ], [ -76.95612861099994, -8.371627350999972 ], [ -76.960846610999965, -8.371690225999942 ], [ -76.965940985999964, -8.369644725999933 ], [ -76.96837261099995, -8.371241475999966 ], [ -76.974348110999983, -8.378252600999929 ], [ -76.973080860999971, -8.383234225999956 ], [ -76.973519985999985, -8.38541747599993 ], [ -76.971800985999948, -8.391151975999946 ], [ -76.976898610999967, -8.396138725999947 ], [ -76.981852735999951, -8.393240725999931 ], [ -76.985331860999963, -8.393738225999925 ], [ -76.991684735999968, -8.396296350999933 ], [ -76.992844235999939, -8.394656975999965 ], [ -76.992466610999941, -8.390139100999932 ], [ -76.995832735999954, -8.387238600999979 ], [ -76.997335985999939, -8.38363960099997 ], [ -77.000429235999945, -8.382403475999979 ], [ -77.002473860999942, -8.383054100999971 ], [ -77.034011735999968, -8.404706975999943 ], [ -77.038353485999949, -8.405087850999962 ], [ -77.047074235999958, -8.403890600999944 ], [ -77.056716735999942, -8.401193350999961 ], [ -77.065246110999965, -8.396601600999929 ], [ -77.067619110999942, -8.396587850999936 ], [ -77.06987698599994, -8.397496100999945 ], [ -77.071333985999956, -8.399103475999937 ], [ -77.073210985999935, -8.404621100999975 ], [ -77.074195360999965, -8.405361350999954 ], [ -77.076339735999966, -8.406042975999981 ], [ -77.08258011099997, -8.405374975999962 ], [ -77.085480485999938, -8.406222600999968 ], [ -77.087394485999937, -8.408169975999954 ], [ -77.088714860999971, -8.416570350999962 ], [ -77.093898235999973, -8.427373100999944 ], [ -77.093164610999963, -8.433873225999946 ], [ -77.093965110999989, -8.435113225999942 ], [ -77.101701110999954, -8.436807850999969 ], [ -77.103289360999952, -8.438035100999969 ], [ -77.107811610999988, -8.435209725999925 ], [ -77.110542360999943, -8.431171350999932 ], [ -77.111469735999947, -8.426567975999944 ], [ -77.116783860999988, -8.426156350999975 ], [ -77.121961860999988, -8.428423100999964 ], [ -77.124048735999963, -8.427964600999928 ], [ -77.126322735999963, -8.424743725999974 ], [ -77.126817485999936, -8.422210475999975 ], [ -77.123683235999977, -8.414119475999939 ], [ -77.12479323599996, -8.410227100999975 ], [ -77.127394110999944, -8.405698600999926 ], [ -77.130568110999945, -8.403226100999973 ], [ -77.130112860999986, -8.400260850999928 ], [ -77.131078985999977, -8.398062100999937 ], [ -77.136734110999953, -8.391777100999946 ], [ -77.134569235999948, -8.384918225999968 ], [ -77.141013485999963, -8.380476600999941 ], [ -77.13852273599997, -8.37658210099994 ], [ -77.139176735999968, -8.375082475999932 ], [ -77.148232235999956, -8.364888100999963 ], [ -77.152079986, -8.36220285099995 ], [ -77.154680485999961, -8.356683975999943 ], [ -77.153867360999982, -8.354412975999935 ], [ -77.154370860999961, -8.350723225999957 ], [ -77.153603485999952, -8.345347725999943 ], [ -77.157403360999979, -8.341989350999938 ], [ -77.158169485999963, -8.332560350999927 ], [ -77.161410735999937, -8.331342475999975 ], [ -77.164262735999955, -8.331396350999967 ], [ -77.166891360999955, -8.332953225999972 ], [ -77.171968235999941, -8.333897225999976 ], [ -77.176084985999978, -8.332139225999981 ], [ -77.177985235999984, -8.329797725999981 ], [ -77.179726610999978, -8.325621100999967 ], [ -77.181976610999982, -8.323197225999934 ], [ -77.18306936099998, -8.317172100999926 ], [ -77.186341360999961, -8.314936975999956 ], [ -77.190775735999978, -8.313613850999957 ], [ -77.190353235999964, -8.309347850999927 ], [ -77.192867735999982, -8.306390225999962 ], [ -77.189877735999971, -8.30292447599993 ], [ -77.190594610999938, -8.299706600999968 ], [ -77.196775485999979, -8.294287975999964 ], [ -77.202853235999953, -8.291922975999967 ], [ -77.203470360999972, -8.284227475999955 ], [ -77.202618110999936, -8.279342600999939 ], [ -77.203831235999985, -8.276555850999955 ], [ -77.207005985999956, -8.274762725999949 ], [ -77.207667110999978, -8.271498350999934 ], [ -77.207098360999964, -8.269683475999955 ], [ -77.209845110999936, -8.268831600999931 ], [ -77.212682110999936, -8.269900350999933 ], [ -77.215828235999936, -8.26945972599998 ], [ -77.218935735999935, -8.266039600999932 ], [ -77.220193610999956, -8.260948225999925 ], [ -77.224344610999935, -8.251793100999976 ], [ -77.228414860999976, -8.251220725999929 ], [ -77.231753735999973, -8.249328725999931 ], [ -77.235438860999977, -8.250123975999941 ], [ -77.243424610999966, -8.243899100999954 ], [ -77.242836735999958, -8.236956475999932 ], [ -77.24527098599998, -8.232634350999945 ], [ -77.245080235999978, -8.223633100999962 ], [ -77.246019985999965, -8.22119997599998 ], [ -77.233542985999975, -8.211050725999939 ], [ -77.231560485999978, -8.207607475999964 ], [ -77.231880860999979, -8.20351947599994 ], [ -77.235275360999935, -8.200333975999968 ], [ -77.238134735999949, -8.194790975999979 ], [ -77.242124110999953, -8.191595100999962 ], [ -77.243442485999935, -8.187221600999976 ], [ -77.246461735999958, -8.18291235099997 ], [ -77.249908610999967, -8.179834975999938 ], [ -77.255175735999956, -8.176314100999946 ], [ -77.259442110999942, -8.177051350999932 ], [ -77.261151735999988, -8.178306100999976 ], [ -77.262798610999937, -8.177584600999978 ], [ -77.262923985999976, -8.171906725999975 ], [ -77.267307735999964, -8.166932850999956 ], [ -77.267762360999939, -8.16415972599998 ], [ -77.270078860999945, -8.159374100999969 ], [ -77.270058485999982, -8.156314975999976 ], [ -77.274519360999989, -8.156822600999931 ], [ -77.281725985999969, -8.156079725999973 ], [ -77.283373236999978, -8.15391385099997 ], [ -77.287603777999948, -8.15249393299996 ], [ -77.285203487, -8.147032225999965 ], [ -77.285231861999989, -8.145471475999955 ], [ -77.288321486999962, -8.142413475999945 ], [ -77.288743486999977, -8.138390475999927 ], [ -77.292569611999966, -8.128065475999961 ], [ -77.293807486999981, -8.126770100999977 ], [ -77.296183611999936, -8.126838850999945 ], [ -77.297976111999958, -8.12211797599997 ], [ -77.298005986999954, -8.119604600999935 ], [ -77.30922461199998, -8.120145100999935 ], [ -77.308169861999943, -8.118351350999944 ], [ -77.305388861999973, -8.116741225999931 ], [ -77.299423861999969, -8.107897975999947 ], [ -77.294963111999948, -8.105006225999944 ], [ -77.289186736999966, -8.103444475999936 ], [ -77.286768361999975, -8.095800225999938 ], [ -77.286537236999948, -8.090832850999959 ], [ -77.287408236999966, -8.087914100999967 ], [ -77.292769486999987, -8.084857600999953 ], [ -77.295082486999945, -8.081966350999949 ], [ -77.296246236999934, -8.077210100999935 ], [ -77.298041611999963, -8.076666725999928 ], [ -77.302250986999979, -8.073196725999935 ], [ -77.301563361999968, -8.067794725999931 ], [ -77.30327736199996, -8.063042975999963 ], [ -77.302022736999959, -8.062450475999981 ], [ -77.296664236999959, -8.062565725999946 ], [ -77.293534736999959, -8.061068975999945 ], [ -77.284531236999953, -8.051009725999961 ], [ -77.281341610999959, -8.048783225999955 ], [ -77.265984235999952, -8.050364225999942 ], [ -77.260078110999984, -8.048439475999942 ], [ -77.256886110999972, -8.041786600999956 ], [ -77.254723235999961, -8.033749975999967 ], [ -77.251312735999988, -8.028003600999966 ], [ -77.248284860999945, -8.02512010099997 ], [ -77.241478485999949, -8.015552725999953 ], [ -77.239617235999958, -8.014009725999927 ], [ -77.235390610999957, -8.012363225999934 ], [ -77.224418110999977, -8.011789100999977 ] ] ] } },
{ "type": "Feature", "properties": { "ubigeo": "130808", "departamento": "LA LIBERTAD", "provincia": "PATAZ", "capital": "PARCOY", "distrito": "PARCOY", "gasto_mef_2012": 23679820.240000021, "gasto_mef_2013": 28163914.15, "gasto_mef_2014": 21047694.04, "gasto_mef_2015": 12456751.63, "gasto_mef_2016": 21182890.12, "gasto_mef_2017": 19691959.17, "gasto_mef_2018": 23893034.19000001, "gasto_mef_2019": 16542146.39000001, "gasto_mef_2020": 28661860.640000015, "gasto_mef_2021": 39767145.719999962, "gasto_mef_2022": 45787734.150000013, "gasto_mef_2023": 37176923.159999989, "gasto_mef_2024": 29883347.969999976, "gasto_mef_2025": 33165557.929999962, "gasto_mef_2026": 21105986.139999986, "num_establecimientos_salud": 8, "num_ie_activas": 72, "num_ie_inactivas": 21, "num_ie_total": 93, "poblacion_2017": 19738, "ie_activas_per_1000hab": 3.6477859965548687, "establecimientos_salud_per_1000hab": 0.40530955517276318, "gasto_mef_2026_per_capita": 1069.3072317357373, "gasto_mef_promedio_periodo": 26813784.375999995, "gasto_mef_promedio_per_capita": 1358.4853772418683, "log_gasto_mef_2026": 16.865067308907577, "log_poblacion_2017": 9.8903516531429876, "tendencia_gasto_mef": 977806.11210703535, "tendencia_gasto_mef_per_capita": 49.539270042913941, "proporcion_ie_inactivas": 0.22580645161290322, "area_km2": 278.39346354078492, "densidad_poblacional": 70.899653134666224, "log_densidad_poblacional": 4.2752714404409025, "comunidad_louvain": 7, "cluster_graphsage": 1 }, "geometry": { "type": "Polygon", "coordinates": [ [ [ -77.629790986999978, -7.880729225999971 ], [ -77.627029986999958, -7.884979975999954 ], [ -77.620719986999973, -7.889999975999956 ], [ -77.617449986999986, -7.88982997599993 ], [ -77.610769986999969, -7.887509975999933 ], [ -77.602539986999943, -7.888949975999935 ], [ -77.595409986999982, -7.892729975999941 ], [ -77.59336998699996, -7.895579975999965 ], [ -77.591449986999976, -7.895189975999926 ], [ -77.58697998699995, -7.896569975999967 ], [ -77.587099986999988, -7.899269975999971 ], [ -77.58163998699996, -7.901429975999974 ], [ -77.578229986999986, -7.901789975999975 ], [ -77.576779986999952, -7.899399975999927 ], [ -77.569802486999947, -7.897560975999966 ], [ -77.565227236999988, -7.897709475999932 ], [ -77.561259986999971, -7.904649975999973 ], [ -77.558669986999973, -7.912789975999942 ], [ -77.556569986999989, -7.916699975999961 ], [ -77.554709986999967, -7.928199975999974 ], [ -77.555679986999962, -7.930029975999958 ], [ -77.554769986999986, -7.935199975999979 ], [ -77.552489986999944, -7.936939975999962 ], [ -77.547949986999981, -7.943859975999942 ], [ -77.54399998699995, -7.947729975999948 ], [ -77.541085736999946, -7.947740100999965 ], [ -77.534972611999933, -7.945654350999973 ], [ -77.524633611999946, -7.944040725999969 ], [ -77.518445111999938, -7.939695850999954 ], [ -77.516169986999955, -7.936919975999956 ], [ -77.513762861999965, -7.936899725999979 ], [ -77.503153986999962, -7.93983960099996 ], [ -77.498890236999955, -7.942273100999955 ], [ -77.494044111999983, -7.943791475999944 ], [ -77.492463486999952, -7.94560097599998 ], [ -77.491423986999962, -7.949994725999943 ], [ -77.489946736999968, -7.952381350999929 ], [ -77.482979111999953, -7.953858225999966 ], [ -77.480691236999974, -7.955168475999926 ], [ -77.473099611999942, -7.960555350999925 ], [ -77.469002236999984, -7.965027100999976 ], [ -77.463844111999947, -7.967959725999947 ], [ -77.45970523699998, -7.975405725999963 ], [ -77.451385611999967, -7.980751100999953 ], [ -77.447516986999972, -7.989507475999972 ], [ -77.441838986999983, -7.99036022599995 ], [ -77.437991111999963, -7.989340975999937 ], [ -77.435495236999941, -7.991108975999964 ], [ -77.431959486999972, -7.994935975999965 ], [ -77.43097936199996, -7.998186225999973 ], [ -77.426332111999955, -8.004573225999934 ], [ -77.424705986999982, -8.005035100999976 ], [ -77.419136736999974, -8.003934975999925 ], [ -77.40984698699998, -7.996391225999957 ], [ -77.406706861999965, -7.99531835099998 ], [ -77.406024861999981, -7.998147475999929 ], [ -77.402225986999952, -8.002627600999972 ], [ -77.399891736999962, -8.007823475999942 ], [ -77.398209236999946, -8.008777475999977 ], [ -77.393831736999971, -8.009134850999942 ], [ -77.392242236999948, -8.013565725999968 ], [ -77.389063111999974, -8.016744725999956 ], [ -77.388050486999987, -8.019904600999951 ], [ -77.382108986999981, -8.022943725999937 ], [ -77.381075861999989, -8.026202350999938 ], [ -77.377757736999968, -8.026718975999927 ], [ -77.377237611999988, -8.029018350999934 ], [ -77.374936361999971, -8.03152722599998 ], [ -77.375546736999979, -8.032875350999973 ], [ -77.381152236999981, -8.037340350999955 ], [ -77.381155361999959, -8.045117600999959 ], [ -77.385196611999959, -8.052298225999948 ], [ -77.385472611999944, -8.055386725999938 ], [ -77.394356986999981, -8.059903350999946 ], [ -77.396194861999959, -8.06232422599993 ], [ -77.397460986999988, -8.066471725999975 ], [ -77.408128361999957, -8.071911725999939 ], [ -77.416723486999956, -8.068043975999956 ], [ -77.418037236999965, -8.073127350999926 ], [ -77.422322486999974, -8.074649975999932 ], [ -77.424544986999933, -8.078321225999957 ], [ -77.42604298699996, -8.078982725999936 ], [ -77.431244486999958, -8.078109100999939 ], [ -77.433717236999939, -8.08174547599998 ], [ -77.437016736999965, -8.083986100999937 ], [ -77.443271361999962, -8.083397350999974 ], [ -77.446921861999954, -8.086222600999974 ], [ -77.451460861999976, -8.087346225999966 ], [ -77.457894611999961, -8.08609572599994 ], [ -77.462417861999938, -8.088069725999958 ], [ -77.467656486999942, -8.088352350999969 ], [ -77.470538611999984, -8.087917225999945 ], [ -77.472362486999941, -8.086384850999934 ], [ -77.476765486999966, -8.087064725999937 ], [ -77.476891111999976, -8.08431247599998 ], [ -77.478879986999971, -8.078193725999938 ], [ -77.484519986999942, -8.070299975999944 ], [ -77.494939986999952, -8.065679975999956 ], [ -77.498599986999977, -8.060699975999967 ], [ -77.512269788999959, -8.046530120999932 ], [ -77.51570998699998, -8.043809975999977 ], [ -77.519189986999947, -8.042399975999956 ], [ -77.525069986999938, -8.032979975999979 ], [ -77.535214737, -8.030317975999935 ], [ -77.537227236999968, -8.028291975999934 ], [ -77.540649986999938, -8.027119975999938 ], [ -77.543625611999971, -8.021876600999974 ], [ -77.548079986999937, -8.021509975999948 ], [ -77.551249986999949, -8.018179975999942 ], [ -77.554594861999988, -8.016594225999938 ], [ -77.556629986999951, -8.014019975999929 ], [ -77.559219986999949, -8.01357997599996 ], [ -77.564469986999939, -8.010019975999967 ], [ -77.567049986999962, -8.009299975999966 ], [ -77.568589986999939, -8.005579975999979 ], [ -77.572428986999967, -8.002472100999967 ], [ -77.572419986999989, -7.99999997599997 ], [ -77.574819986999955, -7.995939975999931 ], [ -77.579599986999938, -7.993139975999952 ], [ -77.591849986999989, -7.988489975999926 ], [ -77.596139986999958, -7.984639975999926 ], [ -77.597549986999979, -7.982169975999966 ], [ -77.600219986999946, -7.981269975999965 ], [ -77.601090037999938, -7.979639909999946 ], [ -77.603809986999977, -7.979209975999936 ], [ -77.606559986999969, -7.979939975999969 ], [ -77.611839986999939, -7.978119975999959 ], [ -77.614899986999944, -7.975309975999949 ], [ -77.617759986999943, -7.971039975999929 ], [ -77.621029986999986, -7.970759975999954 ], [ -77.625549986999943, -7.96799997599993 ], [ -77.625809986999968, -7.966739975999928 ], [ -77.628809986999954, -7.966939975999935 ], [ -77.630439986999988, -7.965679975999933 ], [ -77.630129986999975, -7.962309975999972 ], [ -77.631589986999984, -7.960639975999925 ], [ -77.633539986999949, -7.960549975999982 ], [ -77.633259986999974, -7.957209975999945 ], [ -77.634889986999951, -7.956169975999956 ], [ -77.635133236999934, -7.955047100999934 ], [ -77.627411611999946, -7.951365100999965 ], [ -77.626571736999949, -7.947802600999978 ], [ -77.62386761199997, -7.944804350999959 ], [ -77.625008236999975, -7.94219235099996 ], [ -77.629907236999941, -7.936134350999964 ], [ -77.624061486999949, -7.923515850999934 ], [ -77.624968611999975, -7.914447725999935 ], [ -77.627928986999962, -7.908823100999939 ], [ -77.627090236999948, -7.901215225999977 ], [ -77.627790736999941, -7.899715350999941 ], [ -77.635033611999972, -7.895787975999951 ], [ -77.635783611999955, -7.891426475999936 ], [ -77.633227861999956, -7.885012600999971 ], [ -77.629790986999978, -7.880729225999971 ] ] ] } },
{ "type": "Feature", "properties": { "ubigeo": "130809", "departamento": "LA LIBERTAD", "provincia": "PATAZ", "capital": "PATAZ", "distrito": "PATAZ", "gasto_mef_2012": 15945863.149999989, "gasto_mef_2013": 15445650.36, "gasto_mef_2014": 11019017.87, "gasto_mef_2015": 4367290.73, "gasto_mef_2016": 10855573.709999988, "gasto_mef_2017": 13018870.22, "gasto_mef_2018": 22104097.569999989, "gasto_mef_2019": 8810205.32, "gasto_mef_2020": 17189389.69000001, "gasto_mef_2021": 22708671.99, "gasto_mef_2022": 41726705.93000001, "gasto_mef_2023": 21956348.390000015, "gasto_mef_2024": 27534395.959999964, "gasto_mef_2025": 27047915.710000023, "gasto_mef_2026": 9199906.58, "num_establecimientos_salud": 11, "num_ie_activas": 48, "num_ie_inactivas": 11, "num_ie_total": 59, "poblacion_2017": 9825, "ie_activas_per_1000hab": 4.885496183206107, "establecimientos_salud_per_1000hab": 1.1195928753180659, "gasto_mef_2026_per_capita": 936.37726005088984, "gasto_mef_promedio_periodo": 17928660.212000001, "gasto_mef_promedio_per_capita": 1824.8000215776083, "log_gasto_mef_2026": 16.034703996316637, "log_poblacion_2017": 9.192787212728593, "tendencia_gasto_mef": 1008583.2482856017, "tendencia_gasto_mef_per_capita": 102.65478354051926, "proporcion_ie_inactivas": 0.1864406779661017, "area_km2": 393.93770757579148, "densidad_poblacional": 24.940491379870569, "log_densidad_poblacional": 3.2558051216491513, "comunidad_louvain": 7, "cluster_graphsage": 1 }, "geometry": { "type": "Polygon", "coordinates": [ [ [ -77.699646861999952, -7.593239850999964 ], [ -77.691639986999974, -7.594359975999964 ], [ -77.686949986999934, -7.599109975999966 ], [ -77.683509986999979, -7.601179975999969 ], [ -77.677879986999983, -7.603089975999978 ], [ -77.674029986999983, -7.603109975999928 ], [ -77.66995998699997, -7.604869975999975 ], [ -77.667769986999986, -7.607349975999966 ], [ -77.657509986999969, -7.60723997599996 ], [ -77.654749986999946, -7.608509975999937 ], [ -77.652359986999954, -7.608329975999936 ], [ -77.649629986999969, -7.61048997599994 ], [ -77.644369986999948, -7.610729975999959 ], [ -77.63685998699998, -7.614149975999965 ], [ -77.632979986999942, -7.61451997599994 ], [ -77.631259986999964, -7.615849975999936 ], [ -77.630789986999957, -7.617239975999951 ], [ -77.62530998699998, -7.61965997599998 ], [ -77.622039986999937, -7.622169975999952 ], [ -77.618299986999943, -7.628879975999951 ], [ -77.617849986999943, -7.631539975999942 ], [ -77.615889986999946, -7.633279975999926 ], [ -77.614029986999981, -7.63770997599994 ], [ -77.612669986999947, -7.638199975999953 ], [ -77.611479986999939, -7.640929975999939 ], [ -77.606069986999955, -7.647039975999974 ], [ -77.592529986999978, -7.655169975999968 ], [ -77.584999986999946, -7.655059975999961 ], [ -77.576589986999977, -7.65976997599995 ], [ -77.57462998699998, -7.659529975999931 ], [ -77.573229986999934, -7.662119975999929 ], [ -77.570059986999979, -7.662069975999941 ], [ -77.56674998699998, -7.667849975999957 ], [ -77.564359986999989, -7.669539975999953 ], [ -77.561449986999946, -7.670129975999942 ], [ -77.559179736999965, -7.673562725999943 ], [ -77.552954861999979, -7.673933475999945 ], [ -77.549127361999979, -7.672147350999978 ], [ -77.545560986999988, -7.672182475999932 ], [ -77.542352611999945, -7.66962485099998 ], [ -77.535478611999963, -7.666064225999946 ], [ -77.53188886199996, -7.662570100999972 ], [ -77.530948611999975, -7.654479850999962 ], [ -77.529929736999975, -7.656138725999938 ], [ -77.526785986999982, -7.657688600999961 ], [ -77.525243736999983, -7.657302975999926 ], [ -77.522639861999949, -7.654508850999946 ], [ -77.518042111999989, -7.654417100999979 ], [ -77.514405111999963, -7.656951100999947 ], [ -77.511263736999979, -7.65773197599998 ], [ -77.510631111999942, -7.662739350999971 ], [ -77.508393736999949, -7.666267475999973 ], [ -77.507911611999987, -7.670619975999955 ], [ -77.509493236999958, -7.674523475999933 ], [ -77.509474611999963, -7.676536225999939 ], [ -77.503941611999949, -7.682171475999951 ], [ -77.500476986999956, -7.68390472599998 ], [ -77.497889611999938, -7.686354850999976 ], [ -77.495181486999968, -7.686587725999971 ], [ -77.488628611999957, -7.685250350999979 ], [ -77.483620986999938, -7.682190725999931 ], [ -77.479383986999949, -7.681097600999976 ], [ -77.476108111999963, -7.676949225999977 ], [ -77.470976986999972, -7.676625225999942 ], [ -77.467168361999938, -7.674677850999956 ], [ -77.461489986999936, -7.678958475999934 ], [ -77.459237486999939, -7.686904225999967 ], [ -77.461279236999985, -7.691371100999959 ], [ -77.466232361999971, -7.689871100999937 ], [ -77.468369111999948, -7.690089850999925 ], [ -77.477622361999977, -7.695673100999954 ], [ -77.481800986999986, -7.696492975999945 ], [ -77.483981361999952, -7.698371850999933 ], [ -77.485062486999936, -7.706441350999967 ], [ -77.482611361999943, -7.712521725999977 ], [ -77.482935736999934, -7.71934885099995 ], [ -77.488791736999985, -7.727684225999951 ], [ -77.495149611999977, -7.731197225999949 ], [ -77.49567673699994, -7.731950225999981 ], [ -77.495224861999986, -7.735677850999934 ], [ -77.496146486999976, -7.73795122599995 ], [ -77.514933361999965, -7.749083600999938 ], [ -77.518286486999955, -7.751781850999976 ], [ -77.524023486999965, -7.752318475999971 ], [ -77.526182111999958, -7.753889225999956 ], [ -77.527783861999978, -7.756487850999974 ], [ -77.527776611999968, -7.757582975999981 ], [ -77.524558236999951, -7.761957225999936 ], [ -77.525266361999968, -7.768585600999927 ], [ -77.52115736199994, -7.76962010099993 ], [ -77.518868611999949, -7.768323100999964 ], [ -77.511171486999956, -7.768960350999976 ], [ -77.506550111999957, -7.770380725999928 ], [ -77.504536486999939, -7.773708600999953 ], [ -77.505073736999975, -7.779031850999957 ], [ -77.49684836199998, -7.785868725999933 ], [ -77.498321111999985, -7.790953100999957 ], [ -77.501862611999968, -7.792482725999946 ], [ -77.503572611999971, -7.794259600999965 ], [ -77.50477011199996, -7.798729600999934 ], [ -77.504755361999969, -7.802844100999948 ], [ -77.508075111999972, -7.806788100999938 ], [ -77.509710236999979, -7.81221685099996 ], [ -77.513005986999985, -7.813945100999945 ], [ -77.517198611999959, -7.821313725999971 ], [ -77.523526236999942, -7.824910475999957 ], [ -77.536396236999963, -7.827834100999951 ], [ -77.551349986999981, -7.833669975999953 ], [ -77.557599986999946, -7.838749975999974 ], [ -77.559429986999987, -7.84243997599998 ], [ -77.567299986999956, -7.847169975999975 ], [ -77.570109986999967, -7.847209975999931 ], [ -77.572289986999976, -7.848179975999926 ], [ -77.578939986999956, -7.845399975999953 ], [ -77.58575998699996, -7.845309975999953 ], [ -77.587649986999963, -7.846479975999955 ], [ -77.595079986999963, -7.848069975999977 ], [ -77.605889986999955, -7.85329997599996 ], [ -77.612719986999934, -7.854709975999981 ], [ -77.617199986999935, -7.857299975999979 ], [ -77.624329986999953, -7.856009975999939 ], [ -77.627769986999965, -7.859399975999963 ], [ -77.629976236999937, -7.85915210099995 ], [ -77.633511736999935, -7.851290350999932 ], [ -77.633407861999956, -7.840402350999966 ], [ -77.635177861999978, -7.837866475999931 ], [ -77.635041736999938, -7.834981725999967 ], [ -77.636360736999961, -7.829918475999932 ], [ -77.638062611999942, -7.828020850999962 ], [ -77.640632486999948, -7.821842850999928 ], [ -77.64381511199997, -7.820600475999981 ], [ -77.647063486999969, -7.815190725999969 ], [ -77.650120736999952, -7.81293335099997 ], [ -77.650146236999944, -7.81207385099998 ], [ -77.648546486999976, -7.811469725999928 ], [ -77.647004361999961, -7.808538350999982 ], [ -77.648376236999979, -7.801760225999942 ], [ -77.650682361999941, -7.799751975999925 ], [ -77.654860611999936, -7.79920735099995 ], [ -77.656477361999976, -7.797888350999926 ], [ -77.656978736999974, -7.795087100999979 ], [ -77.656332736999957, -7.791523225999981 ], [ -77.657281611999963, -7.788128850999954 ], [ -77.654707361999954, -7.785363225999959 ], [ -77.654742861999978, -7.781095225999934 ], [ -77.655986986999949, -7.776641600999938 ], [ -77.655103486999963, -7.774207475999958 ], [ -77.654021736999937, -7.773504350999929 ], [ -77.653588986999978, -7.770457100999977 ], [ -77.654675486999963, -7.766110225999967 ], [ -77.656611486999964, -7.763184975999934 ], [ -77.658653736999952, -7.753260725999951 ], [ -77.663972236999939, -7.750931100999935 ], [ -77.665557236999973, -7.746293475999948 ], [ -77.665142361999983, -7.743857600999945 ], [ -77.662621361999982, -7.739049475999934 ], [ -77.666365611999936, -7.73511397599998 ], [ -77.665379486999939, -7.72604847599996 ], [ -77.667844361999983, -7.72409135099997 ], [ -77.668812111999955, -7.721775100999935 ], [ -77.667493111999988, -7.720892100999947 ], [ -77.666737736999949, -7.718860725999946 ], [ -77.665450736999958, -7.712318850999964 ], [ -77.663791486999969, -7.712095475999945 ], [ -77.662259736999943, -7.713339975999929 ], [ -77.658594236999988, -7.712754850999943 ], [ -77.655123111999956, -7.711453100999961 ], [ -77.654532236999955, -7.710142225999959 ], [ -77.655893361999972, -7.707746225999927 ], [ -77.658100611999942, -7.706748975999972 ], [ -77.660599986999955, -7.703707725999948 ], [ -77.661733611999978, -7.699598100999935 ], [ -77.66341061199995, -7.696834725999963 ], [ -77.663693986999988, -7.693882350999957 ], [ -77.665267361999952, -7.692162975999963 ], [ -77.668365361999975, -7.690394475999938 ], [ -77.674265361999971, -7.690150600999971 ], [ -77.677192486999957, -7.687147600999936 ], [ -77.676614574999974, -7.686098317999949 ], [ -77.674683486999982, -7.685581350999939 ], [ -77.67434136199995, -7.682942975999936 ], [ -77.675002861999985, -7.681749475999936 ], [ -77.678140736999978, -7.680206600999952 ], [ -77.678705486999945, -7.676974850999954 ], [ -77.67619648699997, -7.669752225999957 ], [ -77.672653611999976, -7.666657975999954 ], [ -77.672151861999964, -7.664939725999943 ], [ -77.675998861999972, -7.654120850999959 ], [ -77.675747236999939, -7.649425600999962 ], [ -77.676691486999971, -7.646601975999943 ], [ -77.675084486999936, -7.644677100999957 ], [ -77.676034861999938, -7.640604475999965 ], [ -77.678398361999939, -7.637023600999953 ], [ -77.67966936199997, -7.63191222599994 ], [ -77.686597736999943, -7.62582060099993 ], [ -77.689047486999982, -7.620851475999928 ], [ -77.692330236999965, -7.618080850999945 ], [ -77.698228861999951, -7.615209350999976 ], [ -77.698851236999985, -7.613045100999955 ], [ -77.697849111999972, -7.610633350999933 ], [ -77.700016736999942, -7.602517850999959 ], [ -77.699799611999936, -7.59863760099995 ], [ -77.701435111999956, -7.593869850999965 ], [ -77.699646861999952, -7.593239850999964 ] ] ] } },
{ "type": "Feature", "properties": { "ubigeo": "130810", "departamento": "LA LIBERTAD", "provincia": "PATAZ", "capital": "PIAS", "distrito": "PIAS", "gasto_mef_2012": 3130183.07, "gasto_mef_2013": 4011792.26, "gasto_mef_2014": 4982870.74, "gasto_mef_2015": 6282815.87, "gasto_mef_2016": 7781420.15, "gasto_mef_2017": 5779300.36, "gasto_mef_2018": 4685215.7, "gasto_mef_2019": 5637085.67, "gasto_mef_2020": 4979318.64, "gasto_mef_2021": 12015748.91, "gasto_mef_2022": 5828338.57, "gasto_mef_2023": 14138253.98, "gasto_mef_2024": 11125309.31, "gasto_mef_2025": 6893094.1, "gasto_mef_2026": 2755068.22, "num_establecimientos_salud": 1, "num_ie_activas": 16, "num_ie_inactivas": 7, "num_ie_total": 23, "poblacion_2017": 1790, "ie_activas_per_1000hab": 8.938547486033519, "establecimientos_salud_per_1000hab": 0.55865921787709494, "gasto_mef_2026_per_capita": 1539.14425698324, "gasto_mef_promedio_periodo": 6668387.7033333331, "gasto_mef_promedio_per_capita": 3725.3562588454374, "log_gasto_mef_2026": 14.828953125480378, "log_poblacion_2017": 7.4905294020607114, "tendencia_gasto_mef": 298941.81314283854, "tendencia_gasto_mef_per_capita": 167.00659952113884, "proporcion_ie_inactivas": 0.30434782608695654, "area_km2": 310.89731391789422, "densidad_poblacional": 5.7575280321422344, "log_densidad_poblacional": 1.9106571474605991, "comunidad_louvain": 7, "cluster_graphsage": 1 }, "geometry": { "type": "Polygon", "coordinates": [ [ [ -77.494463986999961, -7.785237600999949 ], [ -77.492430236999951, -7.786675225999943 ], [ -77.489660111999967, -7.79393347599995 ], [ -77.482451111999978, -7.796518725999931 ], [ -77.481174986999974, -7.797892975999957 ], [ -77.479833611999936, -7.803291600999955 ], [ -77.478590236999935, -7.804240475999961 ], [ -77.47669248699998, -7.804207725999959 ], [ -77.474794861999953, -7.80293172599994 ], [ -77.472136736999971, -7.803023475999964 ], [ -77.46823823699998, -7.807474600999967 ], [ -77.457942611999954, -7.810932600999934 ], [ -77.450230361999957, -7.80834247599995 ], [ -77.442861111999946, -7.813641725999958 ], [ -77.442619111999988, -7.824187475999963 ], [ -77.435596736999969, -7.829350475999945 ], [ -77.435028111999941, -7.830454600999929 ], [ -77.436186486999986, -7.833360225999968 ], [ -77.431573111999967, -7.841736350999952 ], [ -77.43226023699998, -7.844092100999944 ], [ -77.438574861999939, -7.847887475999926 ], [ -77.438384736999978, -7.850150350999968 ], [ -77.434381736999967, -7.85419535099993 ], [ -77.432915111999989, -7.858292225999946 ], [ -77.426567111999987, -7.868500350999966 ], [ -77.425650986999983, -7.874487975999955 ], [ -77.423888361999957, -7.879182225999955 ], [ -77.418264611999973, -7.886034850999977 ], [ -77.417523111999969, -7.888646475999963 ], [ -77.413297111999952, -7.894014475999938 ], [ -77.410784486999944, -7.900524725999958 ], [ -77.409337236999988, -7.90227435099996 ], [ -77.407717986999955, -7.902965225999935 ], [ -77.401062486999933, -7.898277350999933 ], [ -77.388826736999988, -7.907696975999954 ], [ -77.380187986999942, -7.907186225999965 ], [ -77.378547486999935, -7.907407850999959 ], [ -77.37690923699995, -7.908821350999972 ], [ -77.375367361999963, -7.920064225999965 ], [ -77.379189986999961, -7.921670350999932 ], [ -77.382659236999984, -7.925139600999955 ], [ -77.383543861999954, -7.930202475999977 ], [ -77.385076486999935, -7.932331100999932 ], [ -77.386749986999973, -7.937355475999937 ], [ -77.385558236999941, -7.94385510099994 ], [ -77.390522361999956, -7.947312975999978 ], [ -77.389774486999954, -7.956985350999958 ], [ -77.387646236999956, -7.961883975999967 ], [ -77.387806736999948, -7.963811350999947 ], [ -77.398126361999971, -7.970838225999955 ], [ -77.400507611999956, -7.97667172599995 ], [ -77.400495361999958, -7.983004725999933 ], [ -77.402663611999969, -7.984650975999955 ], [ -77.403175611999984, -7.988441725999962 ], [ -77.405746111999974, -7.989929725999957 ], [ -77.407129611999949, -7.991985600999953 ], [ -77.406706861999965, -7.99531835099998 ], [ -77.40984698699998, -7.996391225999957 ], [ -77.419136736999974, -8.003934975999925 ], [ -77.424705986999982, -8.005035100999976 ], [ -77.426332111999955, -8.004573225999934 ], [ -77.43097936199996, -7.998186225999973 ], [ -77.431959486999972, -7.994935975999965 ], [ -77.437991111999963, -7.989340975999937 ], [ -77.441838986999983, -7.99036022599995 ], [ -77.447516986999972, -7.989507475999972 ], [ -77.451385611999967, -7.980751100999953 ], [ -77.45970523699998, -7.975405725999963 ], [ -77.463844111999947, -7.967959725999947 ], [ -77.469002236999984, -7.965027100999976 ], [ -77.473099611999942, -7.960555350999925 ], [ -77.480691236999974, -7.955168475999926 ], [ -77.482979111999953, -7.953858225999966 ], [ -77.489946736999968, -7.952381350999929 ], [ -77.491423986999962, -7.949994725999943 ], [ -77.492463486999952, -7.94560097599998 ], [ -77.495694111999967, -7.942776100999936 ], [ -77.498890236999955, -7.942273100999955 ], [ -77.501864486999978, -7.940401225999949 ], [ -77.507148986999937, -7.938670725999941 ], [ -77.516169986999955, -7.936919975999956 ], [ -77.518445111999938, -7.939695850999954 ], [ -77.524633611999946, -7.944040725999969 ], [ -77.534972611999933, -7.945654350999973 ], [ -77.541085736999946, -7.947740100999965 ], [ -77.54399998699995, -7.947729975999948 ], [ -77.547949986999981, -7.943859975999942 ], [ -77.552489986999944, -7.936939975999962 ], [ -77.554769986999986, -7.935199975999979 ], [ -77.555679986999962, -7.930029975999958 ], [ -77.554709986999967, -7.928199975999974 ], [ -77.556569986999989, -7.916699975999961 ], [ -77.558669986999973, -7.912789975999942 ], [ -77.561259986999971, -7.904649975999973 ], [ -77.565227236999988, -7.897709475999932 ], [ -77.569802486999947, -7.897560975999966 ], [ -77.576779986999952, -7.899399975999927 ], [ -77.578229986999986, -7.901789975999975 ], [ -77.58163998699996, -7.901429975999974 ], [ -77.587099986999988, -7.899269975999971 ], [ -77.58697998699995, -7.896569975999967 ], [ -77.591449986999976, -7.895189975999926 ], [ -77.59336998699996, -7.895579975999965 ], [ -77.595409986999982, -7.892729975999941 ], [ -77.602539986999943, -7.888949975999935 ], [ -77.610769986999969, -7.887509975999933 ], [ -77.617449986999986, -7.88982997599993 ], [ -77.620719986999973, -7.889999975999956 ], [ -77.627029986999958, -7.884979975999954 ], [ -77.629867611999941, -7.880674600999953 ], [ -77.624163736999947, -7.877134100999967 ], [ -77.622690486999943, -7.87381372599998 ], [ -77.624356861999956, -7.864310975999956 ], [ -77.629485486999954, -7.859637475999932 ], [ -77.627139986999964, -7.85899997599995 ], [ -77.62488998699996, -7.856299975999946 ], [ -77.617199986999935, -7.857299975999979 ], [ -77.612719986999934, -7.854709975999981 ], [ -77.605889986999955, -7.85329997599996 ], [ -77.595079986999963, -7.848069975999977 ], [ -77.587649986999963, -7.846479975999955 ], [ -77.58575998699996, -7.845309975999953 ], [ -77.578939986999956, -7.845399975999953 ], [ -77.572289986999976, -7.848179975999926 ], [ -77.570109986999967, -7.847209975999931 ], [ -77.567299986999956, -7.847169975999975 ], [ -77.559429986999987, -7.84243997599998 ], [ -77.557599986999946, -7.838749975999974 ], [ -77.551349986999981, -7.833669975999953 ], [ -77.536396236999963, -7.827834100999951 ], [ -77.523525361999987, -7.824910100999944 ], [ -77.517198611999959, -7.821313725999971 ], [ -77.513005986999985, -7.813945100999945 ], [ -77.509710236999979, -7.81221685099996 ], [ -77.508075111999972, -7.806788100999938 ], [ -77.504755361999969, -7.802844100999948 ], [ -77.50477011199996, -7.798729600999934 ], [ -77.503572611999971, -7.794259600999965 ], [ -77.501862611999968, -7.792482725999946 ], [ -77.498321111999985, -7.790953100999957 ], [ -77.49684836199998, -7.785868725999933 ], [ -77.494463986999961, -7.785237600999949 ] ] ] } },
{ "type": "Feature", "properties": { "ubigeo": "130811", "departamento": "LA LIBERTAD", "provincia": "PATAZ", "capital": "CHALLAS", "distrito": "SANTIAGO DE CHALLAS", "gasto_mef_2012": 2599715.91, "gasto_mef_2013": 2275727.81, "gasto_mef_2014": 3196310.32, "gasto_mef_2015": 3355591.81, "gasto_mef_2016": 5175205.7, "gasto_mef_2017": 9424043.42, "gasto_mef_2018": 6013329.01, "gasto_mef_2019": 11552003.02, "gasto_mef_2020": 3434867.92, "gasto_mef_2021": 3185006.58, "gasto_mef_2022": 12037732.74, "gasto_mef_2023": 4368739.09, "gasto_mef_2024": 2947567.44, "gasto_mef_2025": 4206483.81, "gasto_mef_2026": 1380383.36, "num_establecimientos_salud": 2, "num_ie_activas": 26, "num_ie_inactivas": 8, "num_ie_total": 34, "poblacion_2017": 2351, "ie_activas_per_1000hab": 11.05912377711612, "establecimientos_salud_per_1000hab": 0.85070182900893243, "gasto_mef_2026_per_capita": 587.14732454274747, "gasto_mef_promedio_periodo": 5010180.5293333335, "gasto_mef_promedio_per_capita": 2131.0848699844037, "log_gasto_mef_2026": 14.137872540092538, "log_poblacion_2017": 7.7630213090185176, "tendencia_gasto_mef": 40675.461500016412, "tendencia_gasto_mef_per_capita": 17.301344746923188, "proporcion_ie_inactivas": 0.23529411764705882, "area_km2": 130.85083970776537, "densidad_poblacional": 17.967022643878988, "log_densidad_poblacional": 2.9427018208581179, "comunidad_louvain": 6, "cluster_graphsage": 3 }, "geometry": { "type": "Polygon", "coordinates": [ [ [ -77.441299986999979, -8.366929975999938 ], [ -77.431769986999939, -8.371109975999957 ], [ -77.427088236999964, -8.375321850999967 ], [ -77.419679986999938, -8.376409975999934 ], [ -77.41581348699998, -8.378303725999956 ], [ -77.410285486999953, -8.378737600999955 ], [ -77.407413111999972, -8.380776975999936 ], [ -77.398969986999987, -8.382869975999938 ], [ -77.389389986999959, -8.388269975999947 ], [ -77.384779986999945, -8.38630997599995 ], [ -77.382253736999985, -8.386657600999968 ], [ -77.380349986999988, -8.389329975999942 ], [ -77.376229986999988, -8.391939975999946 ], [ -77.374902111999972, -8.394848350999951 ], [ -77.367279986999961, -8.399249975999965 ], [ -77.36446998699995, -8.397119975999942 ], [ -77.361959986999977, -8.397289975999968 ], [ -77.356729986999937, -8.395019975999958 ], [ -77.350859986999978, -8.396309975999941 ], [ -77.346219986999984, -8.394959975999939 ], [ -77.335609986999941, -8.390089975999956 ], [ -77.333629986999938, -8.387339975999964 ], [ -77.325969986999951, -8.385309975999974 ], [ -77.318511361999981, -8.380650350999929 ], [ -77.313212736999958, -8.388347100999965 ], [ -77.311437861999934, -8.39357335099993 ], [ -77.302687736999985, -8.398092350999946 ], [ -77.299207986999988, -8.399120100999937 ], [ -77.29872936199996, -8.400520725999968 ], [ -77.299155861999964, -8.404299600999934 ], [ -77.301757111999962, -8.409144350999952 ], [ -77.303155236999942, -8.416817850999962 ], [ -77.302602486999945, -8.422930475999976 ], [ -77.304098111999963, -8.428490475999979 ], [ -77.304325736999942, -8.436131475999957 ], [ -77.303696611999953, -8.438900975999957 ], [ -77.304566361999946, -8.445639975999939 ], [ -77.305529986999943, -8.447745600999951 ], [ -77.314388472999951, -8.458233655999948 ], [ -77.315200861999983, -8.461737476999929 ], [ -77.31431336199995, -8.466766976999963 ], [ -77.314886736999938, -8.467652351999959 ], [ -77.317025236999939, -8.467062726999927 ], [ -77.321807986999943, -8.463660476999962 ], [ -77.328812611999979, -8.462320101999978 ], [ -77.342315736999979, -8.456884601999946 ], [ -77.349370861999944, -8.472831601999928 ], [ -77.357789987, -8.47916997699997 ], [ -77.363889986999936, -8.482579976999943 ], [ -77.365789986999971, -8.48468997699996 ], [ -77.367089986999986, -8.491219976999957 ], [ -77.369799986999965, -8.49904997699997 ], [ -77.377208611999947, -8.496911226999941 ], [ -77.379944486999989, -8.49500147699996 ], [ -77.386295111999971, -8.494076976999963 ], [ -77.389864486999954, -8.491962476999959 ], [ -77.398367361999988, -8.484596476999968 ], [ -77.400337736999973, -8.481966851999971 ], [ -77.402272361999962, -8.472062601999937 ], [ -77.401375986999938, -8.468242476999933 ], [ -77.398981236999987, -8.464150101999962 ], [ -77.399109986999974, -8.459747101999938 ], [ -77.403914861999965, -8.451986976999933 ], [ -77.405460611999956, -8.441483350999931 ], [ -77.406983861999947, -8.44014197599995 ], [ -77.412417611999956, -8.44071035099995 ], [ -77.418336236999949, -8.439649350999957 ], [ -77.421988986999963, -8.434806850999962 ], [ -77.429597611999952, -8.431608850999964 ], [ -77.432757736999974, -8.427183100999969 ], [ -77.437667986999941, -8.423195350999947 ], [ -77.438825861999987, -8.421224475999963 ], [ -77.436579236999989, -8.410529725999936 ], [ -77.437537861999942, -8.401149225999973 ], [ -77.439049361999935, -8.39699860099995 ], [ -77.442941486999985, -8.391516975999934 ], [ -77.445110611999951, -8.38573760099996 ], [ -77.448477987, -8.381618350999929 ], [ -77.450012861999937, -8.375799850999954 ], [ -77.44698361199994, -8.369888350999929 ], [ -77.447361486999966, -8.368819475999942 ], [ -77.444159986999978, -8.366929975999938 ], [ -77.441299986999979, -8.366929975999938 ] ] ] } },
{ "type": "Feature", "properties": { "ubigeo": "130812", "departamento": "LA LIBERTAD", "provincia": "PATAZ", "capital": "TAURIJA", "distrito": "TAURIJA", "gasto_mef_2012": 3275290.39, "gasto_mef_2013": 4518177.15, "gasto_mef_2014": 2166438.2, "gasto_mef_2015": 5414736.2, "gasto_mef_2016": 1913170.9, "gasto_mef_2017": 1887956.16, "gasto_mef_2018": 5773329.03, "gasto_mef_2019": 5846049.2, "gasto_mef_2020": 5787653.16, "gasto_mef_2021": 4182174.23, "gasto_mef_2022": 9038299.12, "gasto_mef_2023": 5317743.29, "gasto_mef_2024": 7135173.18, "gasto_mef_2025": 7596880.61, "gasto_mef_2026": 2172853.99, "num_establecimientos_salud": 1, "num_ie_activas": 25, "num_ie_inactivas": 10, "num_ie_total": 35, "poblacion_2017": 2980, "ie_activas_per_1000hab": 8.3892617449664435, "establecimientos_salud_per_1000hab": 0.33557046979865768, "gasto_mef_2026_per_capita": 729.14563422818787, "gasto_mef_promedio_periodo": 4801728.3206666661, "gasto_mef_promedio_per_capita": 1611.3182284116328, "log_gasto_mef_2026": 14.591552524384142, "log_poblacion_2017": 8.0000140936780717, "tendencia_gasto_mef": 218532.1933928431, "tendencia_gasto_mef_per_capita": 73.332950802967488, "proporcion_ie_inactivas": 0.2857142857142857, "area_km2": 130.81895858745474, "densidad_poblacional": 22.779572870608188, "log_densidad_poblacional": 3.1688269293943496, "comunidad_louvain": 6, "cluster_graphsage": 3 }, "geometry": { "type": "Polygon", "coordinates": [ [ [ -77.388647611999943, -8.200658475999944 ], [ -77.387363486999959, -8.205191475999925 ], [ -77.382329986999935, -8.21456997599995 ], [ -77.380249986999956, -8.220279975999972 ], [ -77.375749986999949, -8.224859975999948 ], [ -77.37670998699997, -8.230099975999963 ], [ -77.376449986999944, -8.23417997599995 ], [ -77.374049986999978, -8.239929975999928 ], [ -77.373149986999977, -8.245079975999943 ], [ -77.373539986999958, -8.248049975999947 ], [ -77.376529986999969, -8.251439975999972 ], [ -77.377406236999946, -8.256633975999932 ], [ -77.381953736999947, -8.261794850999934 ], [ -77.382319361999976, -8.264894850999951 ], [ -77.383881736999967, -8.266733100999943 ], [ -77.383231986999988, -8.277182975999949 ], [ -77.383779236999942, -8.281224600999963 ], [ -77.389829986999985, -8.288175225999964 ], [ -77.391556486999946, -8.293861725999932 ], [ -77.396517611999968, -8.302827850999961 ], [ -77.397653986999956, -8.305895350999947 ], [ -77.398509986999954, -8.312749975999964 ], [ -77.400309986999957, -8.316029975999982 ], [ -77.406429986999967, -8.318699975999948 ], [ -77.408979986999952, -8.320969975999958 ], [ -77.417759986999954, -8.320059975999925 ], [ -77.420649986999933, -8.321459975999971 ], [ -77.425519986999973, -8.332309975999976 ], [ -77.428353236999953, -8.335946600999932 ], [ -77.430503236999982, -8.34248247599993 ], [ -77.433849986999974, -8.344939975999978 ], [ -77.433759986999974, -8.347699975999944 ], [ -77.435434861999966, -8.352824350999981 ], [ -77.43562998699997, -8.35830997599993 ], [ -77.440229986999952, -8.362209975999974 ], [ -77.441439361999983, -8.364172475999965 ], [ -77.445049986999948, -8.366819975999931 ], [ -77.448369486999979, -8.368144475999941 ], [ -77.450572111999975, -8.363693100999967 ], [ -77.452389361999963, -8.362031975999969 ], [ -77.453297986999985, -8.356673225999941 ], [ -77.458529361999979, -8.356845475999933 ], [ -77.459332361999941, -8.355560475999937 ], [ -77.457439486999988, -8.346256350999965 ], [ -77.458758861999968, -8.336252600999956 ], [ -77.459676611999953, -8.334049850999975 ], [ -77.461844861999964, -8.331973350999931 ], [ -77.463806611999985, -8.331262100999936 ], [ -77.470644611999944, -8.332444350999936 ], [ -77.472846861999983, -8.331434225999942 ], [ -77.477986361999967, -8.326546975999975 ], [ -77.478213486999948, -8.324304600999938 ], [ -77.474269361999973, -8.323655975999941 ], [ -77.473638361999974, -8.320501100999934 ], [ -77.476295111999946, -8.316959100999952 ], [ -77.479474361999962, -8.316819725999949 ], [ -77.481333611999958, -8.315409350999971 ], [ -77.483543611999949, -8.309196225999926 ], [ -77.48602473699998, -8.304831725999975 ], [ -77.487630111999977, -8.303545975999953 ], [ -77.486587611999937, -8.29761097599993 ], [ -77.491368486999988, -8.282553100999962 ], [ -77.495506236999972, -8.278919600999927 ], [ -77.500764361999984, -8.278303350999977 ], [ -77.503939986999967, -8.273989975999939 ], [ -77.505830035999963, -8.273399987999937 ], [ -77.503066986999954, -8.271174350999956 ], [ -77.494739986999946, -8.259799975999954 ], [ -77.48797998699996, -8.25694997599993 ], [ -77.480629986999986, -8.248049975999947 ], [ -77.477809986999944, -8.247779975999947 ], [ -77.475439986999959, -8.24957997599995 ], [ -77.470895111999937, -8.250984475999928 ], [ -77.468815486999972, -8.252858350999929 ], [ -77.466359986999976, -8.251989975999948 ], [ -77.463779986999953, -8.252479975999961 ], [ -77.460794361999945, -8.250272850999977 ], [ -77.452719986999966, -8.248569975999942 ], [ -77.448209986999984, -8.242269975999932 ], [ -77.442028986999958, -8.239740100999938 ], [ -77.438919986999963, -8.239625350999972 ], [ -77.430889986999944, -8.236929975999942 ], [ -77.426589986999943, -8.233569975999956 ], [ -77.425179986999979, -8.230249975999925 ], [ -77.42338998699995, -8.231249975999958 ], [ -77.421491486999969, -8.230763600999978 ], [ -77.418012861999955, -8.228008725999928 ], [ -77.417513861999964, -8.224312225999938 ], [ -77.415489986999944, -8.221829975999981 ], [ -77.415769986999976, -8.219479975999946 ], [ -77.413627111999972, -8.215206725999963 ], [ -77.409914236999953, -8.213000725999962 ], [ -77.409414736999963, -8.210603350999975 ], [ -77.411240236999959, -8.20476735099993 ], [ -77.410878611999976, -8.203802975999963 ], [ -77.406339986999967, -8.201989975999936 ], [ -77.400589986999989, -8.20361997599997 ], [ -77.397759986999972, -8.203509975999964 ], [ -77.392129986999976, -8.200929975999941 ], [ -77.388647611999943, -8.200658475999944 ] ] ] } },
{ "type": "Feature", "properties": { "ubigeo": "130813", "departamento": "LA LIBERTAD", "provincia": "PATAZ", "capital": "URPAY", "distrito": "URPAY", "gasto_mef_2012": 2784707.4, "gasto_mef_2013": 4557236.97, "gasto_mef_2014": 2055545.39, "gasto_mef_2015": 1277465.28, "gasto_mef_2016": 2070384.17, "gasto_mef_2017": 4430356.51, "gasto_mef_2018": 2642668.06, "gasto_mef_2019": 2298260.7, "gasto_mef_2020": 3266584.46, "gasto_mef_2021": 3272095.26, "gasto_mef_2022": 4539759.08, "gasto_mef_2023": 10334752.21, "gasto_mef_2024": 3634867.03, "gasto_mef_2025": 5527053.9, "gasto_mef_2026": 1248806.73, "num_establecimientos_salud": 2, "num_ie_activas": 22, "num_ie_inactivas": 10, "num_ie_total": 32, "poblacion_2017": 2194, "ie_activas_per_1000hab": 10.027347310847766, "establecimientos_salud_per_1000hab": 0.91157702825888787, "gasto_mef_2026_per_capita": 569.19176390154985, "gasto_mef_promedio_periodo": 3596036.21, "gasto_mef_promedio_per_capita": 1639.0320009115771, "log_gasto_mef_2026": 14.037699838106548, "log_poblacion_2017": 7.693937325509272, "tendencia_gasto_mef": 160388.82657140723, "tendencia_gasto_mef_per_capita": 73.103384945946786, "proporcion_ie_inactivas": 0.3125, "area_km2": 118.74656861915979, "densidad_poblacional": 18.47632336254302, "log_densidad_poblacional": 2.9691995413117582, "comunidad_louvain": 6, "cluster_graphsage": 3 }, "geometry": { "type": "Polygon", "coordinates": [ [ [ -77.382166236999979, -8.263838225999962 ], [ -77.373980611999968, -8.268852600999935 ], [ -77.365592236999987, -8.269485475999943 ], [ -77.361518111999942, -8.272332225999946 ], [ -77.349860111999988, -8.277722100999938 ], [ -77.34638511199995, -8.277824725999949 ], [ -77.342492861999972, -8.272810475999961 ], [ -77.341276986999958, -8.272623350999936 ], [ -77.338892736999981, -8.274025475999963 ], [ -77.337904861999959, -8.278083475999949 ], [ -77.332894236999948, -8.279918350999935 ], [ -77.332106111999963, -8.287187100999972 ], [ -77.327166236999972, -8.291774225999973 ], [ -77.326122361999978, -8.298621100999981 ], [ -77.317212736999977, -8.301607600999944 ], [ -77.313939986999969, -8.305579975999933 ], [ -77.312689986999942, -8.308679975999951 ], [ -77.314239986999951, -8.318039975999966 ], [ -77.319559986999934, -8.328749975999926 ], [ -77.322799986999939, -8.331359975999931 ], [ -77.329139986999962, -8.332619975999933 ], [ -77.333879986999989, -8.337019975999965 ], [ -77.339449986999966, -8.345859975999929 ], [ -77.34091998699995, -8.350959975999956 ], [ -77.342699986999946, -8.353779975999942 ], [ -77.348849986999937, -8.354989975999956 ], [ -77.353929986999958, -8.358319975999962 ], [ -77.357919986999946, -8.359669975999964 ], [ -77.355480040999964, -8.360830014999976 ], [ -77.354610040999944, -8.364770014999976 ], [ -77.35191004099994, -8.368830014999958 ], [ -77.344410040999946, -8.372840014999952 ], [ -77.339858240999945, -8.376662291999935 ], [ -77.338374034999958, -8.377333455999974 ], [ -77.32567563899994, -8.377532255999938 ], [ -77.321211630999983, -8.378798255999925 ], [ -77.319006806999937, -8.380566382999973 ], [ -77.325509986999975, -8.385069975999954 ], [ -77.333629986999938, -8.387339975999964 ], [ -77.335609986999941, -8.390089975999956 ], [ -77.346219986999984, -8.394959975999939 ], [ -77.350859986999978, -8.396309975999941 ], [ -77.356729986999937, -8.395019975999958 ], [ -77.361959986999977, -8.397289975999968 ], [ -77.36446998699995, -8.397119975999942 ], [ -77.367279986999961, -8.399249975999965 ], [ -77.374902111999972, -8.394848350999951 ], [ -77.376229986999988, -8.391939975999946 ], [ -77.380349986999988, -8.389329975999942 ], [ -77.382253736999985, -8.386657600999968 ], [ -77.384779986999945, -8.38630997599995 ], [ -77.389389986999959, -8.388269975999947 ], [ -77.398969986999987, -8.382869975999938 ], [ -77.407413111999972, -8.380776975999936 ], [ -77.410285486999953, -8.378737600999955 ], [ -77.41581348699998, -8.378303725999956 ], [ -77.419679986999938, -8.376409975999934 ], [ -77.427088236999964, -8.375321850999967 ], [ -77.431769986999939, -8.371109975999957 ], [ -77.438023236999982, -8.367837975999976 ], [ -77.444159986999978, -8.366929975999938 ], [ -77.447361486999966, -8.368819475999942 ], [ -77.448369486999979, -8.368144475999941 ], [ -77.445049986999948, -8.366819975999931 ], [ -77.441439361999983, -8.364172475999965 ], [ -77.440229986999952, -8.362209975999974 ], [ -77.43562998699997, -8.35830997599993 ], [ -77.435434861999966, -8.352824350999981 ], [ -77.433759986999974, -8.347699975999944 ], [ -77.433849986999974, -8.344939975999978 ], [ -77.430503236999982, -8.34248247599993 ], [ -77.428353236999953, -8.335946600999932 ], [ -77.425519986999973, -8.332309975999976 ], [ -77.420649986999933, -8.321459975999971 ], [ -77.417759986999954, -8.320059975999925 ], [ -77.408979986999952, -8.320969975999958 ], [ -77.406429986999967, -8.318699975999948 ], [ -77.400309986999957, -8.316029975999982 ], [ -77.398509986999954, -8.312749975999964 ], [ -77.397653986999956, -8.305895350999947 ], [ -77.396517611999968, -8.302827850999961 ], [ -77.391556486999946, -8.293861725999932 ], [ -77.389829986999985, -8.288175225999964 ], [ -77.383779236999942, -8.281224600999963 ], [ -77.383231986999988, -8.277182975999949 ], [ -77.384034361999966, -8.267775975999939 ], [ -77.382166236999979, -8.263838225999962 ] ] ] } },
{ "type": "Feature", "properties": { "ubigeo": "130901", "departamento": "LA LIBERTAD", "provincia": "SANCHEZ CARRION", "capital": "HUAMACHUCO", "distrito": "HUAMACHUCO", "gasto_mef_2012": 154539884.40999982, "gasto_mef_2013": 167705552.44999993, "gasto_mef_2014": 149265484.10999992, "gasto_mef_2015": 152537478.82000068, "gasto_mef_2016": 198612907.7500003, "gasto_mef_2017": 204744105.71999997, "gasto_mef_2018": 217488377.40000117, "gasto_mef_2019": 270364867.000001, "gasto_mef_2020": 288922539.43999773, "gasto_mef_2021": 317014080.3800028, "gasto_mef_2022": 308253983.25000113, "gasto_mef_2023": 322068018.81000018, "gasto_mef_2024": 376789609.63999826, "gasto_mef_2025": 402528259.97000307, "gasto_mef_2026": 193532758.55999914, "num_establecimientos_salud": 15, "num_ie_activas": 209, "num_ie_inactivas": 48, "num_ie_total": 257, "poblacion_2017": 72264, "ie_activas_per_1000hab": 2.8921731429204032, "establecimientos_salud_per_1000hab": 0.20757223513782797, "gasto_mef_2026_per_capita": 2678.1351511125754, "gasto_mef_promedio_periodo": 248291193.84733361, "gasto_mef_promedio_per_capita": 3435.8905381287173, "log_gasto_mef_2026": 19.080957356156148, "log_poblacion_2017": 11.188095196882943, "tendencia_gasto_mef": 14723308.891570171, "tendencia_gasto_mef_per_capita": 203.74334234985847, "proporcion_ie_inactivas": 0.1867704280155642, "area_km2": 416.00715554454928, "densidad_poblacional": 173.70855053059637, "log_densidad_poblacional": 5.1631191600212603, "comunidad_louvain": 7, "cluster_graphsage": 1 }, "geometry": { "type": "Polygon", "coordinates": [ [ [ -77.933904611999935, -7.694290850999948 ], [ -77.93206386199995, -7.696597850999979 ], [ -77.929181611999979, -7.696172725999929 ], [ -77.926823861999935, -7.698656850999953 ], [ -77.926515111999947, -7.700371850999943 ], [ -77.923789111999952, -7.704443350999952 ], [ -77.922195361999968, -7.711656225999945 ], [ -77.917674236999972, -7.721995475999961 ], [ -77.915967111999976, -7.722871350999981 ], [ -77.910371986999962, -7.723345350999978 ], [ -77.906125111999984, -7.72532072599995 ], [ -77.903612986999974, -7.727508475999969 ], [ -77.900099986999976, -7.736189975999935 ], [ -77.896719986999983, -7.741049975999942 ], [ -77.881109986999945, -7.749099975999968 ], [ -77.88467998699997, -7.753709975999925 ], [ -77.885069986999952, -7.755749975999947 ], [ -77.887109986999974, -7.758679975999939 ], [ -77.886819986999967, -7.76103997599995 ], [ -77.888333111999941, -7.766605850999952 ], [ -77.894150611999976, -7.775780600999951 ], [ -77.898813111999971, -7.785021350999955 ], [ -77.905789986999935, -7.793789975999971 ], [ -77.907189986999981, -7.797599975999958 ], [ -77.915962111999988, -7.799200475999953 ], [ -77.923049986999956, -7.798039975999927 ], [ -77.926039986999967, -7.798789975999966 ], [ -77.932879986999978, -7.793899975999977 ], [ -77.93624998699994, -7.79264997599995 ], [ -77.939350041999944, -7.789460014999975 ], [ -77.94350998699997, -7.789079975999925 ], [ -77.945839611999986, -7.789720100999943 ], [ -77.947477861999971, -7.791357725999944 ], [ -77.949079236999978, -7.795074100999955 ], [ -77.953151236999986, -7.800183100999959 ], [ -77.958781861999967, -7.803288475999977 ], [ -77.961022736999951, -7.804114225999967 ], [ -77.965170236999938, -7.802824725999926 ], [ -77.967400736999934, -7.803068725999935 ], [ -77.968620611999938, -7.807215975999952 ], [ -77.970522234999976, -7.809325678999926 ], [ -77.973813736999944, -7.808543725999925 ], [ -77.978046486999972, -7.81067860099995 ], [ -77.986081736999949, -7.810805975999926 ], [ -77.990263986999935, -7.813942725999937 ], [ -77.993549986999938, -7.815259975999936 ], [ -77.989519986999937, -7.818819975999929 ], [ -77.986939986999971, -7.824849975999939 ], [ -77.985229986999968, -7.826779975999955 ], [ -77.985119986999962, -7.829619975999947 ], [ -77.989779986999963, -7.834009975999948 ], [ -77.990769986999965, -7.839609975999963 ], [ -77.994389986999977, -7.846389975999955 ], [ -77.996079986999973, -7.856398600999967 ], [ -78.001986361999968, -7.860228975999973 ], [ -78.004550736999988, -7.869066350999958 ], [ -78.007683611999937, -7.873932725999964 ], [ -78.007810861999985, -7.875697975999969 ], [ -78.006506736999938, -7.879952350999929 ], [ -78.003536236999935, -7.882704975999957 ], [ -77.998793736999971, -7.893700225999964 ], [ -77.997267111999975, -7.895004225999969 ], [ -77.993306611999969, -7.895982600999957 ], [ -77.990456736999988, -7.899081600999978 ], [ -77.986242111999957, -7.900247975999946 ], [ -77.98502911199995, -7.90220760099993 ], [ -77.985279986999956, -7.904189975999941 ], [ -77.986699986999952, -7.903159975999927 ], [ -77.991499986999941, -7.902979975999926 ], [ -77.996359986999948, -7.901419975999943 ], [ -78.003749986999935, -7.894559975999925 ], [ -78.007939986999986, -7.894199975999925 ], [ -78.010219986999971, -7.897179975999961 ], [ -78.010329986999977, -7.898619975999964 ], [ -78.008755486999974, -7.900751475999925 ], [ -78.009865986999955, -7.902648725999939 ], [ -78.012872861999938, -7.903480725999941 ], [ -78.015470736999987, -7.90271097599998 ], [ -78.017580111999962, -7.903583975999936 ], [ -78.021146486999953, -7.908423850999952 ], [ -78.026976611999942, -7.910269475999939 ], [ -78.02911211199995, -7.911987350999937 ], [ -78.032212736999952, -7.906963100999974 ], [ -78.037554736999937, -7.907964350999976 ], [ -78.040629236999962, -7.911385100999951 ], [ -78.041375861999938, -7.913685725999926 ], [ -78.043684861999964, -7.914430975999949 ], [ -78.044342486999938, -7.916316225999935 ], [ -78.044173986999965, -7.922095350999939 ], [ -78.047531986999957, -7.92559422599993 ], [ -78.051751611999975, -7.927352225999925 ], [ -78.058978486999933, -7.92772847599997 ], [ -78.063269486999957, -7.927003850999938 ], [ -78.065349611999977, -7.927960975999952 ], [ -78.067065111999966, -7.929725725999958 ], [ -78.067229986999962, -7.933329975999925 ], [ -78.070269986999961, -7.935849975999929 ], [ -78.067979986999944, -7.93803997599997 ], [ -78.068199986999957, -7.941139975999931 ], [ -78.071459986999969, -7.943769975999942 ], [ -78.073389986999985, -7.944189975999961 ], [ -78.076569986999971, -7.942239975999939 ], [ -78.080199986999958, -7.941939975999958 ], [ -78.08339998699995, -7.943159975999947 ], [ -78.086969986999975, -7.946049975999927 ], [ -78.09545998699997, -7.946699975999934 ], [ -78.100419986999952, -7.94907997599995 ], [ -78.103910004999989, -7.94921998999996 ], [ -78.106741986999964, -7.950811600999941 ], [ -78.108121361999963, -7.950306100999967 ], [ -78.11020698699997, -7.947847600999978 ], [ -78.112766861999944, -7.947866475999945 ], [ -78.118790986999954, -7.949812475999977 ], [ -78.132864361999964, -7.957348850999949 ], [ -78.134988861999943, -7.954828100999976 ], [ -78.138076611999963, -7.946948350999946 ], [ -78.140110611999944, -7.944767725999952 ], [ -78.144933611999988, -7.934165975999974 ], [ -78.147212861999947, -7.932712850999962 ], [ -78.15227661199998, -7.934086725999975 ], [ -78.165285486999949, -7.932866350999973 ], [ -78.167149486999961, -7.93360497599997 ], [ -78.168021986999975, -7.93428072599994 ], [ -78.168883986999958, -7.94131435099996 ], [ -78.169827611999949, -7.942667600999926 ], [ -78.174841736999952, -7.941330100999949 ], [ -78.177687736999985, -7.94259597599995 ], [ -78.182089736999956, -7.93954447599998 ], [ -78.187652236999952, -7.941374350999979 ], [ -78.186236361999988, -7.938319475999947 ], [ -78.18056517499997, -7.930938663999939 ], [ -78.174081986999965, -7.924572225999952 ], [ -78.171398486999976, -7.923554725999963 ], [ -78.170478611999954, -7.922369100999958 ], [ -78.169349986999975, -7.911409975999959 ], [ -78.16690998699994, -7.906649975999926 ], [ -78.161589986999957, -7.900979975999974 ], [ -78.155519986999934, -7.89678997599998 ], [ -78.150739986999952, -7.88982997599993 ], [ -78.145259986999974, -7.886259975999963 ], [ -78.144269986999973, -7.877639975999955 ], [ -78.14213998699995, -7.875939975999927 ], [ -78.141969986999982, -7.87350997599998 ], [ -78.13986998699994, -7.870109975999981 ], [ -78.14001998699996, -7.867329975999951 ], [ -78.142089986999963, -7.862169975999961 ], [ -78.144189986999947, -7.859859975999939 ], [ -78.147049986999946, -7.854339975999949 ], [ -78.154579986999977, -7.844789975999959 ], [ -78.154769986999952, -7.842179975999954 ], [ -78.156839986999955, -7.837879975999954 ], [ -78.15637998699998, -7.834889975999943 ], [ -78.158419986999945, -7.831639975999963 ], [ -78.160109986999942, -7.830669975999967 ], [ -78.160639986999968, -7.824709975999951 ], [ -78.161849986999982, -7.821479975999978 ], [ -78.15701473699994, -7.822164850999968 ], [ -78.148085611999988, -7.828720100999931 ], [ -78.146342736999941, -7.829235100999938 ], [ -78.142098236999971, -7.82897060099998 ], [ -78.137073236999981, -7.830106600999954 ], [ -78.128754611999966, -7.82820510099998 ], [ -78.125263611999969, -7.828310600999941 ], [ -78.121448861999966, -7.83057572599995 ], [ -78.11853886199998, -7.835401350999973 ], [ -78.115968362, -7.837524350999956 ], [ -78.114260736999938, -7.835255850999943 ], [ -78.112539736999963, -7.827855475999968 ], [ -78.111550111999975, -7.826564725999958 ], [ -78.104020736999985, -7.822262225999964 ], [ -78.103332236999961, -7.820110975999967 ], [ -78.105976236999936, -7.811800475999974 ], [ -78.102645736999989, -7.807204850999938 ], [ -78.101983236999956, -7.80494110099994 ], [ -78.104545111999983, -7.79770797599997 ], [ -78.106856361999974, -7.79501910099998 ], [ -78.112536861999956, -7.792722100999981 ], [ -78.114389736999954, -7.788315225999952 ], [ -78.123500361999959, -7.781451975999971 ], [ -78.128329986999972, -7.774069975999964 ], [ -78.123609986999952, -7.76978997599997 ], [ -78.120419986999934, -7.76551997599995 ], [ -78.119999986999971, -7.763699975999941 ], [ -78.115999986999952, -7.760209975999942 ], [ -78.115299986999958, -7.753809975999957 ], [ -78.116369986999985, -7.747709975999953 ], [ -78.114529986999969, -7.746439975999976 ], [ -78.111789986999952, -7.746229975999938 ], [ -78.110149986999943, -7.74432997599996 ], [ -78.108599986999934, -7.745499975999962 ], [ -78.093289986999935, -7.74590997599995 ], [ -78.089409986999954, -7.742099975999963 ], [ -78.087099986999988, -7.741659975999937 ], [ -78.08461998699994, -7.739749975999928 ], [ -78.084679986999959, -7.738099975999944 ], [ -78.082979986999987, -7.734659975999932 ], [ -78.083439986999963, -7.731899975999966 ], [ -78.078759986999955, -7.721479975999955 ], [ -78.078949986999987, -7.715989975999946 ], [ -78.077649986999972, -7.71349997599998 ], [ -78.076179986999989, -7.706619975999956 ], [ -78.074389986999961, -7.708699975999934 ], [ -78.068669986999964, -7.710839975999932 ], [ -78.068189986999982, -7.712239975999978 ], [ -78.065049986999952, -7.714369975999944 ], [ -78.062581861999945, -7.720999100999961 ], [ -78.053473361999977, -7.73059060099996 ], [ -78.051195611999958, -7.735900600999969 ], [ -78.049837611999976, -7.742336350999949 ], [ -78.049689986999965, -7.750012225999967 ], [ -78.051309986999968, -7.75605997599996 ], [ -78.049719986999946, -7.756239975999961 ], [ -78.039969986999949, -7.749829975999944 ], [ -78.036379986999975, -7.749049975999981 ], [ -78.032239986999969, -7.749629975999937 ], [ -78.027499986999942, -7.748459975999936 ], [ -78.025579986999958, -7.749509975999956 ], [ -78.024179986999968, -7.749349975999962 ], [ -78.019419986999935, -7.746939975999965 ], [ -78.00952648699996, -7.744402600999933 ], [ -78.004236361999972, -7.74153047599998 ], [ -78.000803236999957, -7.74247272599996 ], [ -77.997876486999985, -7.742068225999958 ], [ -77.990809486999979, -7.744756975999962 ], [ -77.984456361999946, -7.744875975999946 ], [ -77.981732361999946, -7.746828100999949 ], [ -77.973843861999967, -7.757962975999931 ], [ -77.970889236999938, -7.759395100999939 ], [ -77.970373244999962, -7.75923535499993 ], [ -77.972159986999941, -7.755329975999928 ], [ -77.971759986999984, -7.754039975999945 ], [ -77.966849986999989, -7.752179975999979 ], [ -77.961559986999987, -7.753279975999931 ], [ -77.959949986999959, -7.75142997599994 ], [ -77.954009986999949, -7.747749975999966 ], [ -77.952059986999984, -7.743809975999966 ], [ -77.946529986999963, -7.740079975999947 ], [ -77.943209986999989, -7.736719975999961 ], [ -77.940839986999947, -7.730769975999976 ], [ -77.941719986999942, -7.723919975999934 ], [ -77.945029986999941, -7.718379975999937 ], [ -77.945859986999949, -7.71367997599998 ], [ -77.942911236999976, -7.706681725999943 ], [ -77.939145737, -7.704837850999979 ], [ -77.940160236999986, -7.699300725999933 ], [ -77.939226539999936, -7.696246817999963 ], [ -77.937021236999954, -7.694898350999949 ], [ -77.933904611999935, -7.694290850999948 ] ] ] } },
{ "type": "Feature", "properties": { "ubigeo": "130902", "departamento": "LA LIBERTAD", "provincia": "SANCHEZ CARRION", "capital": "CHUGAY", "distrito": "CHUGAY", "gasto_mef_2012": 18309468.999999993, "gasto_mef_2013": 22935419.17000001, "gasto_mef_2014": 20423215.729999989, "gasto_mef_2015": 13202502.84, "gasto_mef_2016": 49468845.029999986, "gasto_mef_2017": 56862524.9000001, "gasto_mef_2018": 50261202.149999976, "gasto_mef_2019": 28562956.049999967, "gasto_mef_2020": 29887911.279999983, "gasto_mef_2021": 26540492.789999988, "gasto_mef_2022": 42699887.55999998, "gasto_mef_2023": 29921811.99, "gasto_mef_2024": 24134778.39, "gasto_mef_2025": 16893794.65, "gasto_mef_2026": 11209443.74, "num_establecimientos_salud": 6, "num_ie_activas": 148, "num_ie_inactivas": 58, "num_ie_total": 206, "poblacion_2017": 18577, "ie_activas_per_1000hab": 7.966840717015665, "establecimientos_salud_per_1000hab": 0.32298002906820261, "gasto_mef_2026_per_capita": 603.40441083059704, "gasto_mef_promedio_periodo": 29420950.351333324, "gasto_mef_promedio_per_capita": 1583.7298999479638, "log_gasto_mef_2026": 16.232267261261352, "log_poblacion_2017": 9.8297333639474669, "tendencia_gasto_mef": -363711.07692841702, "tendencia_gasto_mef_per_capita": -19.578569033127902, "proporcion_ie_inactivas": 0.28155339805825241, "area_km2": 417.77768999777652, "densidad_poblacional": 44.466232747131301, "log_densidad_poblacional": 3.8169699130109151, "comunidad_louvain": 7, "cluster_graphsage": 1 }, "geometry": { "type": "Polygon", "coordinates": [ [ [ -77.844860861999962, -7.636999100999958 ], [ -77.841059986999937, -7.637509975999933 ], [ -77.839039986999978, -7.638929975999929 ], [ -77.834339986999964, -7.638359975999947 ], [ -77.826239986999951, -7.639759975999937 ], [ -77.81999998699996, -7.64338997599998 ], [ -77.81351998699995, -7.65021997599996 ], [ -77.811809986999947, -7.650869975999967 ], [ -77.808569986999942, -7.650529975999973 ], [ -77.805689986999937, -7.653199975999939 ], [ -77.800689986999942, -7.65484997599998 ], [ -77.794863736999957, -7.654463850999946 ], [ -77.783927361999986, -7.646136600999967 ], [ -77.778487236999979, -7.648352600999942 ], [ -77.773247861999948, -7.647273975999951 ], [ -77.768843861999983, -7.650784975999954 ], [ -77.768864486999973, -7.652652100999944 ], [ -77.773751111999957, -7.657345225999961 ], [ -77.784544861999962, -7.660480475999975 ], [ -77.786639111999989, -7.662098475999926 ], [ -77.787162611999975, -7.667000225999971 ], [ -77.786532361999946, -7.674304350999932 ], [ -77.787828736999984, -7.680020725999952 ], [ -77.784771236999973, -7.684293475999937 ], [ -77.779749486999947, -7.69716247599996 ], [ -77.779963486999975, -7.702261475999933 ], [ -77.784092986999951, -7.70621372599993 ], [ -77.786847611999974, -7.716316100999961 ], [ -77.785704986999974, -7.73029297599993 ], [ -77.788427111999965, -7.73376910099995 ], [ -77.79308748699998, -7.735581475999936 ], [ -77.794754736999948, -7.73919910099994 ], [ -77.797255861999986, -7.740527350999969 ], [ -77.801742486999956, -7.74497572599995 ], [ -77.797682111999961, -7.747551475999956 ], [ -77.797302861999981, -7.752624725999965 ], [ -77.793375236999964, -7.755070600999943 ], [ -77.790805486999943, -7.758354225999938 ], [ -77.78822261199997, -7.763463725999941 ], [ -77.78797723699995, -7.768330975999959 ], [ -77.781834861999982, -7.775724225999966 ], [ -77.779763109999976, -7.782568498999979 ], [ -77.773744736999959, -7.792618475999973 ], [ -77.772554986999978, -7.79749635099995 ], [ -77.764788736999947, -7.807116225999948 ], [ -77.764583861999938, -7.810440600999925 ], [ -77.765773487, -7.813914600999965 ], [ -77.765321486999937, -7.816412975999981 ], [ -77.764512486999934, -7.818173850999926 ], [ -77.762228111999946, -7.819672975999936 ], [ -77.761300111999958, -7.823860725999964 ], [ -77.759420361999958, -7.825645350999935 ], [ -77.755755986999986, -7.833188225999947 ], [ -77.755253361999962, -7.83676935099993 ], [ -77.752098986999954, -7.841135725999948 ], [ -77.743516986999964, -7.844408225999928 ], [ -77.738695236999945, -7.847345975999929 ], [ -77.733661486999949, -7.85185685099998 ], [ -77.730292111999972, -7.853138975999968 ], [ -77.724948736999977, -7.851067100999956 ], [ -77.721010861999957, -7.852472600999931 ], [ -77.71758523699998, -7.849520975999951 ], [ -77.713996486999974, -7.848440600999936 ], [ -77.712949486999946, -7.853627850999942 ], [ -77.707611611999937, -7.858484350999959 ], [ -77.707494361999977, -7.860343975999967 ], [ -77.716405486999975, -7.863970600999949 ], [ -77.718109986999934, -7.869789975999936 ], [ -77.718766861999939, -7.877835975999972 ], [ -77.724085736999939, -7.884445225999968 ], [ -77.726481861999957, -7.88594197599997 ], [ -77.729037611999956, -7.88623847599996 ], [ -77.730984986999943, -7.88549035099993 ], [ -77.733256736999977, -7.885961100999964 ], [ -77.734475861999954, -7.887089225999944 ], [ -77.734177611999939, -7.890033850999941 ], [ -77.731619361999947, -7.896153100999925 ], [ -77.730434486999968, -7.904070100999945 ], [ -77.733546486999956, -7.908945100999972 ], [ -77.733449986999972, -7.910299975999976 ], [ -77.730869986999949, -7.911759975999928 ], [ -77.728539986999976, -7.911559975999978 ], [ -77.724109986999963, -7.912999975999981 ], [ -77.719999986999937, -7.915509975999953 ], [ -77.714829986999973, -7.913819975999957 ], [ -77.709519986999965, -7.913139975999968 ], [ -77.703619986999968, -7.915589975999978 ], [ -77.699479986999961, -7.913909975999957 ], [ -77.690379986999972, -7.914709975999926 ], [ -77.688149986999974, -7.915879975999928 ], [ -77.686759986999959, -7.917749975999925 ], [ -77.679739986999948, -7.919869975999973 ], [ -77.676049986999942, -7.917859975999932 ], [ -77.673359986999969, -7.917849975999957 ], [ -77.67213998699998, -7.918459975999951 ], [ -77.671439986999985, -7.920579975999942 ], [ -77.668969986999969, -7.923149975999934 ], [ -77.667369986999972, -7.927389975999972 ], [ -77.662599986999965, -7.931409975999941 ], [ -77.660249986999986, -7.930299975999958 ], [ -77.656779986999936, -7.930359975999977 ], [ -77.654159986999957, -7.932649975999936 ], [ -77.653389986999969, -7.934339975999933 ], [ -77.651429986999972, -7.934479975999977 ], [ -77.645749986999988, -7.93865997599994 ], [ -77.639109986999983, -7.942479975999959 ], [ -77.635699986999953, -7.943139975999941 ], [ -77.632789986999967, -7.945479975999945 ], [ -77.628839986999935, -7.944009975999961 ], [ -77.626849986999957, -7.941539975999945 ], [ -77.626791111999978, -7.940080100999978 ], [ -77.625008236999975, -7.94219235099996 ], [ -77.623916736999945, -7.945350100999974 ], [ -77.626571736999949, -7.947802600999978 ], [ -77.627092861999984, -7.95100335099994 ], [ -77.634737111999982, -7.954709600999934 ], [ -77.63877423699995, -7.95803772599993 ], [ -77.640488736999941, -7.960566350999954 ], [ -77.639847111999984, -7.96546322599994 ], [ -77.638044236999974, -7.96911472599993 ], [ -77.637649361999934, -7.972287350999977 ], [ -77.64106998699998, -7.983519975999968 ], [ -77.64720998699994, -7.984839975999932 ], [ -77.65508998699994, -7.984069975999944 ], [ -77.661529986999938, -7.982279975999973 ], [ -77.669925736999971, -7.983261100999925 ], [ -77.683272236999983, -7.977431850999949 ], [ -77.691262861999974, -7.975960975999953 ], [ -77.698654611999984, -7.970346975999973 ], [ -77.700759861999984, -7.966510725999967 ], [ -77.701882611999963, -7.962393725999959 ], [ -77.703168736999942, -7.96106010099993 ], [ -77.704417986999943, -7.960970975999942 ], [ -77.70851761199998, -7.962992225999926 ], [ -77.710958611999956, -7.960475600999928 ], [ -77.712273861999961, -7.957606225999939 ], [ -77.723835736999945, -7.958878475999938 ], [ -77.729350862, -7.964227600999948 ], [ -77.732284111999945, -7.964405350999925 ], [ -77.737544236999952, -7.962235975999931 ], [ -77.738917361999938, -7.960923600999934 ], [ -77.739242861999969, -7.958394100999953 ], [ -77.73646823699994, -7.95330710099995 ], [ -77.736491486999967, -7.95163497599998 ], [ -77.742506361999972, -7.941501725999956 ], [ -77.741156486999955, -7.937358100999973 ], [ -77.739869236999937, -7.935753475999945 ], [ -77.740135986999974, -7.933975850999957 ], [ -77.741229111999985, -7.932487975999948 ], [ -77.746417361999988, -7.929738850999968 ], [ -77.749416736999933, -7.92542147599994 ], [ -77.748054986999989, -7.92193660099997 ], [ -77.744865111999957, -7.919170475999977 ], [ -77.74638198699995, -7.909422225999947 ], [ -77.750747986999954, -7.902529350999941 ], [ -77.753453486999945, -7.901012225999978 ], [ -77.756586486999936, -7.900945350999962 ], [ -77.761617361999981, -7.904998100999933 ], [ -77.764787736999949, -7.906212975999949 ], [ -77.774488486999985, -7.906680100999949 ], [ -77.780632611999977, -7.909956850999947 ], [ -77.782073736999962, -7.909941600999957 ], [ -77.789764986999955, -7.905663725999943 ], [ -77.798599361999948, -7.910798600999954 ], [ -77.808137361999968, -7.912296975999936 ], [ -77.812543111999958, -7.914862350999954 ], [ -77.817884361999972, -7.916296225999929 ], [ -77.823346236999953, -7.920352475999948 ], [ -77.825544736999973, -7.920660350999981 ], [ -77.827337111999952, -7.920081225999979 ], [ -77.837973611999985, -7.905995100999974 ], [ -77.847046111999987, -7.905534600999943 ], [ -77.851662986999941, -7.904259475999936 ], [ -77.856261736999954, -7.900068350999959 ], [ -77.861292486999957, -7.893486725999935 ], [ -77.86330298699994, -7.883196350999981 ], [ -77.86688811199997, -7.878307350999933 ], [ -77.867372986999953, -7.869752350999931 ], [ -77.87288786199997, -7.863637600999937 ], [ -77.879958986999952, -7.853458975999956 ], [ -77.891212736999989, -7.842279350999945 ], [ -77.893509861999974, -7.837400350999928 ], [ -77.897110736999934, -7.832492850999927 ], [ -77.898666361999972, -7.826974225999948 ], [ -77.89893011199996, -7.822789975999967 ], [ -77.906249986999967, -7.809789850999948 ], [ -77.905789986999935, -7.803259975999936 ], [ -77.908149986999945, -7.799819975999981 ], [ -77.905789986999935, -7.793789975999971 ], [ -77.898813111999971, -7.785021350999955 ], [ -77.894150611999976, -7.775780600999951 ], [ -77.888333111999941, -7.766605850999952 ], [ -77.886819986999967, -7.76103997599995 ], [ -77.887109986999974, -7.758679975999939 ], [ -77.885069986999952, -7.755749975999947 ], [ -77.88467998699997, -7.753709975999925 ], [ -77.880769986999951, -7.748479975999942 ], [ -77.880499986999951, -7.746299975999932 ], [ -77.877859986999965, -7.741169975999981 ], [ -77.872329986999944, -7.734359975999951 ], [ -77.871169986999973, -7.731939975999978 ], [ -77.870959986999935, -7.728419975999941 ], [ -77.86446998699995, -7.72086997599996 ], [ -77.859588361999954, -7.705959850999932 ], [ -77.859907611999972, -7.703609725999968 ], [ -77.85885998699996, -7.698509975999968 ], [ -77.854559986999959, -7.688989975999959 ], [ -77.854239986999971, -7.68409997599997 ], [ -77.848726236999937, -7.672754850999979 ], [ -77.848379986999987, -7.666909975999943 ], [ -77.846539986999971, -7.659939975999976 ], [ -77.84359898699995, -7.656347850999964 ], [ -77.839939236999953, -7.647176600999956 ], [ -77.840243986999951, -7.64466510099993 ], [ -77.844909986999937, -7.638089975999947 ], [ -77.844860861999962, -7.636999100999958 ] ] ] } },
{ "type": "Feature", "properties": { "ubigeo": "130903", "departamento": "LA LIBERTAD", "provincia": "SANCHEZ CARRION", "capital": "ARICAPAMPA", "distrito": "COCHORCO", "gasto_mef_2012": 10187994.31, "gasto_mef_2013": 8368862.87, "gasto_mef_2014": 8091246.93000001, "gasto_mef_2015": 7033342.49, "gasto_mef_2016": 11484460.77, "gasto_mef_2017": 19726989.58, "gasto_mef_2018": 16490228.6, "gasto_mef_2019": 8289254.36, "gasto_mef_2020": 10144066.09, "gasto_mef_2021": 8591556.34, "gasto_mef_2022": 11988674.45, "gasto_mef_2023": 16605080.46, "gasto_mef_2024": 20094101.819999985, "gasto_mef_2025": 14769336.45, "gasto_mef_2026": 5498345.22, "num_establecimientos_salud": 5, "num_ie_activas": 73, "num_ie_inactivas": 16, "num_ie_total": 89, "poblacion_2017": 9607, "ie_activas_per_1000hab": 7.598626001873634, "establecimientos_salud_per_1000hab": 0.52045383574476944, "gasto_mef_2026_per_capita": 572.32697199958375, "gasto_mef_promedio_periodo": 11824236.049333332, "gasto_mef_promedio_per_capita": 1230.7938013254222, "log_gasto_mef_2026": 15.519957917714491, "log_poblacion_2017": 9.1703513637598189, "tendencia_gasto_mef": 274186.20082139911, "tendencia_gasto_mef_per_capita": 28.540251985156562, "proporcion_ie_inactivas": 0.1797752808988764, "area_km2": 263.13376735863676, "densidad_poblacional": 36.509947379372981, "log_densidad_poblacional": 3.624606161250183, "comunidad_louvain": 7, "cluster_graphsage": 1 }, "geometry": { "type": "Polygon", "coordinates": [ [ [ -77.668365361999975, -7.690394475999938 ], [ -77.663693986999988, -7.693882350999957 ], [ -77.66341061199995, -7.696834725999963 ], [ -77.661733611999978, -7.699598100999935 ], [ -77.660599986999955, -7.703707725999948 ], [ -77.658100611999942, -7.706748975999972 ], [ -77.655893361999972, -7.707746225999927 ], [ -77.654532236999955, -7.710142225999959 ], [ -77.655123111999956, -7.711453100999961 ], [ -77.658594236999988, -7.712754850999943 ], [ -77.662259736999943, -7.713339975999929 ], [ -77.663791486999969, -7.712095475999945 ], [ -77.665450736999958, -7.712318850999964 ], [ -77.666737736999949, -7.718860725999946 ], [ -77.668854611999961, -7.72220060099994 ], [ -77.667844361999983, -7.72409135099997 ], [ -77.665379486999939, -7.72604847599996 ], [ -77.666365611999936, -7.73511397599998 ], [ -77.662621361999982, -7.739049475999934 ], [ -77.66549336199995, -7.744814850999944 ], [ -77.664535986999965, -7.750048350999975 ], [ -77.663972236999939, -7.750931100999935 ], [ -77.658653736999952, -7.753260725999951 ], [ -77.656611486999964, -7.763184975999934 ], [ -77.654675486999963, -7.766110225999967 ], [ -77.653588986999978, -7.770457100999977 ], [ -77.654021736999937, -7.773504350999929 ], [ -77.655103486999963, -7.774207475999958 ], [ -77.655986986999949, -7.776641600999938 ], [ -77.654634736999981, -7.783944100999975 ], [ -77.654909486999941, -7.785873850999963 ], [ -77.657196486999965, -7.787586350999959 ], [ -77.656332736999957, -7.791523225999981 ], [ -77.656888611999989, -7.79633122599995 ], [ -77.655702986999984, -7.798798850999958 ], [ -77.650682361999941, -7.799751975999925 ], [ -77.648376236999979, -7.801760225999942 ], [ -77.647004361999961, -7.808538350999982 ], [ -77.648546486999976, -7.811469725999928 ], [ -77.650146236999944, -7.81207385099998 ], [ -77.650120736999952, -7.81293335099997 ], [ -77.647063486999969, -7.815190725999969 ], [ -77.64381511199997, -7.820600475999981 ], [ -77.640632486999948, -7.821842850999928 ], [ -77.638062611999942, -7.828020850999962 ], [ -77.636360736999961, -7.829918475999932 ], [ -77.635041736999938, -7.834981725999967 ], [ -77.635177861999978, -7.837866475999931 ], [ -77.633407861999956, -7.840402350999966 ], [ -77.633511736999935, -7.851290350999932 ], [ -77.629976236999937, -7.85915210099995 ], [ -77.624356861999956, -7.864310975999956 ], [ -77.622690486999943, -7.871869600999958 ], [ -77.623620236999955, -7.876542475999941 ], [ -77.629790361999937, -7.880345850999959 ], [ -77.630417986999987, -7.88214497599995 ], [ -77.633227861999956, -7.885012600999971 ], [ -77.635684986999934, -7.890656975999946 ], [ -77.635033611999972, -7.895787975999951 ], [ -77.627396236999971, -7.900356725999927 ], [ -77.627928986999962, -7.908823100999939 ], [ -77.624968611999975, -7.914447725999935 ], [ -77.624036111999942, -7.922005225999953 ], [ -77.627840486999958, -7.932538850999947 ], [ -77.629851986999938, -7.935662225999977 ], [ -77.629097986999966, -7.937802100999932 ], [ -77.626791111999978, -7.940080100999978 ], [ -77.626849986999957, -7.941539975999945 ], [ -77.629529986999955, -7.944529975999956 ], [ -77.632259986999941, -7.945529975999932 ], [ -77.635699986999953, -7.943139975999941 ], [ -77.639309986999933, -7.942379975999927 ], [ -77.651429986999972, -7.934479975999977 ], [ -77.653389986999969, -7.934339975999933 ], [ -77.654159986999957, -7.932649975999936 ], [ -77.656779986999936, -7.930359975999977 ], [ -77.66058998699998, -7.930369975999952 ], [ -77.662149986999964, -7.931539975999954 ], [ -77.663709986999947, -7.930739975999927 ], [ -77.667369986999972, -7.927389975999972 ], [ -77.668969986999969, -7.923149975999934 ], [ -77.672889986999962, -7.917999975999976 ], [ -77.675839986999961, -7.917799975999969 ], [ -77.679739986999948, -7.919869975999973 ], [ -77.686759986999959, -7.917749975999925 ], [ -77.688149986999974, -7.915879975999928 ], [ -77.690379986999972, -7.914709975999926 ], [ -77.699479986999961, -7.913909975999957 ], [ -77.703619986999968, -7.915589975999978 ], [ -77.709519986999965, -7.913139975999968 ], [ -77.714829986999973, -7.913819975999957 ], [ -77.719999986999937, -7.915509975999953 ], [ -77.724109986999963, -7.912999975999981 ], [ -77.728539986999976, -7.911559975999978 ], [ -77.730869986999949, -7.911759975999928 ], [ -77.73352998699994, -7.910209975999976 ], [ -77.733546486999956, -7.908945100999972 ], [ -77.730434486999968, -7.904070100999945 ], [ -77.731619361999947, -7.896153100999925 ], [ -77.734177611999939, -7.890033850999941 ], [ -77.734475861999954, -7.887089225999944 ], [ -77.733256736999977, -7.885961100999964 ], [ -77.730984986999943, -7.88549035099993 ], [ -77.729037611999956, -7.88623847599996 ], [ -77.726481861999957, -7.88594197599997 ], [ -77.724085736999939, -7.884445225999968 ], [ -77.718766861999939, -7.877835975999972 ], [ -77.718109986999934, -7.869789975999936 ], [ -77.716405486999975, -7.863970600999949 ], [ -77.707494361999977, -7.860343975999967 ], [ -77.707611611999937, -7.858484350999959 ], [ -77.712949486999946, -7.853627850999942 ], [ -77.713996486999974, -7.848440600999936 ], [ -77.71758523699998, -7.849520975999951 ], [ -77.721010861999957, -7.852472600999931 ], [ -77.724948736999977, -7.851067100999956 ], [ -77.730292111999972, -7.853138975999968 ], [ -77.733661486999949, -7.85185685099998 ], [ -77.738695236999945, -7.847345975999929 ], [ -77.743516986999964, -7.844408225999928 ], [ -77.752098986999954, -7.841135725999948 ], [ -77.755253361999962, -7.83676935099993 ], [ -77.755755986999986, -7.833188225999947 ], [ -77.759420361999958, -7.825645350999935 ], [ -77.761300111999958, -7.823860725999964 ], [ -77.762228111999946, -7.819672975999936 ], [ -77.764512486999934, -7.818173850999926 ], [ -77.765321486999937, -7.816412975999981 ], [ -77.765773487, -7.813914600999965 ], [ -77.764583861999938, -7.810440600999925 ], [ -77.764788736999947, -7.807116225999948 ], [ -77.772554986999978, -7.79749635099995 ], [ -77.773744736999959, -7.792618475999973 ], [ -77.779763109999976, -7.782568498999979 ], [ -77.781834861999982, -7.775724225999966 ], [ -77.78797723699995, -7.768330975999959 ], [ -77.78822261199997, -7.763463725999941 ], [ -77.790805486999943, -7.758354225999938 ], [ -77.793375236999964, -7.755070600999943 ], [ -77.797302861999981, -7.752624725999965 ], [ -77.797682111999961, -7.747551475999956 ], [ -77.801742486999956, -7.74497572599995 ], [ -77.797255861999986, -7.740527350999969 ], [ -77.794754736999948, -7.73919910099994 ], [ -77.79308748699998, -7.735581475999936 ], [ -77.788427111999965, -7.73376910099995 ], [ -77.785704986999974, -7.73029297599993 ], [ -77.782768361999956, -7.732779475999962 ], [ -77.78191936199994, -7.73688122599998 ], [ -77.778992611999968, -7.738808475999974 ], [ -77.77340086199996, -7.74009347599997 ], [ -77.772948736999979, -7.74330572599996 ], [ -77.770402736999984, -7.745423475999928 ], [ -77.768118486999981, -7.749040225999977 ], [ -77.761741486999938, -7.753632600999936 ], [ -77.758957611999961, -7.756868600999951 ], [ -77.755343611999933, -7.758947975999945 ], [ -77.750784486999976, -7.763814350999951 ], [ -77.748536209999941, -7.765268705999972 ], [ -77.743705236999972, -7.766172350999966 ], [ -77.739064111999937, -7.76871372599993 ], [ -77.736353486999974, -7.768980475999967 ], [ -77.734853611999938, -7.766148475999955 ], [ -77.736139986999945, -7.760629975999962 ], [ -77.735699986999975, -7.753689975999976 ], [ -77.73472998699998, -7.750559975999977 ], [ -77.732939986999952, -7.74817997599996 ], [ -77.730119986999966, -7.745149975999936 ], [ -77.719419986999981, -7.737109975999942 ], [ -77.708760003999942, -7.723969988999954 ], [ -77.703009986999973, -7.721499975999961 ], [ -77.691299986999979, -7.713459975999967 ], [ -77.686499986999934, -7.707249975999957 ], [ -77.679609986999935, -7.705509975999973 ], [ -77.669329986999969, -7.701049975999979 ], [ -77.668529986999943, -7.699619975999951 ], [ -77.669259986999975, -7.696799975999966 ], [ -77.668279986999949, -7.69399997599993 ], [ -77.668669986999987, -7.691729975999976 ], [ -77.670073611999953, -7.690294725999934 ], [ -77.668365361999975, -7.690394475999938 ] ] ] } },
{ "type": "Feature", "properties": { "ubigeo": "130904", "departamento": "LA LIBERTAD", "provincia": "SANCHEZ CARRION", "capital": "CURGOS", "distrito": "CURGOS", "gasto_mef_2012": 8899770.95, "gasto_mef_2013": 12705563.47, "gasto_mef_2014": 15271033.63, "gasto_mef_2015": 8924759.87, "gasto_mef_2016": 17747246.960000012, "gasto_mef_2017": 14610715.65, "gasto_mef_2018": 20092506.2, "gasto_mef_2019": 41530492.539999984, "gasto_mef_2020": 16192471.03, "gasto_mef_2021": 23863574.7, "gasto_mef_2022": 14342248.05, "gasto_mef_2023": 10292604.71, "gasto_mef_2024": 11166754.23, "gasto_mef_2025": 17123015.89, "gasto_mef_2026": 2587860.55, "num_establecimientos_salud": 1, "num_ie_activas": 52, "num_ie_inactivas": 19, "num_ie_total": 71, "poblacion_2017": 8523, "ie_activas_per_1000hab": 6.1011380969142319, "establecimientos_salud_per_1000hab": 0.11732957878681215, "gasto_mef_2026_per_capita": 303.63258829050812, "gasto_mef_promedio_periodo": 15690041.228666669, "gasto_mef_promedio_per_capita": 1840.9059285071769, "log_gasto_mef_2026": 14.766342436263107, "log_poblacion_2017": 9.0506409932185079, "tendencia_gasto_mef": -101207.10614280279, "tendencia_gasto_mef_per_capita": -11.874587133967241, "proporcion_ie_inactivas": 0.26760563380281688, "area_km2": 98.409885637544619, "densidad_poblacional": 86.607152775192006, "log_densidad_poblacional": 4.4728626472937867, "comunidad_louvain": 7, "cluster_graphsage": 1 }, "geometry": { "type": "Polygon", "coordinates": [ [ [ -77.940669986999978, -7.789009975999932 ], [ -77.938869986999975, -7.789749975999939 ], [ -77.93624998699994, -7.79264997599995 ], [ -77.932879986999978, -7.793899975999977 ], [ -77.926039986999967, -7.798789975999966 ], [ -77.923049986999956, -7.798039975999927 ], [ -77.915962111999988, -7.799200475999953 ], [ -77.907189986999981, -7.797599975999958 ], [ -77.908149986999945, -7.799819975999981 ], [ -77.905789986999935, -7.803259975999936 ], [ -77.906249986999967, -7.809789850999948 ], [ -77.89893011199996, -7.822789975999967 ], [ -77.899022361999982, -7.824857475999977 ], [ -77.901158236999947, -7.827203100999952 ], [ -77.903748236999945, -7.833204225999964 ], [ -77.902601111999957, -7.841219100999979 ], [ -77.903019986999936, -7.843869975999951 ], [ -77.906702361999976, -7.849474975999954 ], [ -77.909901736999984, -7.851876850999929 ], [ -77.910193361999973, -7.854580225999939 ], [ -77.913999986999954, -7.861739975999967 ], [ -77.921829986999967, -7.869819975999974 ], [ -77.923690004999969, -7.873099989999957 ], [ -77.927589986999976, -7.875409975999958 ], [ -77.929049986999985, -7.877779975999943 ], [ -77.931649986999957, -7.878869975999976 ], [ -77.934249986999987, -7.882069975999968 ], [ -77.936809986999947, -7.882749975999957 ], [ -77.940449986999965, -7.885069975999954 ], [ -77.944349986999953, -7.890959975999976 ], [ -77.944519986999978, -7.895619975999978 ], [ -77.947149986999989, -7.897959975999981 ], [ -77.949409986999967, -7.897419975999981 ], [ -77.952049986999953, -7.899629975999972 ], [ -77.959719986999971, -7.902479975999938 ], [ -77.961749986999962, -7.904399975999979 ], [ -77.965699986999937, -7.905279975999974 ], [ -77.973789986999975, -7.905349975999968 ], [ -77.975939986999947, -7.904049975999953 ], [ -77.979539986999953, -7.904949975999955 ], [ -77.982419986999957, -7.903259975999958 ], [ -77.985279986999956, -7.904189975999941 ], [ -77.98502911199995, -7.90220760099993 ], [ -77.986242111999957, -7.900247975999946 ], [ -77.990456736999988, -7.899081600999978 ], [ -77.993306611999969, -7.895982600999957 ], [ -77.997267111999975, -7.895004225999969 ], [ -77.998793736999971, -7.893700225999964 ], [ -78.003536236999935, -7.882704975999957 ], [ -78.006506736999938, -7.879952350999929 ], [ -78.007810861999985, -7.875697975999969 ], [ -78.007683611999937, -7.873932725999964 ], [ -78.004550736999988, -7.869066350999958 ], [ -78.001986361999968, -7.860228975999973 ], [ -77.996079986999973, -7.856398600999967 ], [ -77.994389986999977, -7.846389975999955 ], [ -77.990769986999965, -7.839609975999963 ], [ -77.989779986999963, -7.834009975999948 ], [ -77.985119986999962, -7.829619975999947 ], [ -77.985229986999968, -7.826779975999955 ], [ -77.986939986999971, -7.824849975999939 ], [ -77.989519986999937, -7.818819975999929 ], [ -77.993549986999938, -7.815259975999936 ], [ -77.990263986999935, -7.813942725999937 ], [ -77.986081736999949, -7.810805975999926 ], [ -77.978046486999972, -7.81067860099995 ], [ -77.973813736999944, -7.808543725999925 ], [ -77.970522234999976, -7.809325678999926 ], [ -77.968620611999938, -7.807215975999952 ], [ -77.967400736999934, -7.803068725999935 ], [ -77.965170236999938, -7.802824725999926 ], [ -77.961022736999951, -7.804114225999967 ], [ -77.958781861999967, -7.803288475999977 ], [ -77.953151236999986, -7.800183100999959 ], [ -77.946205736999957, -7.789999225999964 ], [ -77.940669986999978, -7.789009975999932 ] ] ] } },
{ "type": "Feature", "properties": { "ubigeo": "130905", "departamento": "LA LIBERTAD", "provincia": "SANCHEZ CARRION", "capital": "MARCABAL", "distrito": "MARCABAL", "gasto_mef_2012": 16234347.94000001, "gasto_mef_2013": 24634463.46, "gasto_mef_2014": 19245167.38, "gasto_mef_2015": 10079034.46, "gasto_mef_2016": 14536412.98, "gasto_mef_2017": 18940005.78, "gasto_mef_2018": 20620998.26000001, "gasto_mef_2019": 9692892.08, "gasto_mef_2020": 23727846.62000001, "gasto_mef_2021": 31510613.720000032, "gasto_mef_2022": 23584414.240000039, "gasto_mef_2023": 26917737.1, "gasto_mef_2024": 17466658.07000001, "gasto_mef_2025": 17052374.98, "gasto_mef_2026": 9167244.52, "num_establecimientos_salud": 6, "num_ie_activas": 85, "num_ie_inactivas": 29, "num_ie_total": 114, "poblacion_2017": 11824, "ie_activas_per_1000hab": 7.1887686062246274, "establecimientos_salud_per_1000hab": 0.50744248985115015, "gasto_mef_2026_per_capita": 775.30823071718532, "gasto_mef_promedio_periodo": 18894014.106000006, "gasto_mef_promedio_per_capita": 1597.9375935385663, "log_gasto_mef_2026": 16.031147419611326, "log_poblacion_2017": 9.3779712133601336, "tendencia_gasto_mef": 67471.704321441779, "tendencia_gasto_mef_per_capita": 5.7063349392288378, "proporcion_ie_inactivas": 0.25438596491228072, "area_km2": 235.68847498119871, "densidad_poblacional": 50.167917633406645, "log_densidad_poblacional": 3.9351127269216413, "comunidad_louvain": 7, "cluster_graphsage": 1 }, "geometry": { "type": "Polygon", "coordinates": [ [ [ -77.869479986999977, -7.585169975999975 ], [ -77.86742998699998, -7.58905997599993 ], [ -77.867919986999937, -7.59174997599996 ], [ -77.866849986999966, -7.59648997599993 ], [ -77.865369986999951, -7.599159975999953 ], [ -77.866259986999978, -7.608629975999975 ], [ -77.864699986999938, -7.614729975999978 ], [ -77.863239986999986, -7.616739975999963 ], [ -77.858179986999971, -7.619669975999955 ], [ -77.855049986999973, -7.622629975999928 ], [ -77.851959986999987, -7.627949975999968 ], [ -77.845449986999938, -7.635899975999962 ], [ -77.844909986999937, -7.638089975999947 ], [ -77.839744111999948, -7.646237850999967 ], [ -77.84359898699995, -7.656347850999964 ], [ -77.846539986999971, -7.659939975999976 ], [ -77.848379986999987, -7.666909975999943 ], [ -77.848726236999937, -7.672754850999979 ], [ -77.854239986999971, -7.68409997599997 ], [ -77.854559986999959, -7.688989975999959 ], [ -77.85885998699996, -7.698509975999968 ], [ -77.859907611999972, -7.703609725999968 ], [ -77.859588361999954, -7.705959850999932 ], [ -77.86446998699995, -7.72086997599996 ], [ -77.870959986999935, -7.728419975999941 ], [ -77.871169986999973, -7.731939975999978 ], [ -77.872329986999944, -7.734359975999951 ], [ -77.877859986999965, -7.741169975999981 ], [ -77.881109986999945, -7.749099975999968 ], [ -77.896719986999983, -7.741049975999942 ], [ -77.900099986999976, -7.736189975999935 ], [ -77.903612986999974, -7.727508475999969 ], [ -77.906125111999984, -7.72532072599995 ], [ -77.910371986999962, -7.723345350999978 ], [ -77.915967111999976, -7.722871350999981 ], [ -77.917674236999972, -7.721995475999961 ], [ -77.922195361999968, -7.711656225999945 ], [ -77.923789111999952, -7.704443350999952 ], [ -77.927792236999949, -7.697014850999949 ], [ -77.929181611999979, -7.696172725999929 ], [ -77.93206386199995, -7.696597850999979 ], [ -77.933414611999979, -7.694565725999951 ], [ -77.934753224999952, -7.694266846999938 ], [ -77.939226539999936, -7.696246817999963 ], [ -77.940160236999986, -7.699300725999933 ], [ -77.939145737, -7.704837850999979 ], [ -77.942911236999976, -7.706681725999943 ], [ -77.945859986999949, -7.71367997599998 ], [ -77.945029986999941, -7.718379975999937 ], [ -77.941719986999942, -7.723919975999934 ], [ -77.940839986999947, -7.730769975999976 ], [ -77.943209986999989, -7.736719975999961 ], [ -77.946529986999963, -7.740079975999947 ], [ -77.952059986999984, -7.743809975999966 ], [ -77.954009986999949, -7.747749975999966 ], [ -77.959949986999959, -7.75142997599994 ], [ -77.961559986999987, -7.753279975999931 ], [ -77.966849986999989, -7.752179975999979 ], [ -77.971759986999984, -7.754039975999945 ], [ -77.972069986999941, -7.755779975999928 ], [ -77.970373244999962, -7.75923535499993 ], [ -77.972183986999937, -7.759311475999937 ], [ -77.973843861999967, -7.757962975999931 ], [ -77.981732361999946, -7.746828100999949 ], [ -77.984456361999946, -7.744875975999946 ], [ -77.990809486999979, -7.744756975999962 ], [ -77.997876486999985, -7.742068225999958 ], [ -78.000803236999957, -7.74247272599996 ], [ -78.004236361999972, -7.74153047599998 ], [ -78.00952648699996, -7.744402600999933 ], [ -78.019419986999935, -7.746939975999965 ], [ -78.024179986999968, -7.749349975999962 ], [ -78.025579986999958, -7.749509975999956 ], [ -78.027499986999942, -7.748459975999936 ], [ -78.032239986999969, -7.749629975999937 ], [ -78.036379986999975, -7.749049975999981 ], [ -78.039969986999949, -7.749829975999944 ], [ -78.049719986999946, -7.756239975999961 ], [ -78.051309986999968, -7.75605997599996 ], [ -78.049689986999965, -7.750012225999967 ], [ -78.049837611999976, -7.742336350999949 ], [ -78.051195611999958, -7.735900600999969 ], [ -78.053473361999977, -7.73059060099996 ], [ -78.062581861999945, -7.720999100999961 ], [ -78.065049986999952, -7.714369975999944 ], [ -78.068189986999982, -7.712239975999978 ], [ -78.068669986999964, -7.710839975999932 ], [ -78.075129986999968, -7.707969975999958 ], [ -78.078976236999949, -7.699375850999957 ], [ -78.08122111199998, -7.696168850999925 ], [ -78.07811998699998, -7.693839975999936 ], [ -78.074379986999986, -7.693189975999928 ], [ -78.068379986999958, -7.689759975999948 ], [ -78.063209986999937, -7.688809975999959 ], [ -78.050929986999961, -7.678919975999975 ], [ -78.049569986999984, -7.678559975999974 ], [ -78.043819986999949, -7.678169975999936 ], [ -78.035069986999986, -7.679789975999938 ], [ -78.027589986999942, -7.682589975999974 ], [ -78.022699986999953, -7.681209975999934 ], [ -78.021329986999945, -7.68164997599996 ], [ -78.01561998699998, -7.679619975999969 ], [ -78.004229986999974, -7.679759975999957 ], [ -77.998642236999956, -7.679073975999927 ], [ -77.990054361999967, -7.674892350999926 ], [ -77.978501236999989, -7.67059360099995 ], [ -77.976248736999935, -7.66815272599996 ], [ -77.973846236999975, -7.667036850999978 ], [ -77.966728486999955, -7.675148475999947 ], [ -77.962802236999948, -7.674313600999938 ], [ -77.962616611999977, -7.673429100999954 ], [ -77.964134361999982, -7.671092600999941 ], [ -77.96470798699994, -7.66619372599996 ], [ -77.96093673699994, -7.662713475999965 ], [ -77.960564111999986, -7.661170350999953 ], [ -77.961571861999971, -7.658589975999973 ], [ -77.960138986999937, -7.655261225999936 ], [ -77.957823986999983, -7.654800225999963 ], [ -77.95276936199997, -7.658181600999967 ], [ -77.948348861999989, -7.659731475999934 ], [ -77.94089923699994, -7.657459600999971 ], [ -77.938926736999974, -7.658199225999965 ], [ -77.936584236999977, -7.657477225999969 ], [ -77.934876111999984, -7.653673100999981 ], [ -77.931952487, -7.652493100999948 ], [ -77.939421612, -7.647982100999968 ], [ -77.939094736999948, -7.643867975999967 ], [ -77.940503236999973, -7.640627350999978 ], [ -77.926688611999964, -7.637367600999937 ], [ -77.925974486999962, -7.635334350999926 ], [ -77.921550736999961, -7.631158850999952 ], [ -77.920044986999983, -7.628582225999935 ], [ -77.913137861999985, -7.625865850999958 ], [ -77.912901486999942, -7.624406475999933 ], [ -77.915956986999959, -7.619322225999952 ], [ -77.915695736999965, -7.616912100999969 ], [ -77.917898736999973, -7.612859475999926 ], [ -77.919309861999977, -7.605715975999942 ], [ -77.920756486999949, -7.602619975999971 ], [ -77.923097736999978, -7.600518475999934 ], [ -77.922419986999955, -7.599739975999967 ], [ -77.915049986999975, -7.598549975999958 ], [ -77.912699986999939, -7.596909975999949 ], [ -77.907229986999937, -7.596439975999942 ], [ -77.904879986999958, -7.594779975999927 ], [ -77.899089986999968, -7.593019975999937 ], [ -77.897179986999959, -7.591339975999972 ], [ -77.887889986999937, -7.588209975999973 ], [ -77.88547998699994, -7.589039975999981 ], [ -77.881519986999933, -7.588449975999936 ], [ -77.87855998699996, -7.587649975999966 ], [ -77.876169986999969, -7.585229975999937 ], [ -77.869479986999977, -7.585169975999975 ] ] ] } },
{ "type": "Feature", "properties": { "ubigeo": "130906", "departamento": "LA LIBERTAD", "provincia": "SANCHEZ CARRION", "capital": "SANAGORAN", "distrito": "SANAGORAN", "gasto_mef_2012": 34642761.1, "gasto_mef_2013": 36060989.72000001, "gasto_mef_2014": 24538205.17, "gasto_mef_2015": 22742285.14, "gasto_mef_2016": 30289793.65, "gasto_mef_2017": 35886188.8, "gasto_mef_2018": 32016477.669999972, "gasto_mef_2019": 33904763.56, "gasto_mef_2020": 19901414.28999998, "gasto_mef_2021": 24038070.5, "gasto_mef_2022": 21384037.209999982, "gasto_mef_2023": 25844769.420000017, "gasto_mef_2024": 25523585.75000003, "gasto_mef_2025": 24768912.29000001, "gasto_mef_2026": 12495498.73, "num_establecimientos_salud": 4, "num_ie_activas": 97, "num_ie_inactivas": 24, "num_ie_total": 121, "poblacion_2017": 14228, "ie_activas_per_1000hab": 6.817542873207759, "establecimientos_salud_per_1000hab": 0.281135788585887, "gasto_mef_2026_per_capita": 878.23297230812432, "gasto_mef_promedio_periodo": 26935850.2, "gasto_mef_promedio_per_capita": 1893.1578718020805, "log_gasto_mef_2026": 16.340879115849194, "log_poblacion_2017": 9.5630374145456916, "tendencia_gasto_mef": -957053.68017852912, "tendencia_gasto_mef_per_capita": -67.265510274004015, "proporcion_ie_inactivas": 0.19834710743801653, "area_km2": 337.34592297487325, "densidad_poblacional": 42.176291548244834, "log_densidad_poblacional": 3.7652915378469256, "comunidad_louvain": 7, "cluster_graphsage": 1 }, "geometry": { "type": "Polygon", "coordinates": [ [ [ -78.128589861999956, -7.653388725999946 ], [ -78.123847361999935, -7.655211725999948 ], [ -78.116053361999946, -7.654007350999962 ], [ -78.112679986999979, -7.659109975999968 ], [ -78.109679986999936, -7.660619975999964 ], [ -78.10551998699998, -7.664149975999976 ], [ -78.103809986999977, -7.666969975999962 ], [ -78.09332823699998, -7.675342100999956 ], [ -78.090635361999944, -7.681586600999935 ], [ -78.085386611999979, -7.68803460099997 ], [ -78.078976236999949, -7.699375850999957 ], [ -78.076249978999954, -7.70586001099997 ], [ -78.077649986999972, -7.71349997599998 ], [ -78.078949986999987, -7.715989975999946 ], [ -78.078759986999955, -7.721479975999955 ], [ -78.083439986999963, -7.731899975999966 ], [ -78.082979986999987, -7.734659975999932 ], [ -78.084679986999959, -7.738099975999944 ], [ -78.084539986999971, -7.739639975999978 ], [ -78.087099986999988, -7.741659975999937 ], [ -78.089409986999954, -7.742099975999963 ], [ -78.09258998699994, -7.745619975999944 ], [ -78.108599986999934, -7.745499975999962 ], [ -78.110149986999943, -7.74432997599996 ], [ -78.111789986999952, -7.746229975999938 ], [ -78.114529986999969, -7.746439975999976 ], [ -78.116369986999985, -7.747709975999953 ], [ -78.115299986999958, -7.753809975999957 ], [ -78.115999986999952, -7.760209975999942 ], [ -78.119999986999971, -7.763699975999941 ], [ -78.120419986999934, -7.76551997599995 ], [ -78.123609986999952, -7.76978997599997 ], [ -78.128329986999972, -7.774069975999964 ], [ -78.123500361999959, -7.781451975999971 ], [ -78.114389736999954, -7.788315225999952 ], [ -78.112536861999956, -7.792722100999981 ], [ -78.107845861999976, -7.79444485099998 ], [ -78.10524086199996, -7.796614725999973 ], [ -78.10206048699996, -7.803836850999971 ], [ -78.102645736999989, -7.807204850999938 ], [ -78.105976236999936, -7.811800475999974 ], [ -78.103418361999957, -7.82110047599997 ], [ -78.104020736999985, -7.822262225999964 ], [ -78.111550111999975, -7.826564725999958 ], [ -78.112539736999963, -7.827855475999968 ], [ -78.11327111199995, -7.832588225999928 ], [ -78.115121236999983, -7.836890725999979 ], [ -78.116465861999984, -7.837426850999975 ], [ -78.121448861999966, -7.83057572599995 ], [ -78.125263611999969, -7.828310600999941 ], [ -78.128754611999966, -7.82820510099998 ], [ -78.137073236999981, -7.830106600999954 ], [ -78.142098236999971, -7.82897060099998 ], [ -78.146342736999941, -7.829235100999938 ], [ -78.148085611999988, -7.828720100999931 ], [ -78.15701473699994, -7.822164850999968 ], [ -78.161849986999982, -7.821479975999978 ], [ -78.160639986999968, -7.824709975999951 ], [ -78.160109986999942, -7.830669975999967 ], [ -78.158419986999945, -7.831639975999963 ], [ -78.15637998699998, -7.834889975999943 ], [ -78.156839986999955, -7.837879975999954 ], [ -78.154769986999952, -7.842179975999954 ], [ -78.154579986999977, -7.844789975999959 ], [ -78.147049986999946, -7.854339975999949 ], [ -78.144189986999947, -7.859859975999939 ], [ -78.142089986999963, -7.862169975999961 ], [ -78.14001998699996, -7.867329975999951 ], [ -78.13986998699994, -7.870109975999981 ], [ -78.141969986999982, -7.87350997599998 ], [ -78.14213998699995, -7.875939975999927 ], [ -78.144269986999973, -7.877639975999955 ], [ -78.145259986999974, -7.886259975999963 ], [ -78.150739986999952, -7.88982997599993 ], [ -78.155519986999934, -7.89678997599998 ], [ -78.161589986999957, -7.900979975999974 ], [ -78.16690998699994, -7.906649975999926 ], [ -78.169349986999975, -7.911409975999959 ], [ -78.170478611999954, -7.922369100999958 ], [ -78.171398486999976, -7.923554725999963 ], [ -78.174081986999965, -7.924572225999952 ], [ -78.18056517499997, -7.930938663999939 ], [ -78.186236361999988, -7.938319475999947 ], [ -78.187652236999952, -7.941374350999979 ], [ -78.191169986999967, -7.93961997599996 ], [ -78.192969986999969, -7.937109975999931 ], [ -78.198049986999933, -7.923059975999934 ], [ -78.203399986999955, -7.913459975999956 ], [ -78.205909986999984, -7.911029975999952 ], [ -78.208289986999944, -7.904319975999954 ], [ -78.210499986999935, -7.902329975999976 ], [ -78.211559986999987, -7.897299975999942 ], [ -78.214629986999967, -7.894459975999951 ], [ -78.214619986999935, -7.900069975999941 ], [ -78.216249986999969, -7.902099975999931 ], [ -78.217419986999971, -7.901999975999956 ], [ -78.223219986999936, -7.895719975999953 ], [ -78.236769986999946, -7.888149975999966 ], [ -78.243469986999969, -7.881649975999949 ], [ -78.247139986999969, -7.881421600999943 ], [ -78.253005861999952, -7.886529350999979 ], [ -78.253393236999955, -7.875671350999937 ], [ -78.250215987, -7.865638100999945 ], [ -78.250053111999989, -7.861763725999936 ], [ -78.250854361999984, -7.859393850999936 ], [ -78.248878236999985, -7.854935975999979 ], [ -78.248948236999979, -7.853436850999969 ], [ -78.252055361999965, -7.846574975999943 ], [ -78.252318361999983, -7.837175725999941 ], [ -78.25325036199996, -7.83441772599997 ], [ -78.257558236999955, -7.82824760099993 ], [ -78.269010736999974, -7.815199850999932 ], [ -78.269665895999935, -7.813348303999931 ], [ -78.269553611999982, -7.806883100999926 ], [ -78.272896486999969, -7.797232475999976 ], [ -78.271488236999971, -7.791845725999963 ], [ -78.273345361999986, -7.78491010099998 ], [ -78.273048486999983, -7.783162725999944 ], [ -78.270334361999971, -7.781935725999972 ], [ -78.267471611999952, -7.776916600999925 ], [ -78.261262736999981, -7.773012850999976 ], [ -78.262898611999958, -7.766469350999955 ], [ -78.261113986999987, -7.762714225999957 ], [ -78.261154361999957, -7.754023975999928 ], [ -78.258086361999972, -7.753883975999941 ], [ -78.256331486999954, -7.754955975999962 ], [ -78.250680236999983, -7.754301600999952 ], [ -78.246577861999981, -7.756742350999957 ], [ -78.243631986999958, -7.754295600999967 ], [ -78.235132111999974, -7.757322975999955 ], [ -78.230969736999953, -7.757031850999965 ], [ -78.224653111999942, -7.759331475999943 ], [ -78.222777986999972, -7.763187100999971 ], [ -78.22182036199996, -7.763460975999976 ], [ -78.218138736999947, -7.758253600999979 ], [ -78.213134611999976, -7.757525975999954 ], [ -78.212960362, -7.755539225999939 ], [ -78.216298861999974, -7.749085100999935 ], [ -78.216476611999951, -7.747287100999927 ], [ -78.211641486999952, -7.743205100999944 ], [ -78.211262986999941, -7.74189522599994 ], [ -78.213094736999949, -7.738358725999944 ], [ -78.216072361999977, -7.735777225999925 ], [ -78.219481736999967, -7.729173600999957 ], [ -78.219350736999957, -7.724458100999925 ], [ -78.215895861999968, -7.723917850999953 ], [ -78.21498898699997, -7.725506975999963 ], [ -78.21263111199994, -7.727107975999957 ], [ -78.206742361999943, -7.728775350999967 ], [ -78.198087361999967, -7.729085850999979 ], [ -78.191609486999937, -7.726152850999938 ], [ -78.191572361999988, -7.719174475999978 ], [ -78.190287111999965, -7.717503850999947 ], [ -78.181773486999987, -7.714458975999946 ], [ -78.178338737, -7.71185860099996 ], [ -78.177120361999982, -7.711916350999957 ], [ -78.174930736999954, -7.714025475999961 ], [ -78.171345111999983, -7.713393850999978 ], [ -78.164757111999961, -7.704247850999934 ], [ -78.161023486999966, -7.696156225999971 ], [ -78.158862736999936, -7.693350725999949 ], [ -78.157451236999975, -7.692917600999976 ], [ -78.154558736999945, -7.693686100999969 ], [ -78.149114361999978, -7.691651225999976 ], [ -78.147151986999972, -7.687105100999929 ], [ -78.143969236999965, -7.684173600999941 ], [ -78.141003861999934, -7.682720850999942 ], [ -78.140404486999955, -7.679775225999947 ], [ -78.141568986999971, -7.677857225999958 ], [ -78.140033736999953, -7.67539097599996 ], [ -78.142147861999945, -7.668401850999942 ], [ -78.142303861999949, -7.664832475999958 ], [ -78.137625236999952, -7.661289475999979 ], [ -78.131844736999938, -7.659883350999962 ], [ -78.128589861999956, -7.653388725999946 ] ] ] } },
{ "type": "Feature", "properties": { "ubigeo": "130907", "departamento": "LA LIBERTAD", "provincia": "SANCHEZ CARRION", "capital": "SARIN", "distrito": "SARIN", "gasto_mef_2012": 12187111.23, "gasto_mef_2013": 15328757.99, "gasto_mef_2014": 16211361.01, "gasto_mef_2015": 11945564.39, "gasto_mef_2016": 9593190.45, "gasto_mef_2017": 15747156.36, "gasto_mef_2018": 7707553.87, "gasto_mef_2019": 14534217.61, "gasto_mef_2020": 17064719.59, "gasto_mef_2021": 12435507.35000001, "gasto_mef_2022": 16216708.51, "gasto_mef_2023": 16369663.73, "gasto_mef_2024": 15789218.010000013, "gasto_mef_2025": 15298360.999999998, "gasto_mef_2026": 4546646.64, "num_establecimientos_salud": 5, "num_ie_activas": 73, "num_ie_inactivas": 25, "num_ie_total": 98, "poblacion_2017": 9586, "ie_activas_per_1000hab": 7.6152722720634261, "establecimientos_salud_per_1000hab": 0.52159399123722094, "gasto_mef_2026_per_capita": 474.30071354058015, "gasto_mef_promedio_periodo": 13398382.516000003, "gasto_mef_promedio_per_capita": 1397.7031625286879, "log_gasto_mef_2026": 15.329900736951991, "log_poblacion_2017": 9.1681632930769972, "tendencia_gasto_mef": -55269.749392835191, "tendencia_gasto_mef_per_capita": -5.7656738360979753, "proporcion_ie_inactivas": 0.25510204081632654, "area_km2": 336.03401265660528, "densidad_poblacional": 28.526874182215529, "log_densidad_poblacional": 3.385300837874571, "comunidad_louvain": 7, "cluster_graphsage": 1 }, "geometry": { "type": "Polygon", "coordinates": [ [ [ -77.899022361999982, -7.824857475999977 ], [ -77.897110736999934, -7.832492850999927 ], [ -77.893509861999974, -7.837400350999928 ], [ -77.891212736999989, -7.842279350999945 ], [ -77.879958986999952, -7.853458975999956 ], [ -77.87288786199997, -7.863637600999937 ], [ -77.867372986999953, -7.869752350999931 ], [ -77.86688811199997, -7.878307350999933 ], [ -77.86330298699994, -7.883196350999981 ], [ -77.861292486999957, -7.893486725999935 ], [ -77.856261736999954, -7.900068350999959 ], [ -77.851662986999941, -7.904259475999936 ], [ -77.847046111999987, -7.905534600999943 ], [ -77.837973611999985, -7.905995100999974 ], [ -77.827337111999952, -7.920081225999979 ], [ -77.825544736999973, -7.920660350999981 ], [ -77.823346236999953, -7.920352475999948 ], [ -77.817884361999972, -7.916296225999929 ], [ -77.812543111999958, -7.914862350999954 ], [ -77.808137361999968, -7.912296975999936 ], [ -77.798599361999948, -7.910798600999954 ], [ -77.789764986999955, -7.905663725999943 ], [ -77.782073736999962, -7.909941600999957 ], [ -77.780632611999977, -7.909956850999947 ], [ -77.774488486999985, -7.906680100999949 ], [ -77.764787736999949, -7.906212975999949 ], [ -77.761617361999981, -7.904998100999933 ], [ -77.756586486999936, -7.900945350999962 ], [ -77.75278511199997, -7.90128710099998 ], [ -77.750747986999954, -7.902529350999941 ], [ -77.746861861999946, -7.908316600999967 ], [ -77.744720736999966, -7.917017600999941 ], [ -77.744865111999957, -7.919170475999977 ], [ -77.749324361999982, -7.923987850999936 ], [ -77.749093111999969, -7.926623725999946 ], [ -77.746417361999988, -7.929738850999968 ], [ -77.741229111999985, -7.932487975999948 ], [ -77.739809986999944, -7.935160975999963 ], [ -77.742506361999972, -7.941501725999956 ], [ -77.74197298699994, -7.943220225999937 ], [ -77.737905111999964, -7.948393225999951 ], [ -77.736365986999942, -7.952296975999957 ], [ -77.739242861999969, -7.958394100999953 ], [ -77.738917361999938, -7.960923600999934 ], [ -77.735661861999972, -7.963131225999973 ], [ -77.731069361999971, -7.964464600999975 ], [ -77.728372986999943, -7.963812725999958 ], [ -77.723835736999945, -7.958878475999938 ], [ -77.718253736999941, -7.958537100999934 ], [ -77.719364611999936, -7.967942350999976 ], [ -77.723813611999958, -7.968669725999973 ], [ -77.72805286199997, -7.972795475999931 ], [ -77.735068361999936, -7.975748100999965 ], [ -77.740519486999972, -7.980128725999975 ], [ -77.752009361999967, -7.98603985099993 ], [ -77.75626411199994, -7.990678725999942 ], [ -77.757486361999952, -7.994602100999941 ], [ -77.757279986999947, -7.996629975999952 ], [ -77.753510156999937, -8.000190069999974 ], [ -77.755309986999976, -8.002419975999942 ], [ -77.759712861999958, -8.003705725999964 ], [ -77.764119986999958, -8.003129975999968 ], [ -77.76773998699997, -8.00411997599997 ], [ -77.775999986999977, -8.003359975999956 ], [ -77.781529986999942, -8.007489975999931 ], [ -77.787599986999965, -8.006709975999968 ], [ -77.789579986999968, -8.007909975999951 ], [ -77.795819986999959, -8.006699975999936 ], [ -77.79722998699998, -8.007309975999931 ], [ -77.799379986999952, -8.006649975999949 ], [ -77.804189986999972, -8.007257725999978 ], [ -77.806702111999982, -8.004288225999971 ], [ -77.81017998699997, -8.002199975999929 ], [ -77.815329986999984, -7.99432997599996 ], [ -77.821236486999965, -7.990485225999976 ], [ -77.824684736999984, -7.987460975999966 ], [ -77.82673523699998, -7.983783475999928 ], [ -77.832071611999936, -7.981159100999946 ], [ -77.837954611999976, -7.975243975999945 ], [ -77.847409861999949, -7.981392350999954 ], [ -77.853274111999951, -7.982863975999976 ], [ -77.86003636199996, -7.986437100999979 ], [ -77.864588236999964, -7.987199350999958 ], [ -77.867329986999948, -7.986379975999967 ], [ -77.871299986999986, -7.982709975999967 ], [ -77.877359986999977, -7.979319975999942 ], [ -77.878775736999955, -7.988433475999955 ], [ -77.885492111999952, -7.998049475999949 ], [ -77.887815861999968, -7.99958722599996 ], [ -77.891677361999939, -7.994734850999976 ], [ -77.90560936199995, -7.993077475999939 ], [ -77.910199986999942, -7.994952350999938 ], [ -77.916178861999981, -7.994803100999945 ], [ -77.917830111999933, -7.99976397599994 ], [ -77.919991486999947, -8.000221350999936 ], [ -77.923987111999963, -7.998245475999965 ], [ -77.92547998699996, -7.996533100999955 ], [ -77.924490236999986, -7.992277350999927 ], [ -77.929760986999952, -7.988379350999935 ], [ -77.932478986999968, -7.984107225999935 ], [ -77.952657736999981, -7.975447850999956 ], [ -77.956850611999982, -7.971873100999971 ], [ -77.960639986999979, -7.970639975999973 ], [ -77.961880486999974, -7.974865350999949 ], [ -77.962174111999957, -7.979910350999944 ], [ -77.958463736999988, -7.994511350999971 ], [ -77.958643111999947, -8.000487975999931 ], [ -77.968500361999986, -8.011648100999935 ], [ -77.970633861999943, -8.012773225999979 ], [ -77.973110236999958, -8.012273475999962 ], [ -77.979924736999976, -7.996546225999964 ], [ -77.984009611999966, -7.99136572599997 ], [ -77.985629236999955, -7.982319225999959 ], [ -77.99418486199994, -7.984309850999978 ], [ -78.003654611999934, -7.984217100999956 ], [ -78.005296986999952, -7.983675475999974 ], [ -78.007108236999954, -7.981227600999944 ], [ -78.004727111999955, -7.97585860099997 ], [ -78.004515611999977, -7.97350185099998 ], [ -78.008636111999976, -7.96709947599993 ], [ -78.010872611999957, -7.965490225999929 ], [ -78.010210736999966, -7.962433350999959 ], [ -78.012826486999984, -7.95925035099998 ], [ -78.012103111999977, -7.956550600999947 ], [ -78.013582861999964, -7.950961975999974 ], [ -78.018908861999989, -7.944343850999928 ], [ -78.021240861999956, -7.942578850999951 ], [ -78.02235411199996, -7.93895947599998 ], [ -78.021071486999972, -7.931372225999951 ], [ -78.022055611999974, -7.925876100999972 ], [ -78.025377236999987, -7.916165100999933 ], [ -78.02911211199995, -7.911987350999937 ], [ -78.026976611999942, -7.910269475999939 ], [ -78.024646486999984, -7.909994100999938 ], [ -78.020243486999959, -7.907914975999972 ], [ -78.019037111999978, -7.904785100999959 ], [ -78.017580111999962, -7.903583975999936 ], [ -78.015470736999987, -7.90271097599998 ], [ -78.012872861999938, -7.903480725999941 ], [ -78.009865986999955, -7.902648725999939 ], [ -78.008755486999974, -7.900751475999925 ], [ -78.010329986999977, -7.898619975999964 ], [ -78.010219986999971, -7.897179975999961 ], [ -78.007119810999939, -7.893960014999948 ], [ -78.003749986999935, -7.894559975999925 ], [ -77.996819986999981, -7.901209975999961 ], [ -77.991499986999941, -7.902979975999926 ], [ -77.986699986999952, -7.903159975999927 ], [ -77.985279986999956, -7.904189975999941 ], [ -77.982419986999957, -7.903259975999958 ], [ -77.979539986999953, -7.904949975999955 ], [ -77.975939986999947, -7.904049975999953 ], [ -77.973789986999975, -7.905349975999968 ], [ -77.969839986999943, -7.905799975999969 ], [ -77.962229986999944, -7.904619975999935 ], [ -77.959719986999971, -7.902479975999938 ], [ -77.950959986999976, -7.899059975999933 ], [ -77.949409986999967, -7.897419975999981 ], [ -77.947149986999989, -7.897959975999981 ], [ -77.944519986999978, -7.895619975999978 ], [ -77.944349986999953, -7.890959975999976 ], [ -77.940449986999965, -7.885069975999954 ], [ -77.936809986999947, -7.882749975999957 ], [ -77.934249986999987, -7.882069975999968 ], [ -77.931649986999957, -7.878869975999976 ], [ -77.929049986999985, -7.877779975999943 ], [ -77.927589986999976, -7.875409975999958 ], [ -77.923690004999969, -7.873099989999957 ], [ -77.921829986999967, -7.869819975999974 ], [ -77.913999986999954, -7.861739975999967 ], [ -77.910193361999973, -7.854580225999939 ], [ -77.909901736999984, -7.851876850999929 ], [ -77.906702361999976, -7.849474975999954 ], [ -77.903019986999936, -7.843869975999951 ], [ -77.902601111999957, -7.841219100999979 ], [ -77.903748236999945, -7.833204225999964 ], [ -77.901158236999947, -7.827203100999952 ], [ -77.899022361999982, -7.824857475999977 ] ] ] } },
{ "type": "Feature", "properties": { "ubigeo": "130908", "departamento": "LA LIBERTAD", "provincia": "SANCHEZ CARRION", "capital": "SARTIMBAMBA", "distrito": "SARTIMBAMBA", "gasto_mef_2012": 11373907.3, "gasto_mef_2013": 18291364.170000013, "gasto_mef_2014": 10935449.51, "gasto_mef_2015": 9955768.4, "gasto_mef_2016": 11144938.34, "gasto_mef_2017": 13684012.12, "gasto_mef_2018": 11596043.83, "gasto_mef_2019": 18732469.21, "gasto_mef_2020": 17179166.87, "gasto_mef_2021": 17719882.6, "gasto_mef_2022": 29504793.05, "gasto_mef_2023": 22711865.97000001, "gasto_mef_2024": 15951175.25, "gasto_mef_2025": 23286722.609999985, "gasto_mef_2026": 9552538.37, "num_establecimientos_salud": 4, "num_ie_activas": 86, "num_ie_inactivas": 53, "num_ie_total": 139, "poblacion_2017": 13763, "ie_activas_per_1000hab": 6.2486376516747804, "establecimientos_salud_per_1000hab": 0.29063430938022233, "gasto_mef_2026_per_capita": 694.07384799825627, "gasto_mef_promedio_periodo": 16108006.506666664, "gasto_mef_promedio_per_capita": 1170.3848366392983, "log_gasto_mef_2026": 16.072317579728878, "log_poblacion_2017": 9.529811766917371, "tendencia_gasto_mef": 578785.76871424622, "tendencia_gasto_mef_per_capita": 42.053750542341511, "proporcion_ie_inactivas": 0.38129496402877699, "area_km2": 398.26553070795978, "densidad_poblacional": 34.557346641409787, "log_densidad_poblacional": 3.5711467914784611, "comunidad_louvain": 7, "cluster_graphsage": 1 }, "geometry": { "type": "Polygon", "coordinates": [ [ [ -77.758416736999948, -7.478433850999977 ], [ -77.750069986999961, -7.479299975999936 ], [ -77.748099986999989, -7.480339975999925 ], [ -77.745982736999963, -7.479159725999978 ], [ -77.741893111999957, -7.489271475999942 ], [ -77.742101736999984, -7.493172350999942 ], [ -77.744633611999973, -7.495432975999961 ], [ -77.744997111999965, -7.497196475999942 ], [ -77.742911486999958, -7.501921350999964 ], [ -77.744045736999965, -7.50587460099996 ], [ -77.743375361999938, -7.507674350999935 ], [ -77.741484861999936, -7.509510225999975 ], [ -77.736199986999964, -7.511607975999937 ], [ -77.733478736999984, -7.513635975999932 ], [ -77.731669236999949, -7.519771225999932 ], [ -77.724348986999985, -7.524389850999967 ], [ -77.720868361999976, -7.529891100999976 ], [ -77.720855986999936, -7.541132350999931 ], [ -77.715690611999946, -7.545213725999929 ], [ -77.714070111999945, -7.55071585099995 ], [ -77.71254648699994, -7.553025600999945 ], [ -77.707148611999969, -7.556612600999927 ], [ -77.705664611999964, -7.562821600999939 ], [ -77.704318361999981, -7.563860850999959 ], [ -77.700705611999979, -7.563465350999934 ], [ -77.698197736999987, -7.564552975999959 ], [ -77.697605111999962, -7.569149100999937 ], [ -77.70016136199996, -7.580063350999978 ], [ -77.698938486999964, -7.587358600999949 ], [ -77.701445611999986, -7.593642600999942 ], [ -77.699799611999936, -7.59863760099995 ], [ -77.700016736999942, -7.602517850999959 ], [ -77.697849111999972, -7.610633350999933 ], [ -77.698837111999978, -7.613667475999932 ], [ -77.69762061199998, -7.615718600999969 ], [ -77.692330236999965, -7.618080850999945 ], [ -77.689047486999982, -7.620851475999928 ], [ -77.686597736999943, -7.62582060099993 ], [ -77.67966936199997, -7.63191222599994 ], [ -77.678398361999939, -7.637023600999953 ], [ -77.67633736199997, -7.639747350999926 ], [ -77.675084486999936, -7.644677100999957 ], [ -77.676691486999971, -7.646601975999943 ], [ -77.675747236999939, -7.649425600999962 ], [ -77.675998861999972, -7.654120850999959 ], [ -77.672151861999964, -7.664939725999943 ], [ -77.672653611999976, -7.666657975999954 ], [ -77.67619648699997, -7.669752225999957 ], [ -77.678743486999963, -7.677697225999964 ], [ -77.678140736999978, -7.680206600999952 ], [ -77.675002861999985, -7.681749475999936 ], [ -77.67434136199995, -7.682942975999936 ], [ -77.674683486999982, -7.685581350999939 ], [ -77.676614574999974, -7.686098317999949 ], [ -77.677192486999957, -7.687147600999936 ], [ -77.674569486999985, -7.690013725999961 ], [ -77.669289986999956, -7.690889975999937 ], [ -77.668279986999949, -7.69399997599993 ], [ -77.669259986999975, -7.696799975999966 ], [ -77.668529986999943, -7.699619975999951 ], [ -77.669329986999969, -7.701049975999979 ], [ -77.679609986999935, -7.705509975999973 ], [ -77.686499986999934, -7.707249975999957 ], [ -77.691299986999979, -7.713459975999967 ], [ -77.703009986999973, -7.721499975999961 ], [ -77.708760003999942, -7.723969988999954 ], [ -77.719419986999981, -7.737109975999942 ], [ -77.730589986999973, -7.745569975999956 ], [ -77.735299986999962, -7.751899975999947 ], [ -77.736139986999945, -7.760629975999962 ], [ -77.734853611999938, -7.766148475999955 ], [ -77.735329486999944, -7.767837975999953 ], [ -77.737300611999956, -7.769055475999949 ], [ -77.743705236999972, -7.766172350999966 ], [ -77.748536209999941, -7.765268705999972 ], [ -77.750784486999976, -7.763814350999951 ], [ -77.755343611999933, -7.758947975999945 ], [ -77.758957611999961, -7.756868600999951 ], [ -77.761741486999938, -7.753632600999936 ], [ -77.768118486999981, -7.749040225999977 ], [ -77.770402736999984, -7.745423475999928 ], [ -77.772948736999979, -7.74330572599996 ], [ -77.77340086199996, -7.74009347599997 ], [ -77.778992611999968, -7.738808475999974 ], [ -77.78191936199994, -7.73688122599998 ], [ -77.782768361999956, -7.732779475999962 ], [ -77.785704986999974, -7.73029297599993 ], [ -77.786847611999974, -7.716316100999961 ], [ -77.784092986999951, -7.70621372599993 ], [ -77.78057886199997, -7.70349085099997 ], [ -77.779548236999972, -7.698504225999955 ], [ -77.784771236999973, -7.684293475999937 ], [ -77.787828736999984, -7.680020725999952 ], [ -77.786532361999946, -7.674304350999932 ], [ -77.787114986999939, -7.664192475999926 ], [ -77.786639111999989, -7.662098475999926 ], [ -77.784544861999962, -7.660480475999975 ], [ -77.773751111999957, -7.657345225999961 ], [ -77.768864486999973, -7.652652100999944 ], [ -77.768843861999983, -7.650784975999954 ], [ -77.773247861999948, -7.647273975999951 ], [ -77.778487236999979, -7.648352600999942 ], [ -77.783927361999986, -7.646136600999967 ], [ -77.794863736999957, -7.654463850999946 ], [ -77.800689986999942, -7.65484997599998 ], [ -77.805689986999937, -7.653199975999939 ], [ -77.808569986999942, -7.650529975999973 ], [ -77.811809986999947, -7.650869975999967 ], [ -77.81351998699995, -7.65021997599996 ], [ -77.81999998699996, -7.64338997599998 ], [ -77.826239986999951, -7.639759975999937 ], [ -77.834339986999964, -7.638359975999947 ], [ -77.839039986999978, -7.638929975999929 ], [ -77.841059986999937, -7.637509975999933 ], [ -77.845211236999944, -7.637044600999957 ], [ -77.856399986999975, -7.621069975999944 ], [ -77.863239986999986, -7.616739975999963 ], [ -77.864699986999938, -7.614729975999978 ], [ -77.866259986999978, -7.608629975999975 ], [ -77.865369986999951, -7.599159975999953 ], [ -77.866849986999966, -7.59648997599993 ], [ -77.867919986999937, -7.59174997599996 ], [ -77.86742998699998, -7.58905997599993 ], [ -77.869529986999964, -7.58484997599993 ], [ -77.867939986999943, -7.583029975999978 ], [ -77.867079986999954, -7.579439975999946 ], [ -77.867669986999942, -7.572099975999947 ], [ -77.866219986999965, -7.567669975999934 ], [ -77.865819986999952, -7.561149975999967 ], [ -77.861799986999984, -7.552259975999959 ], [ -77.862229986999978, -7.544119975999934 ], [ -77.861379986999964, -7.54184997599998 ], [ -77.862629986999934, -7.53449997599995 ], [ -77.85685998699995, -7.523529975999963 ], [ -77.853979986999946, -7.521199975999934 ], [ -77.84634998699994, -7.517379975999972 ], [ -77.844829986999969, -7.514999975999956 ], [ -77.842634736999969, -7.513682100999972 ], [ -77.82391348699997, -7.509321725999939 ], [ -77.818389986999989, -7.50727997599995 ], [ -77.813459986999987, -7.50438997599997 ], [ -77.805209986999955, -7.50226997599998 ], [ -77.802739986999939, -7.503029975999937 ], [ -77.791866861999949, -7.500391225999977 ], [ -77.787239986999964, -7.49790997599996 ], [ -77.784099986999934, -7.493629975999966 ], [ -77.778209986999968, -7.489949975999934 ], [ -77.776829986999985, -7.487699975999931 ], [ -77.770579986999962, -7.48205997599996 ], [ -77.765989986999955, -7.480649975999938 ], [ -77.764866611999935, -7.479447725999933 ], [ -77.758416736999948, -7.478433850999977 ] ] ] } },
{ "type": "Feature", "properties": { "ubigeo": "131001", "departamento": "LA LIBERTAD", "provincia": "SANTIAGO DE CHUCO", "capital": "SANTIAGO DE CHUCO", "distrito": "SANTIAGO DE CHUCO", "gasto_mef_2012": 87593426.819999903, "gasto_mef_2013": 81543951.569999754, "gasto_mef_2014": 102453138.84999982, "gasto_mef_2015": 80395314.669999972, "gasto_mef_2016": 88652103.37999998, "gasto_mef_2017": 91398506.139999971, "gasto_mef_2018": 78402710.869999796, "gasto_mef_2019": 117826765.13000013, "gasto_mef_2020": 143615582.32999986, "gasto_mef_2021": 132519570.58999984, "gasto_mef_2022": 135134381.55000016, "gasto_mef_2023": 130908161.25999996, "gasto_mef_2024": 148490710.43000001, "gasto_mef_2025": 162067704.86999995, "gasto_mef_2026": 84735005.310000226, "num_establecimientos_salud": 10, "num_ie_activas": 168, "num_ie_inactivas": 46, "num_ie_total": 214, "poblacion_2017": 19897, "ie_activas_per_1000hab": 8.4434839423028585, "establecimientos_salud_per_1000hab": 0.50258832989897972, "gasto_mef_2026_per_capita": 4258.6824802734191, "gasto_mef_promedio_periodo": 111049135.58466662, "gasto_mef_promedio_per_capita": 5581.1999590222958, "log_gasto_mef_2026": 18.255039371877068, "log_poblacion_2017": 9.8983745031493058, "tendencia_gasto_mef": 4222409.4584282143, "tendencia_gasto_mef_per_capita": 212.21337178610918, "proporcion_ie_inactivas": 0.21495327102803738, "area_km2": 1080.896934190265, "densidad_poblacional": 18.407860519010065, "log_densidad_poblacional": 2.96567816539774, "comunidad_louvain": 2, "cluster_graphsage": 6 }, "geometry": { "type": "Polygon", "coordinates": [ [ [ -78.170979986999953, -8.107369975999973 ], [ -78.161459986999944, -8.108429975999968 ], [ -78.159959986999979, -8.109989975999952 ], [ -78.161009986999943, -8.119219975999954 ], [ -78.156659986999955, -8.126799975999973 ], [ -78.149239986999987, -8.136849975999951 ], [ -78.147969986999954, -8.142749975999948 ], [ -78.143589986999984, -8.14988997599994 ], [ -78.143839986999978, -8.152269975999957 ], [ -78.141529986999956, -8.15451997599996 ], [ -78.140569986999935, -8.158449975999929 ], [ -78.135209986999939, -8.163469975999931 ], [ -78.135899986999959, -8.167669975999956 ], [ -78.134839986999964, -8.174729975999981 ], [ -78.135969986999953, -8.177609975999928 ], [ -78.135259986999984, -8.17946997599995 ], [ -78.131819986999972, -8.184529975999965 ], [ -78.128019986999959, -8.187619975999951 ], [ -78.125449986999968, -8.190969975999963 ], [ -78.124159986999985, -8.194729975999962 ], [ -78.120819986999948, -8.199059975999944 ], [ -78.117789986999981, -8.205759975999968 ], [ -78.119259986999964, -8.210949975999938 ], [ -78.11900998699997, -8.215719975999946 ], [ -78.122359986999982, -8.221009975999948 ], [ -78.131919986999947, -8.22936997599993 ], [ -78.135089986999958, -8.238619975999939 ], [ -78.134279986999957, -8.241559975999962 ], [ -78.131129986999952, -8.245949975999963 ], [ -78.130999986999939, -8.252199975999929 ], [ -78.125809986999968, -8.26050997599998 ], [ -78.12374998699994, -8.267379975999972 ], [ -78.118429986999956, -8.272559975999968 ], [ -78.11375998699998, -8.281979975999946 ], [ -78.113549986999942, -8.284199975999968 ], [ -78.114949986999989, -8.290339975999927 ], [ -78.11210998699994, -8.295959975999949 ], [ -78.111839986999939, -8.298129975999927 ], [ -78.114909986999976, -8.301109975999964 ], [ -78.117999986999962, -8.302839975999973 ], [ -78.119319986999983, -8.305239975999939 ], [ -78.119329986999958, -8.30822997599995 ], [ -78.116429986999947, -8.31091997599998 ], [ -78.119429987, -8.313649975999965 ], [ -78.120839986999954, -8.318089975999953 ], [ -78.119579986999952, -8.319999975999963 ], [ -78.114959986999963, -8.322729975999948 ], [ -78.114249986999937, -8.327969975999963 ], [ -78.108539986999972, -8.335899975999951 ], [ -78.108389986999953, -8.338109975999942 ], [ -78.110219986999937, -8.341199975999928 ], [ -78.114699986999938, -8.344239975999926 ], [ -78.115139986999964, -8.351409975999957 ], [ -78.119019986999945, -8.355969975999926 ], [ -78.12109998699998, -8.357269975999941 ], [ -78.122469986999988, -8.360079975999952 ], [ -78.124249986999985, -8.361039975999972 ], [ -78.129389986999968, -8.361419975999979 ], [ -78.132189986999947, -8.365499975999967 ], [ -78.13467998699997, -8.366379975999962 ], [ -78.137499986999956, -8.368669975999978 ], [ -78.137979986999937, -8.371479975999932 ], [ -78.136799986999961, -8.377459975999955 ], [ -78.137979986999937, -8.381369975999974 ], [ -78.137699986999962, -8.384769975999973 ], [ -78.139209986999958, -8.387609975999965 ], [ -78.139389986999959, -8.389709975999949 ], [ -78.135249986999952, -8.392209975999947 ], [ -78.134639986999957, -8.393489975999955 ], [ -78.137109986999974, -8.398449975999938 ], [ -78.137889986999937, -8.408389975999967 ], [ -78.140609986999948, -8.41412997599997 ], [ -78.138559986999951, -8.421949975999951 ], [ -78.139269986999977, -8.427149975999953 ], [ -78.14264998699997, -8.433819975999938 ], [ -78.143259986999965, -8.437909975999958 ], [ -78.149069986999962, -8.44731997599996 ], [ -78.150559986999951, -8.451369976999956 ], [ -78.151109986999984, -8.457269976999953 ], [ -78.154029986999944, -8.458419976999949 ], [ -78.156489986999986, -8.46247997699993 ], [ -78.156429986999967, -8.468789976999972 ], [ -78.157589986999938, -8.471679976999951 ], [ -78.157389986999988, -8.478849976999982 ], [ -78.162449986999945, -8.484759976999953 ], [ -78.165279986999963, -8.484989976999941 ], [ -78.16935998699995, -8.489659976999974 ], [ -78.170409986999971, -8.492039976999934 ], [ -78.170019986999989, -8.498339976999944 ], [ -78.173659986999951, -8.503539976999946 ], [ -78.178309986999977, -8.506689976999951 ], [ -78.179809986999942, -8.508559976999948 ], [ -78.18395998699998, -8.510329976999969 ], [ -78.185469986999976, -8.510069976999944 ], [ -78.187059986999941, -8.508039976999953 ], [ -78.187869986999942, -8.508099976999972 ], [ -78.18887998699995, -8.509619976999943 ], [ -78.189669986999945, -8.513929976999975 ], [ -78.193849986999965, -8.515359976999946 ], [ -78.196149986999956, -8.52130997699993 ], [ -78.198959986999967, -8.522469976999957 ], [ -78.202599986999985, -8.526069976999963 ], [ -78.203359986999942, -8.52844997699998 ], [ -78.203029986999979, -8.531829976999973 ], [ -78.206199986999934, -8.533159976999968 ], [ -78.205889986999978, -8.534959976999971 ], [ -78.207529986999987, -8.53581997699996 ], [ -78.208439986999963, -8.541209976999937 ], [ -78.211579986999936, -8.542499976999977 ], [ -78.211639986999955, -8.547469976999935 ], [ -78.214279986999941, -8.550379976999977 ], [ -78.214989986999967, -8.554049976999977 ], [ -78.216889986999945, -8.557259976999944 ], [ -78.215099986999974, -8.561119976999976 ], [ -78.215149986999961, -8.565709976999926 ], [ -78.212829986999964, -8.567019976999973 ], [ -78.209879986999965, -8.565909976999933 ], [ -78.207929986999943, -8.566089976999933 ], [ -78.205389987, -8.570559976999959 ], [ -78.201899986999933, -8.573889976999965 ], [ -78.201929986999971, -8.582929976999935 ], [ -78.198379986999953, -8.586269976999972 ], [ -78.193619986999977, -8.599679976999937 ], [ -78.195459986999936, -8.606739976999961 ], [ -78.198139986999934, -8.608789976999958 ], [ -78.202439986999934, -8.616049976999932 ], [ -78.200509986999975, -8.622509976999936 ], [ -78.20356998699998, -8.628779976999965 ], [ -78.20645998699996, -8.632149976999926 ], [ -78.211019986999986, -8.634949976999962 ], [ -78.215229986999987, -8.636449976999927 ], [ -78.227869986999963, -8.644299976999946 ], [ -78.229639986999985, -8.646659976999956 ], [ -78.231849986999975, -8.647579976999964 ], [ -78.23385998699996, -8.650379976999943 ], [ -78.23534998699995, -8.650859976999925 ], [ -78.235569986999963, -8.652919976999954 ], [ -78.238261736999959, -8.649511726999947 ], [ -78.241385986999944, -8.64058022699993 ], [ -78.245930986999952, -8.637130101999958 ], [ -78.249119361999988, -8.633322851999935 ], [ -78.251570236999953, -8.628302226999949 ], [ -78.260501236999971, -8.616008976999979 ], [ -78.260561111999948, -8.606585976999952 ], [ -78.263433986999985, -8.601449601999946 ], [ -78.261720736999962, -8.598738226999956 ], [ -78.262131986999975, -8.595891476999952 ], [ -78.268298236999954, -8.587962476999962 ], [ -78.272953861999952, -8.584812976999956 ], [ -78.280465236999987, -8.576196851999953 ], [ -78.282719611999937, -8.571081101999937 ], [ -78.281301111999937, -8.561350476999962 ], [ -78.284043236999935, -8.558899101999941 ], [ -78.284791111999937, -8.553830351999977 ], [ -78.286619236999968, -8.550859601999946 ], [ -78.290089861999945, -8.548894476999976 ], [ -78.286307611999973, -8.54682947699996 ], [ -78.283316111999966, -8.542176101999928 ], [ -78.281176486999982, -8.541490601999953 ], [ -78.276302486999953, -8.542720601999974 ], [ -78.266323111999952, -8.536899601999949 ], [ -78.26619848699994, -8.534676851999961 ], [ -78.268406736999964, -8.532235851999928 ], [ -78.267791736999982, -8.527033976999974 ], [ -78.269802736999964, -8.52367697699998 ], [ -78.274355611999965, -8.518823476999955 ], [ -78.274499486999957, -8.512102351999943 ], [ -78.276112611999963, -8.510963601999947 ], [ -78.279412236999974, -8.511461976999954 ], [ -78.280886736999946, -8.510537101999944 ], [ -78.275037236999935, -8.507484226999964 ], [ -78.27260161199996, -8.504510976999939 ], [ -78.272751611999979, -8.499664851999967 ], [ -78.273829861999957, -8.49784060199994 ], [ -78.273552861999974, -8.483269476999965 ], [ -78.27084698699997, -8.481546476999938 ], [ -78.268308611999942, -8.47829810199994 ], [ -78.263876861999961, -8.477108351999959 ], [ -78.262410986999953, -8.475722976999975 ], [ -78.260932361999949, -8.472676601999979 ], [ -78.261705611999957, -8.468839726999931 ], [ -78.263698486999942, -8.467382351999959 ], [ -78.270093236999969, -8.466519726999934 ], [ -78.285574486999963, -8.466627226999947 ], [ -78.295785611999975, -8.461767476999967 ], [ -78.320707361999951, -8.466956976999938 ], [ -78.33269986199997, -8.466909351999959 ], [ -78.335266611999941, -8.468965476999927 ], [ -78.339493111999957, -8.474605976999953 ], [ -78.341884611999944, -8.483351476999928 ], [ -78.342744861999961, -8.483675976999962 ], [ -78.342883986999936, -8.478806726999949 ], [ -78.344549986999937, -8.475459976999957 ], [ -78.347629986999948, -8.474459976999981 ], [ -78.350549986999965, -8.471279976999938 ], [ -78.354619986999978, -8.469189976999928 ], [ -78.359069987999987, -8.465139976999978 ], [ -78.367569987999957, -8.461929976999954 ], [ -78.372819987999947, -8.461249976999966 ], [ -78.374790014999974, -8.459589995999977 ], [ -78.374309987999936, -8.456269976999977 ], [ -78.375239987999976, -8.450419976999967 ], [ -78.374949987999969, -8.447419975999935 ], [ -78.377209987999947, -8.442399975999933 ], [ -78.377359987999967, -8.43892997599994 ], [ -78.37548998799997, -8.43409997599997 ], [ -78.375559987999964, -8.430579975999933 ], [ -78.373079987999972, -8.42427997599998 ], [ -78.37348998799996, -8.417449975999943 ], [ -78.375383487999954, -8.410523725999951 ], [ -78.373999737999952, -8.404102225999964 ], [ -78.382222112999955, -8.404543600999943 ], [ -78.392017237999937, -8.401701725999942 ], [ -78.39537186299998, -8.40194947599997 ], [ -78.404431487999943, -8.411829350999938 ], [ -78.407234362999986, -8.412312475999954 ], [ -78.408137487999966, -8.409759350999934 ], [ -78.405989987999988, -8.405769975999931 ], [ -78.406289987999969, -8.401429975999974 ], [ -78.407239987999958, -8.398419975999957 ], [ -78.410919987999989, -8.393449975999943 ], [ -78.414039987999956, -8.391509975999952 ], [ -78.416369987999985, -8.388629975999947 ], [ -78.419989987999941, -8.387359975999971 ], [ -78.42347998799994, -8.389989975999981 ], [ -78.426389987999983, -8.389579975999936 ], [ -78.426729987999977, -8.381149975999961 ], [ -78.429909987999963, -8.373759975999974 ], [ -78.428909987999987, -8.370029975999955 ], [ -78.429919987999938, -8.365709975999948 ], [ -78.429854487999989, -8.360237975999951 ], [ -78.426320862999944, -8.359454475999939 ], [ -78.423979112999973, -8.357696100999931 ], [ -78.421887737999953, -8.349002725999981 ], [ -78.419215362999978, -8.345135600999981 ], [ -78.415429237999945, -8.335365725999964 ], [ -78.415949237999939, -8.32001947599997 ], [ -78.412652487999935, -8.311494225999979 ], [ -78.412513237999974, -8.304377725999927 ], [ -78.405151237999974, -8.30540210099997 ], [ -78.398578112999985, -8.304285100999948 ], [ -78.39511523799996, -8.30179097599995 ], [ -78.389972487999955, -8.301442600999962 ], [ -78.384215362999953, -8.306541725999978 ], [ -78.377999987999942, -8.310042975999977 ], [ -78.370179737999933, -8.307481100999951 ], [ -78.366562737999971, -8.30446060099996 ], [ -78.365119237999977, -8.302072475999978 ], [ -78.364043237999965, -8.297243475999949 ], [ -78.361943737999979, -8.292939475999958 ], [ -78.359679737999954, -8.291144475999943 ], [ -78.355228486999977, -8.289828100999955 ], [ -78.35388661199994, -8.28807810099994 ], [ -78.348794861999977, -8.278967850999948 ], [ -78.348186986999963, -8.274712975999932 ], [ -78.346530361999953, -8.271167850999973 ], [ -78.341666611999983, -8.268800350999982 ], [ -78.334648736999952, -8.263827100999947 ], [ -78.332327986999985, -8.259185475999971 ], [ -78.330614987, -8.257472475999975 ], [ -78.324481236999986, -8.256146225999942 ], [ -78.320226361999971, -8.253880725999977 ], [ -78.31291598699994, -8.253353475999972 ], [ -78.311821613999939, -8.252449555999931 ], [ -78.309169236999935, -8.242635600999961 ], [ -78.302058736999982, -8.237642225999934 ], [ -78.300699986999973, -8.236337725999931 ], [ -78.300047736999943, -8.234000600999934 ], [ -78.300536861999944, -8.222151725999936 ], [ -78.299522861999947, -8.207846475999929 ], [ -78.295347986999957, -8.203849975999958 ], [ -78.286749986999951, -8.191449975999944 ], [ -78.283299986999964, -8.189829975999942 ], [ -78.277559986999961, -8.183089975999962 ], [ -78.276229986999965, -8.18253997599993 ], [ -78.271908737, -8.175686725999981 ], [ -78.266214986999955, -8.17120672599998 ], [ -78.266490236999971, -8.167371100999958 ], [ -78.271351611999989, -8.16177935099995 ], [ -78.272908236999967, -8.158380850999947 ], [ -78.266416986999957, -8.144148350999956 ], [ -78.267011861999947, -8.137456225999927 ], [ -78.264706736999983, -8.132511350999948 ], [ -78.255750236999972, -8.129099975999964 ], [ -78.251210736999951, -8.125335850999932 ], [ -78.247678736999944, -8.121134600999937 ], [ -78.246377486999961, -8.120688475999941 ], [ -78.231468611999958, -8.12470372599995 ], [ -78.226291236999941, -8.120349225999973 ], [ -78.22116411199994, -8.118597600999976 ], [ -78.219823236999957, -8.118718600999955 ], [ -78.21504336199996, -8.122306100999936 ], [ -78.195491111999957, -8.121925100999931 ], [ -78.177399986999944, -8.111399975999973 ], [ -78.172819986999968, -8.109629975999951 ], [ -78.170979986999953, -8.107369975999973 ] ] ] } },
{ "type": "Feature", "properties": { "ubigeo": "131002", "departamento": "LA LIBERTAD", "provincia": "SANTIAGO DE CHUCO", "capital": "ANGASMARCA", "distrito": "ANGASMARCA", "gasto_mef_2012": 17801490.730000015, "gasto_mef_2013": 17919161.38, "gasto_mef_2014": 10922725.4, "gasto_mef_2015": 5522744.32, "gasto_mef_2016": 12326486.35, "gasto_mef_2017": 19100023.390000012, "gasto_mef_2018": 5797355.21, "gasto_mef_2019": 17918412.08, "gasto_mef_2020": 6845311.57, "gasto_mef_2021": 8240268.72, "gasto_mef_2022": 12378170.14, "gasto_mef_2023": 9177725.66, "gasto_mef_2024": 8027838.38, "gasto_mef_2025": 10095279.67000001, "gasto_mef_2026": 4501240.47, "num_establecimientos_salud": 2, "num_ie_activas": 29, "num_ie_inactivas": 14, "num_ie_total": 43, "poblacion_2017": 5097, "ie_activas_per_1000hab": 5.6896213458897389, "establecimientos_salud_per_1000hab": 0.39238767902687854, "gasto_mef_2026_per_capita": 883.11565038257845, "gasto_mef_promedio_periodo": 11104948.898000002, "gasto_mef_promedio_per_capita": 2178.7225618991565, "log_gasto_mef_2026": 15.319863798914268, "log_poblacion_2017": 8.53660358493606, "tendencia_gasto_mef": -572914.47653570271, "tendencia_gasto_mef_per_capita": -112.40229086437174, "proporcion_ie_inactivas": 0.32558139534883723, "area_km2": 146.03385035507844, "densidad_poblacional": 34.902866613506006, "log_densidad_poblacional": 3.5808171422647797, "comunidad_louvain": 7, "cluster_graphsage": 2 }, "geometry": { "type": "Polygon", "coordinates": [ [ [ -77.98830998699998, -8.052639975999966 ], [ -77.987882861999935, -8.054271850999953 ], [ -77.985299236999936, -8.057119225999941 ], [ -77.980434861999981, -8.058701850999967 ], [ -77.977513236999982, -8.062111350999942 ], [ -77.972006486999987, -8.062630100999968 ], [ -77.969452986999954, -8.061718600999939 ], [ -77.967997611999976, -8.062327100999937 ], [ -77.967438611999967, -8.063808225999935 ], [ -77.968251861999988, -8.067309100999978 ], [ -77.965758236999989, -8.068400725999936 ], [ -77.963570736999941, -8.070948725999926 ], [ -77.960535611999944, -8.076759100999936 ], [ -77.955954986999984, -8.079980475999946 ], [ -77.954472861999989, -8.082720975999962 ], [ -77.965309986999955, -8.086709975999952 ], [ -77.968989986999986, -8.089999975999945 ], [ -77.973429986999975, -8.09007997599997 ], [ -77.977449986999943, -8.091379975999928 ], [ -77.98263998699997, -8.095899975999941 ], [ -77.985649986999988, -8.097169975999975 ], [ -77.988429986999961, -8.100189975999967 ], [ -78.001749986999982, -8.104649975999962 ], [ -78.004049986999973, -8.107629975999942 ], [ -78.003119986999934, -8.115839975999961 ], [ -78.003689986999973, -8.121999975999927 ], [ -78.002899986999978, -8.124039975999949 ], [ -78.003529986999979, -8.127469975999929 ], [ -78.005429986999957, -8.130579975999979 ], [ -78.011449986999935, -8.133289975999958 ], [ -78.017129986999976, -8.13997997599995 ], [ -78.019069986999966, -8.140599975999976 ], [ -78.020299986999987, -8.142389975999947 ], [ -78.024549986999943, -8.14478997599997 ], [ -78.02447998699995, -8.149919975999978 ], [ -78.02743998699998, -8.154229975999954 ], [ -78.030839986999979, -8.157089975999952 ], [ -78.03164998699998, -8.160199975999944 ], [ -78.034259986999984, -8.163259975999949 ], [ -78.034479986999941, -8.166199975999973 ], [ -78.026639986999953, -8.171849975999976 ], [ -78.020649986999956, -8.172909975999971 ], [ -78.01668998699995, -8.175829975999932 ], [ -78.012949986999956, -8.175829975999932 ], [ -78.007129986999985, -8.17850997599993 ], [ -78.003819986999986, -8.17803997599998 ], [ -78.001649986999951, -8.179359975999944 ], [ -77.99901998699994, -8.179699975999938 ], [ -77.996649986999955, -8.178979975999937 ], [ -77.991369986999985, -8.182029975999967 ], [ -77.989699986999938, -8.185069975999966 ], [ -77.990179986999976, -8.187959975999945 ], [ -77.989039986999956, -8.19128997599995 ], [ -77.98485236199997, -8.195748725999977 ], [ -77.98485236199997, -8.197451975999968 ], [ -77.987045986999988, -8.200806850999982 ], [ -77.987303986999962, -8.20262622599995 ], [ -77.98316198699996, -8.209348975999944 ], [ -77.979909986999985, -8.210799975999976 ], [ -77.979739986999959, -8.212169975999927 ], [ -77.981449986999962, -8.214879975999963 ], [ -77.987129986999946, -8.216019975999927 ], [ -77.990079986999945, -8.218379975999937 ], [ -77.995179986999972, -8.218559975999938 ], [ -77.999249986999985, -8.220539975999941 ], [ -78.006189986999971, -8.222059975999969 ], [ -78.012159986999961, -8.221419975999936 ], [ -78.015489986999967, -8.222559975999957 ], [ -78.019419986999935, -8.22522997599998 ], [ -78.023989986999936, -8.230819975999964 ], [ -78.02850998699995, -8.238299975999951 ], [ -78.030530041999953, -8.235840014999951 ], [ -78.033750041999951, -8.225000014999978 ], [ -78.038020041999971, -8.216010014999938 ], [ -78.042380041999934, -8.212000014999944 ], [ -78.044900041999938, -8.212240014999963 ], [ -78.04712004199996, -8.213580014999934 ], [ -78.052010041999949, -8.21903001499993 ], [ -78.053700041999946, -8.219790014999944 ], [ -78.056810525999936, -8.225141796999935 ], [ -78.058517172999984, -8.226594260999946 ], [ -78.062460986999952, -8.219820350999953 ], [ -78.077554361999944, -8.210765600999935 ], [ -78.078799486999969, -8.209008350999966 ], [ -78.079769486999965, -8.203662850999933 ], [ -78.079356736999955, -8.196232725999948 ], [ -78.083959236999988, -8.18989660099993 ], [ -78.084392611999988, -8.188204225999925 ], [ -78.083794441999942, -8.17694222199998 ], [ -78.084757947999947, -8.172023268999965 ], [ -78.089423346999979, -8.168879194999931 ], [ -78.093785486999934, -8.167529350999928 ], [ -78.096383861999982, -8.162487975999966 ], [ -78.090563736999968, -8.156936100999928 ], [ -78.086126361999959, -8.156316975999971 ], [ -78.085060986999963, -8.155513975999952 ], [ -78.080709986999977, -8.110589975999972 ], [ -78.079179986999975, -8.110589975999972 ], [ -78.076109986999938, -8.112899975999937 ], [ -78.071859986999982, -8.109259975999976 ], [ -78.069949986999973, -8.110189975999958 ], [ -78.068279986999983, -8.107719975999942 ], [ -78.063839986999938, -8.104599975999975 ], [ -78.063359986999956, -8.102889975999972 ], [ -78.05886998699998, -8.099799975999929 ], [ -78.055329986999936, -8.094809975999965 ], [ -78.05474998699998, -8.089129975999981 ], [ -78.052039986999944, -8.089629975999969 ], [ -78.049309986999958, -8.088919975999943 ], [ -78.042519986999935, -8.08580997599995 ], [ -78.034959986999979, -8.079629975999978 ], [ -78.032769986999938, -8.078879975999939 ], [ -78.028781236999976, -8.079126975999941 ], [ -78.022570361999954, -8.074373100999935 ], [ -78.018070236999961, -8.068884725999965 ], [ -78.014091736999944, -8.066619100999958 ], [ -78.005160611999941, -8.058928975999947 ], [ -77.993843486999936, -8.055872725999961 ], [ -77.993182611999941, -8.05372485099997 ], [ -77.991943486999958, -8.052692350999962 ], [ -77.98830998699998, -8.052639975999966 ] ] ] } },
{ "type": "Feature", "properties": { "ubigeo": "131003", "departamento": "LA LIBERTAD", "provincia": "SANTIAGO DE CHUCO", "capital": "CACHICADAN", "distrito": "CACHICADAN", "gasto_mef_2012": 18618454.03000001, "gasto_mef_2013": 13420436.22, "gasto_mef_2014": 12014960.38, "gasto_mef_2015": 6689895.36, "gasto_mef_2016": 8348302.27, "gasto_mef_2017": 11311280.999999994, "gasto_mef_2018": 14783729.45, "gasto_mef_2019": 17986918.56000001, "gasto_mef_2020": 10791103.24, "gasto_mef_2021": 17326385.37, "gasto_mef_2022": 14629934.660000015, "gasto_mef_2023": 15384757.81, "gasto_mef_2024": 12768032.76000001, "gasto_mef_2025": 18025454.710000016, "gasto_mef_2026": 6840192.25, "num_establecimientos_salud": 1, "num_ie_activas": 42, "num_ie_inactivas": 8, "num_ie_total": 50, "poblacion_2017": 5850, "ie_activas_per_1000hab": 7.1794871794871797, "establecimientos_salud_per_1000hab": 0.17094017094017094, "gasto_mef_2026_per_capita": 1169.2636324786324, "gasto_mef_promedio_periodo": 13262655.871333336, "gasto_mef_promedio_per_capita": 2267.1206617663825, "log_gasto_mef_2026": 15.738326542123604, "log_poblacion_2017": 8.6743678657882359, "tendencia_gasto_mef": 37891.320999929972, "tendencia_gasto_mef_per_capita": 6.4771488888769184, "proporcion_ie_inactivas": 0.16, "area_km2": 270.41112618075499, "densidad_poblacional": 21.633725219167189, "log_densidad_poblacional": 3.1194410602901153, "comunidad_louvain": 7, "cluster_graphsage": 2 }, "geometry": { "type": "Polygon", "coordinates": [ [ [ -78.032212736999952, -7.906963100999974 ], [ -78.028656486999978, -7.912951475999932 ], [ -78.025377236999987, -7.916165100999933 ], [ -78.022055611999974, -7.925876100999972 ], [ -78.021071486999972, -7.931372225999951 ], [ -78.02235411199996, -7.93895947599998 ], [ -78.021240861999956, -7.942578850999951 ], [ -78.018908861999989, -7.944343850999928 ], [ -78.013582861999964, -7.950961975999974 ], [ -78.012103111999977, -7.956550600999947 ], [ -78.012826486999984, -7.95925035099998 ], [ -78.010210736999966, -7.962433350999959 ], [ -78.010872611999957, -7.965490225999929 ], [ -78.008636111999976, -7.96709947599993 ], [ -78.004515611999977, -7.97350185099998 ], [ -78.004727111999955, -7.97585860099997 ], [ -78.007201111999962, -7.980707725999935 ], [ -78.006644111999947, -7.982025975999932 ], [ -78.004904986999975, -7.984003725999969 ], [ -77.994927611999969, -7.984365600999979 ], [ -77.985629236999955, -7.982319225999959 ], [ -77.984009611999966, -7.99136572599997 ], [ -77.980722986999979, -7.995320725999932 ], [ -77.977510736999989, -8.001262600999951 ], [ -77.973842736999984, -8.011627975999943 ], [ -77.966452986999968, -8.015080600999966 ], [ -77.963112236999962, -8.023850100999937 ], [ -77.962929736999968, -8.025880850999954 ], [ -77.96449348699997, -8.030949225999962 ], [ -77.963609861999942, -8.03560485099996 ], [ -77.955305986999974, -8.04910285099993 ], [ -77.956687736999982, -8.053724225999929 ], [ -77.956398486999944, -8.056290975999957 ], [ -77.957811986999957, -8.059281475999967 ], [ -77.961573861999966, -8.058272225999929 ], [ -77.966171861999953, -8.059853475999944 ], [ -77.967639361999943, -8.062982975999944 ], [ -77.969452986999954, -8.061718600999939 ], [ -77.972006486999987, -8.062630100999968 ], [ -77.976174236999952, -8.062429350999935 ], [ -77.978450236999947, -8.061639100999969 ], [ -77.980434861999981, -8.058701850999967 ], [ -77.984642486999974, -8.057643350999967 ], [ -77.987882861999935, -8.054271850999953 ], [ -77.98830998699998, -8.052639975999966 ], [ -77.989426361999961, -8.052215600999943 ], [ -77.991943486999958, -8.052692350999962 ], [ -77.993182611999941, -8.05372485099997 ], [ -77.993843486999936, -8.055872725999961 ], [ -77.995165111999938, -8.056450975999951 ], [ -78.000699861999976, -8.057276975999969 ], [ -78.005160611999941, -8.058928975999947 ], [ -78.01351948699994, -8.066064475999951 ], [ -78.024999982999987, -8.064529663999963 ], [ -78.030708736999941, -8.06184185099994 ], [ -78.033496111999966, -8.061744850999958 ], [ -78.035091736999959, -8.063392600999975 ], [ -78.034947736999982, -8.067918725999959 ], [ -78.035786111999982, -8.06900860099995 ], [ -78.050632861999986, -8.070640475999937 ], [ -78.056319794, -8.077289823999934 ], [ -78.070133111999951, -8.084675975999971 ], [ -78.079452361999984, -8.087316475999955 ], [ -78.082219986999974, -8.089979975999938 ], [ -78.090202986999941, -8.095221600999935 ], [ -78.093406861999938, -8.095589350999944 ], [ -78.097196486999962, -8.094845100999976 ], [ -78.099472111999944, -8.093317475999982 ], [ -78.106342486999949, -8.091806850999944 ], [ -78.111408236999978, -8.089587850999976 ], [ -78.113917111999967, -8.092599600999961 ], [ -78.117628111999977, -8.100308350999967 ], [ -78.119567236999956, -8.101811225999938 ], [ -78.126871111999947, -8.104433600999926 ], [ -78.132448111999963, -8.104347725999958 ], [ -78.144469361999938, -8.107360100999927 ], [ -78.150107736999985, -8.111433850999958 ], [ -78.157136861999959, -8.114148600999954 ], [ -78.161053736999975, -8.117124100999945 ], [ -78.160899986999937, -8.113999975999945 ], [ -78.159689986999979, -8.110719975999928 ], [ -78.161709986999938, -8.108139975999961 ], [ -78.164109986999961, -8.102349975999971 ], [ -78.164119986999935, -8.09401997599997 ], [ -78.157609986999944, -8.084249975999967 ], [ -78.155839986999979, -8.074489975999938 ], [ -78.157799986999976, -8.069789975999981 ], [ -78.157829986999957, -8.067569975999959 ], [ -78.154799987, -8.062699975999976 ], [ -78.150239986999964, -8.058099975999937 ], [ -78.143939986999953, -8.054919975999951 ], [ -78.141849986999944, -8.054659975999925 ], [ -78.138969986999939, -8.051579975999971 ], [ -78.135539986999959, -8.050739975999932 ], [ -78.133449986999949, -8.04885997599996 ], [ -78.133639986999981, -8.046369975999937 ], [ -78.13022998699995, -8.040539975999934 ], [ -78.130019986999969, -8.034479975999943 ], [ -78.133079986999974, -8.032639975999928 ], [ -78.135689986999978, -8.029589975999954 ], [ -78.138029986999982, -8.020829975999959 ], [ -78.137349986999936, -8.018739975999949 ], [ -78.132759986999986, -8.014459975999955 ], [ -78.13434998699995, -8.008249975999945 ], [ -78.133859986999937, -8.00518997599994 ], [ -78.12706998699997, -8.003569975999937 ], [ -78.126579986999957, -7.999329975999956 ], [ -78.124259986999959, -7.99196997599995 ], [ -78.121589986999936, -7.988489975999926 ], [ -78.117279986999961, -7.985799975999953 ], [ -78.118864236999968, -7.983769475999964 ], [ -78.122039111999982, -7.982593725999948 ], [ -78.126757986999962, -7.97545360099997 ], [ -78.127005736999934, -7.970444975999953 ], [ -78.132864361999964, -7.957348850999949 ], [ -78.118790986999954, -7.949812475999977 ], [ -78.112766861999944, -7.947866475999945 ], [ -78.11020698699997, -7.947847600999978 ], [ -78.108121361999963, -7.950306100999967 ], [ -78.106741986999964, -7.950811600999941 ], [ -78.103910004999989, -7.94921998999996 ], [ -78.100419986999952, -7.94907997599995 ], [ -78.09545998699997, -7.946699975999934 ], [ -78.086969986999975, -7.946049975999927 ], [ -78.08339998699995, -7.943159975999947 ], [ -78.080199986999958, -7.941939975999958 ], [ -78.076569986999971, -7.942239975999939 ], [ -78.073389986999985, -7.944189975999961 ], [ -78.071459986999969, -7.943769975999942 ], [ -78.068199986999957, -7.941139975999931 ], [ -78.067979986999944, -7.93803997599997 ], [ -78.070269986999961, -7.935849975999929 ], [ -78.067229986999962, -7.933329975999925 ], [ -78.067258736999975, -7.930306100999928 ], [ -78.066306611999948, -7.92878510099996 ], [ -78.063269486999957, -7.927003850999938 ], [ -78.058978486999933, -7.92772847599997 ], [ -78.051751611999975, -7.927352225999925 ], [ -78.046499986999947, -7.924956975999976 ], [ -78.044173986999965, -7.922095350999939 ], [ -78.044342486999938, -7.916316225999935 ], [ -78.043684861999964, -7.914430975999949 ], [ -78.041375861999938, -7.913685725999926 ], [ -78.040629236999962, -7.911385100999951 ], [ -78.03662623699995, -7.907313850999969 ], [ -78.032212736999952, -7.906963100999974 ] ] ] } },
{ "type": "Feature", "properties": { "ubigeo": "131004", "departamento": "LA LIBERTAD", "provincia": "SANTIAGO DE CHUCO", "capital": "MOLLEBAMBA", "distrito": "MOLLEBAMBA", "gasto_mef_2012": 3924069.6, "gasto_mef_2013": 3483922.46, "gasto_mef_2014": 2866250.83, "gasto_mef_2015": 2222019.61, "gasto_mef_2016": 2445574.51, "gasto_mef_2017": 2358322.33, "gasto_mef_2018": 2327273.68, "gasto_mef_2019": 1850608.09, "gasto_mef_2020": 1485040.36, "gasto_mef_2021": 1575389.86, "gasto_mef_2022": 2926583.72, "gasto_mef_2023": 1976745.72, "gasto_mef_2024": 2413787.84, "gasto_mef_2025": 3175775.35, "gasto_mef_2026": 2741235.28, "num_establecimientos_salud": 2, "num_ie_activas": 13, "num_ie_inactivas": 8, "num_ie_total": 21, "poblacion_2017": 1834, "ie_activas_per_1000hab": 7.088331515812432, "establecimientos_salud_per_1000hab": 1.0905125408942202, "gasto_mef_2026_per_capita": 1494.6757251908396, "gasto_mef_promedio_periodo": 2518173.2826666669, "gasto_mef_promedio_per_capita": 1373.0497724463833, "log_gasto_mef_2026": 14.82391957368575, "log_poblacion_2017": 7.5147997604886703, "tendencia_gasto_mef": -51204.300142862958, "tendencia_gasto_mef_per_capita": -27.919465726751884, "proporcion_ie_inactivas": 0.38095238095238093, "area_km2": 69.433471485621595, "densidad_poblacional": 26.413773656409905, "log_densidad_poblacional": 3.3110455752787851, "comunidad_louvain": 7, "cluster_graphsage": 2 }, "geometry": { "type": "Polygon", "coordinates": [ [ [ -77.943240611999954, -8.04837947599998 ], [ -77.935377486999982, -8.049024475999943 ], [ -77.934093361999942, -8.052087850999953 ], [ -77.933179486999961, -8.059592350999935 ], [ -77.935519736999936, -8.062844225999982 ], [ -77.936336111999935, -8.065932350999958 ], [ -77.931349986999976, -8.07300997599998 ], [ -77.931189986999982, -8.073959975999969 ], [ -77.932238361999964, -8.074963725999964 ], [ -77.930895986999985, -8.077967975999968 ], [ -77.930412111999942, -8.08214260099993 ], [ -77.934459611999955, -8.081386850999934 ], [ -77.940107986999976, -8.084353475999933 ], [ -77.944849611999985, -8.088562475999936 ], [ -77.949094361999983, -8.089925350999977 ], [ -77.953925111999979, -8.090313975999948 ], [ -77.952454861999968, -8.094112100999951 ], [ -77.952815486999953, -8.096572975999948 ], [ -77.957716111999957, -8.101494725999942 ], [ -77.957779736999953, -8.10365860099995 ], [ -77.961164736999933, -8.113340975999961 ], [ -77.959931611999934, -8.116954975999931 ], [ -77.956868361999966, -8.119795600999964 ], [ -77.957938361999936, -8.126262600999951 ], [ -77.958381611999982, -8.137262600999975 ], [ -77.955929736999963, -8.141998100999956 ], [ -77.960524361999944, -8.146383100999969 ], [ -77.960131486999956, -8.153387600999963 ], [ -77.966556486999934, -8.160470350999958 ], [ -77.967736611999953, -8.174327475999974 ], [ -77.972244736999983, -8.17750960099994 ], [ -77.975359236999964, -8.185411350999971 ], [ -77.976623986999982, -8.18695435099994 ], [ -77.979202861999966, -8.187680225999941 ], [ -77.989690111999948, -8.185307350999949 ], [ -77.991369986999985, -8.182029975999967 ], [ -77.995759986999985, -8.17919997599995 ], [ -77.99901998699994, -8.179699975999938 ], [ -78.001649986999951, -8.179359975999944 ], [ -78.003819986999986, -8.17803997599998 ], [ -78.007129986999985, -8.17850997599993 ], [ -78.012949986999956, -8.175829975999932 ], [ -78.01668998699995, -8.175829975999932 ], [ -78.020649986999956, -8.172909975999971 ], [ -78.026639986999953, -8.171849975999976 ], [ -78.033749986999965, -8.167309975999956 ], [ -78.034479986999941, -8.166199975999973 ], [ -78.034259986999984, -8.163259975999949 ], [ -78.03164998699998, -8.160199975999944 ], [ -78.030839986999979, -8.157089975999952 ], [ -78.02743998699998, -8.154229975999954 ], [ -78.02447998699995, -8.149919975999978 ], [ -78.024549986999943, -8.14478997599997 ], [ -78.020299986999987, -8.142389975999947 ], [ -78.019069986999966, -8.140599975999976 ], [ -78.017129986999976, -8.13997997599995 ], [ -78.011449986999935, -8.133289975999958 ], [ -78.005429986999957, -8.130579975999979 ], [ -78.003529986999979, -8.127469975999929 ], [ -78.002899986999978, -8.124039975999949 ], [ -78.003689986999973, -8.121999975999927 ], [ -78.003119986999934, -8.115839975999961 ], [ -78.004049986999973, -8.107629975999942 ], [ -78.003239986999972, -8.106329975999927 ], [ -78.001749986999982, -8.104649975999962 ], [ -77.988429986999961, -8.100189975999967 ], [ -77.985649986999988, -8.097169975999975 ], [ -77.98263998699997, -8.095899975999941 ], [ -77.977449986999943, -8.091379975999928 ], [ -77.973429986999975, -8.09007997599997 ], [ -77.968989986999986, -8.089999975999945 ], [ -77.965309986999955, -8.086709975999952 ], [ -77.954472861999989, -8.082720975999962 ], [ -77.955954986999984, -8.079980475999946 ], [ -77.960535611999944, -8.076759100999936 ], [ -77.963570736999941, -8.070948725999926 ], [ -77.965758236999989, -8.068400725999936 ], [ -77.968251861999988, -8.067309100999978 ], [ -77.967639361999943, -8.062982975999944 ], [ -77.966171861999953, -8.059853475999944 ], [ -77.961573861999966, -8.058272225999929 ], [ -77.957811986999957, -8.059281475999967 ], [ -77.955513486999962, -8.055637225999931 ], [ -77.952723486999957, -8.055337100999964 ], [ -77.948043861999963, -8.056431975999942 ], [ -77.946348611999952, -8.050763475999929 ], [ -77.943240611999954, -8.04837947599998 ] ] ] } },
{ "type": "Feature", "properties": { "ubigeo": "131005", "departamento": "LA LIBERTAD", "provincia": "SANTIAGO DE CHUCO", "capital": "MOLLEPATA", "distrito": "MOLLEPATA", "gasto_mef_2012": 3608843.09, "gasto_mef_2013": 5153421.94, "gasto_mef_2014": 4885361.2, "gasto_mef_2015": 3103595.34, "gasto_mef_2016": 3923454.48, "gasto_mef_2017": 2811216.12, "gasto_mef_2018": 2603366.03, "gasto_mef_2019": 6093873.27, "gasto_mef_2020": 4376174.42, "gasto_mef_2021": 10504148.620000012, "gasto_mef_2022": 13419367.07, "gasto_mef_2023": 3388507.56, "gasto_mef_2024": 3590665.76, "gasto_mef_2025": 8437055.84000001, "gasto_mef_2026": 2990377.21, "num_establecimientos_salud": 2, "num_ie_activas": 21, "num_ie_inactivas": 5, "num_ie_total": 26, "poblacion_2017": 2458, "ie_activas_per_1000hab": 8.5435313262815296, "establecimientos_salud_per_1000hab": 0.81366965012205039, "gasto_mef_2026_per_capita": 1216.5895890968263, "gasto_mef_promedio_periodo": 5259295.1966666682, "gasto_mef_promedio_per_capita": 2139.6644412801743, "log_gasto_mef_2026": 14.910910429006272, "log_poblacion_2017": 7.8075100422161929, "tendencia_gasto_mef": 198875.4467142738, "tendencia_gasto_mef_per_capita": 80.909457572934826, "proporcion_ie_inactivas": 0.19230769230769232, "area_km2": 69.137966671972734, "densidad_poblacional": 35.552101375240881, "log_densidad_poblacional": 3.5987386777097639, "comunidad_louvain": 7, "cluster_graphsage": 2 }, "geometry": { "type": "Polygon", "coordinates": [ [ [ -77.906646486999989, -8.072773475999952 ], [ -77.897917986999971, -8.074109350999947 ], [ -77.897845736999955, -8.075328100999968 ], [ -77.898879986999987, -8.078799975999971 ], [ -77.90132998699994, -8.082479975999945 ], [ -77.902869986999974, -8.089039975999981 ], [ -77.905429986999934, -8.094919975999971 ], [ -77.905769986999985, -8.101199975999975 ], [ -77.904509986999983, -8.105039975999944 ], [ -77.908239986999945, -8.108629975999975 ], [ -77.909199986999965, -8.115449975999979 ], [ -77.910537861999956, -8.117611100999966 ], [ -77.910751986999969, -8.119669225999928 ], [ -77.914199986999961, -8.121439975999976 ], [ -77.913899986999979, -8.123379975999967 ], [ -77.916759986999978, -8.127759975999936 ], [ -77.916509986999984, -8.132319975999962 ], [ -77.918429986999968, -8.13394997599994 ], [ -77.918579986999987, -8.140569975999938 ], [ -77.92066998699994, -8.143459975999974 ], [ -77.920439986999952, -8.147729975999937 ], [ -77.922949986999981, -8.150389975999929 ], [ -77.926661487, -8.157439475999979 ], [ -77.931024986999944, -8.174718100999939 ], [ -77.930608611999958, -8.178739350999933 ], [ -77.931359986999951, -8.18349997599995 ], [ -77.933832861999974, -8.190279725999972 ], [ -77.934159986999987, -8.193959975999974 ], [ -77.933209986999941, -8.197009958999956 ], [ -77.936129986999958, -8.198779975999969 ], [ -77.939919986999939, -8.199099975999957 ], [ -77.942069986999968, -8.201099975999966 ], [ -77.945739986999968, -8.202229975999956 ], [ -77.950169986999981, -8.205279975999929 ], [ -77.953099986999973, -8.204819975999953 ], [ -77.956659986999966, -8.208139975999927 ], [ -77.965579986999956, -8.208209975999978 ], [ -77.966599986999938, -8.209779975999936 ], [ -77.972289986999954, -8.209009975999948 ], [ -77.979549986999984, -8.211199975999932 ], [ -77.982931486999973, -8.209599975999936 ], [ -77.987355611999988, -8.20234235099997 ], [ -77.98485236199997, -8.197451975999968 ], [ -77.98485236199997, -8.195748725999977 ], [ -77.989039986999956, -8.19128997599995 ], [ -77.990019986999982, -8.18665997599993 ], [ -77.989690111999948, -8.185307350999949 ], [ -77.979202861999966, -8.187680225999941 ], [ -77.976623986999982, -8.18695435099994 ], [ -77.974119736999967, -8.182780725999976 ], [ -77.972244736999983, -8.17750960099994 ], [ -77.967736611999953, -8.174327475999974 ], [ -77.966556486999934, -8.160470350999958 ], [ -77.960131486999956, -8.153387600999963 ], [ -77.960524361999944, -8.146383100999969 ], [ -77.955929736999963, -8.141998100999956 ], [ -77.958381611999982, -8.137262600999975 ], [ -77.957938361999936, -8.126262600999951 ], [ -77.956868361999966, -8.119795600999964 ], [ -77.959931611999934, -8.116954975999931 ], [ -77.961164736999933, -8.113340975999961 ], [ -77.957779736999953, -8.10365860099995 ], [ -77.957716111999957, -8.101494725999942 ], [ -77.952815486999953, -8.096572975999948 ], [ -77.952454861999968, -8.094112100999951 ], [ -77.953925111999979, -8.090313975999948 ], [ -77.949094361999983, -8.089925350999977 ], [ -77.944849611999985, -8.088562475999936 ], [ -77.940107986999976, -8.084353475999933 ], [ -77.934459611999955, -8.081386850999934 ], [ -77.930412111999942, -8.08214260099993 ], [ -77.918049236999934, -8.079849475999936 ], [ -77.910746736999954, -8.075958725999953 ], [ -77.906646486999989, -8.072773475999952 ] ] ] } },
{ "type": "Feature", "properties": { "ubigeo": "131006", "departamento": "LA LIBERTAD", "provincia": "SANTIAGO DE CHUCO", "capital": "QUIRUVILCA", "distrito": "QUIRUVILCA", "gasto_mef_2012": 33329794.810000025, "gasto_mef_2013": 38701937.520000033, "gasto_mef_2014": 28296858.13, "gasto_mef_2015": 19911798.45, "gasto_mef_2016": 17282130.94, "gasto_mef_2017": 24672198.8, "gasto_mef_2018": 23118906.910000015, "gasto_mef_2019": 12782211.42000001, "gasto_mef_2020": 12975643.1, "gasto_mef_2021": 15043680.36, "gasto_mef_2022": 23760265.03, "gasto_mef_2023": 36283400.790000014, "gasto_mef_2024": 16811331.57, "gasto_mef_2025": 31980241.42000001, "gasto_mef_2026": 14849850.92000001, "num_establecimientos_salud": 9, "num_ie_activas": 82, "num_ie_inactivas": 35, "num_ie_total": 117, "poblacion_2017": 13517, "ie_activas_per_1000hab": 6.0664348598061695, "establecimientos_salud_per_1000hab": 0.6658282163201894, "gasto_mef_2026_per_capita": 1098.6055278538142, "gasto_mef_promedio_periodo": 23320016.678000011, "gasto_mef_promedio_per_capita": 1725.2361232522017, "log_gasto_mef_2026": 16.513500451446095, "log_poblacion_2017": 9.5117774096602989, "tendencia_gasto_mef": -612846.09175003401, "tendencia_gasto_mef_per_capita": -45.338913349858252, "proporcion_ie_inactivas": 0.29914529914529914, "area_km2": 554.7623393952955, "densidad_poblacional": 24.365388636030808, "log_densidad_poblacional": 3.2333855926450497, "comunidad_louvain": 2, "cluster_graphsage": 6 }, "geometry": { "type": "Polygon", "coordinates": [ [ [ -78.244202111999982, -7.881346350999934 ], [ -78.239059986999962, -7.885259975999929 ], [ -78.236769986999946, -7.888149975999966 ], [ -78.223219986999936, -7.895719975999953 ], [ -78.217419986999971, -7.901999975999956 ], [ -78.216249986999969, -7.902099975999931 ], [ -78.214619986999935, -7.900069975999941 ], [ -78.214629986999967, -7.894459975999951 ], [ -78.211839986999962, -7.896849975999942 ], [ -78.210499986999935, -7.902329975999976 ], [ -78.208289986999944, -7.904319975999954 ], [ -78.205909986999984, -7.911029975999952 ], [ -78.203399986999955, -7.913459975999956 ], [ -78.198049986999933, -7.923059975999934 ], [ -78.192969986999969, -7.937109975999931 ], [ -78.189323611999953, -7.940809725999941 ], [ -78.185597111999982, -7.941018975999953 ], [ -78.182089736999956, -7.93954447599998 ], [ -78.177687736999985, -7.94259597599995 ], [ -78.174841736999952, -7.941330100999949 ], [ -78.169827611999949, -7.942667600999926 ], [ -78.168883986999958, -7.94131435099996 ], [ -78.168021986999975, -7.93428072599994 ], [ -78.166378486999974, -7.933283600999971 ], [ -78.15809098699998, -7.933123100999978 ], [ -78.154103361999944, -7.934106100999941 ], [ -78.149070611999946, -7.932809725999959 ], [ -78.145892486999969, -7.933275350999963 ], [ -78.130530486999987, -7.96220922599997 ], [ -78.127005736999934, -7.970444975999953 ], [ -78.126757986999962, -7.97545360099997 ], [ -78.122039111999982, -7.982593725999948 ], [ -78.118864236999968, -7.983769475999964 ], [ -78.117279986999961, -7.985799975999953 ], [ -78.121589986999936, -7.988489975999926 ], [ -78.124259986999959, -7.99196997599995 ], [ -78.126579986999957, -7.999329975999956 ], [ -78.12706998699997, -8.003569975999937 ], [ -78.133859986999937, -8.00518997599994 ], [ -78.13434998699995, -8.008249975999945 ], [ -78.132759986999986, -8.014459975999955 ], [ -78.137349986999936, -8.018739975999949 ], [ -78.138029986999982, -8.020829975999959 ], [ -78.135689986999978, -8.029589975999954 ], [ -78.133079986999974, -8.032639975999928 ], [ -78.130019986999969, -8.034479975999943 ], [ -78.13022998699995, -8.040539975999934 ], [ -78.133639986999981, -8.046369975999937 ], [ -78.133449986999949, -8.04885997599996 ], [ -78.135539986999959, -8.050739975999932 ], [ -78.138969986999939, -8.051579975999971 ], [ -78.141849986999944, -8.054659975999925 ], [ -78.143939986999953, -8.054919975999951 ], [ -78.150239986999964, -8.058099975999937 ], [ -78.157239986999969, -8.065809975999969 ], [ -78.157799986999976, -8.069789975999981 ], [ -78.155839986999979, -8.074489975999938 ], [ -78.157609986999944, -8.084249975999967 ], [ -78.164119986999935, -8.09401997599997 ], [ -78.164109986999961, -8.102349975999971 ], [ -78.161459986999944, -8.108429975999968 ], [ -78.163859986999967, -8.10848997599993 ], [ -78.166140014999939, -8.107369995999932 ], [ -78.170979986999953, -8.107369975999973 ], [ -78.172819986999968, -8.109629975999951 ], [ -78.177399986999944, -8.111399975999973 ], [ -78.195491111999957, -8.121925100999931 ], [ -78.21504336199996, -8.122306100999936 ], [ -78.219823236999957, -8.118718600999955 ], [ -78.22116411199994, -8.118597600999976 ], [ -78.226291236999941, -8.120349225999973 ], [ -78.231468611999958, -8.12470372599995 ], [ -78.246377486999961, -8.120688475999941 ], [ -78.247678736999944, -8.121134600999937 ], [ -78.251210736999951, -8.125335850999932 ], [ -78.255750236999972, -8.129099975999964 ], [ -78.264706736999983, -8.132511350999948 ], [ -78.267011861999947, -8.137456225999927 ], [ -78.266416986999957, -8.144148350999956 ], [ -78.272908236999967, -8.158380850999947 ], [ -78.271351611999989, -8.16177935099995 ], [ -78.266490236999971, -8.167371100999958 ], [ -78.266214986999955, -8.17120672599998 ], [ -78.271908737, -8.175686725999981 ], [ -78.276229986999965, -8.18253997599993 ], [ -78.277559986999961, -8.183089975999962 ], [ -78.283299986999964, -8.189829975999942 ], [ -78.286749986999951, -8.191449975999944 ], [ -78.295347986999957, -8.203849975999958 ], [ -78.299522861999947, -8.207846475999929 ], [ -78.29933336199997, -8.200307975999976 ], [ -78.301313736999987, -8.185100850999959 ], [ -78.302445486999943, -8.181281475999981 ], [ -78.302398486999948, -8.175511725999968 ], [ -78.304142986999977, -8.168585350999933 ], [ -78.311777861999985, -8.161487350999948 ], [ -78.320805361999987, -8.157273350999958 ], [ -78.32439261199994, -8.154115225999931 ], [ -78.316303861999984, -8.14631910099996 ], [ -78.315820486999939, -8.143499475999931 ], [ -78.317956361999961, -8.13808847599995 ], [ -78.318531736999944, -8.135019475999968 ], [ -78.317956361999961, -8.133139725999968 ], [ -78.313049861999957, -8.128586350999967 ], [ -78.311361861999956, -8.12545585099997 ], [ -78.308200861999978, -8.114867975999971 ], [ -78.303359861999979, -8.113055475999943 ], [ -78.30205061199996, -8.105735850999963 ], [ -78.299239611999951, -8.103052475999959 ], [ -78.298549986999944, -8.101099725999973 ], [ -78.299978486999976, -8.097711100999959 ], [ -78.297766487, -8.091390475999958 ], [ -78.300139736999938, -8.084234725999977 ], [ -78.298257861999957, -8.08128122599993 ], [ -78.291729736999969, -8.077220475999979 ], [ -78.289761486999964, -8.075073225999972 ], [ -78.288283361999959, -8.062971975999972 ], [ -78.289633736999974, -8.061744350999959 ], [ -78.294145111999967, -8.060363225999936 ], [ -78.300067986999977, -8.053519600999948 ], [ -78.303712861999941, -8.051851600999953 ], [ -78.309410111999966, -8.052191350999976 ], [ -78.314021611999976, -8.055148600999928 ], [ -78.319985736999968, -8.05753997599993 ], [ -78.328196736999985, -8.055426100999966 ], [ -78.335023611999986, -8.046184600999936 ], [ -78.337018361999981, -8.044586475999949 ], [ -78.340486361999979, -8.043913725999971 ], [ -78.347330111999952, -8.040507225999932 ], [ -78.35342673699995, -8.03338122599996 ], [ -78.354781236999941, -8.029960975999927 ], [ -78.351742486999967, -8.02677160099995 ], [ -78.352218611999945, -8.025034600999959 ], [ -78.361109987999953, -8.022929975999944 ], [ -78.369829987999935, -8.017419975999928 ], [ -78.375899987999958, -8.016509975999952 ], [ -78.382269987999962, -8.017019975999972 ], [ -78.383619987999964, -8.014509975999943 ], [ -78.388129987999946, -8.012429975999964 ], [ -78.391019987999982, -8.009529975999953 ], [ -78.393473612999969, -8.004976350999925 ], [ -78.393892487999949, -8.002443350999954 ], [ -78.398953487999961, -7.99474347599994 ], [ -78.403382862999933, -7.991183600999932 ], [ -78.406147737999959, -7.990096475999962 ], [ -78.398446987999989, -7.982692975999953 ], [ -78.388273237999954, -7.977017725999929 ], [ -78.383058737999988, -7.978389850999974 ], [ -78.378592112999968, -7.976355600999966 ], [ -78.376418737999984, -7.973438975999954 ], [ -78.37159498799997, -7.961982600999931 ], [ -78.368272862999959, -7.95710597599998 ], [ -78.366223113, -7.95018347599995 ], [ -78.358833987999958, -7.947462850999955 ], [ -78.351294361999976, -7.948803100999953 ], [ -78.346279361999962, -7.947213725999973 ], [ -78.344434111999988, -7.946374975999959 ], [ -78.340761111999939, -7.939116600999967 ], [ -78.33846598699995, -7.937368100999947 ], [ -78.32759148699995, -7.933542725999928 ], [ -78.324455111999953, -7.930074225999931 ], [ -78.322743361999983, -7.92214710099995 ], [ -78.322830736999947, -7.913497475999975 ], [ -78.320469986999967, -7.905949975999931 ], [ -78.31781998699995, -7.904929975999949 ], [ -78.316339986999935, -7.903339975999927 ], [ -78.307919986999934, -7.901279975999955 ], [ -78.306249986999944, -7.898539975999938 ], [ -78.30599998699995, -7.896589975999973 ], [ -78.303439986999933, -7.894209975999956 ], [ -78.300349986999947, -7.893729975999975 ], [ -78.298980149999977, -7.892559934999952 ], [ -78.297527611999953, -7.893361350999953 ], [ -78.295031736999988, -7.893095725999956 ], [ -78.289612986999941, -7.888901850999957 ], [ -78.279759236999951, -7.88907035099993 ], [ -78.272719111999947, -7.887776975999941 ], [ -78.267998611999985, -7.889685350999969 ], [ -78.263412861999939, -7.893109975999948 ], [ -78.260204611999939, -7.893582350999964 ], [ -78.254499611999961, -7.888881850999951 ], [ -78.249475236999956, -7.882928350999975 ], [ -78.247139986999969, -7.881421600999943 ], [ -78.244202111999982, -7.881346350999934 ] ] ] } },
{ "type": "Feature", "properties": { "ubigeo": "131007", "departamento": "LA LIBERTAD", "provincia": "SANTIAGO DE CHUCO", "capital": "SANTA CRUZ DE CHUCA", "distrito": "SANTA CRUZ DE CHUCA", "gasto_mef_2012": 11251504.7, "gasto_mef_2013": 16325137.22, "gasto_mef_2014": 10532988.12, "gasto_mef_2015": 7768644.66000001, "gasto_mef_2016": 4516832.97, "gasto_mef_2017": 3176857.52, "gasto_mef_2018": 2652706.45, "gasto_mef_2019": 6161791.94, "gasto_mef_2020": 4786213.63, "gasto_mef_2021": 2148914.05, "gasto_mef_2022": 8498793.08, "gasto_mef_2023": 10903706.39, "gasto_mef_2024": 3327292.93, "gasto_mef_2025": 5415088.96, "gasto_mef_2026": 3445498.69, "num_establecimientos_salud": 3, "num_ie_activas": 23, "num_ie_inactivas": 15, "num_ie_total": 38, "poblacion_2017": 3029, "ie_activas_per_1000hab": 7.5932651039947174, "establecimientos_salud_per_1000hab": 0.99042588312974589, "gasto_mef_2026_per_capita": 1137.503694288544, "gasto_mef_promedio_periodo": 6727464.7539999988, "gasto_mef_promedio_per_capita": 2221.0184067348955, "log_gasto_mef_2026": 15.052579499806967, "log_poblacion_2017": 8.0163178985034147, "tendencia_gasto_mef": -469882.35746426095, "tendencia_gasto_mef_per_capita": -155.12788295287584, "proporcion_ie_inactivas": 0.39473684210526316, "area_km2": 167.91087520684576, "densidad_poblacional": 18.039331855477737, "log_densidad_poblacional": 2.9465069371234254, "comunidad_louvain": 7, "cluster_graphsage": 2 }, "geometry": { "type": "Polygon", "coordinates": [ [ [ -78.031678236999937, -8.061550975999978 ], [ -78.024999982999987, -8.064529663999963 ], [ -78.01351948699994, -8.066064475999951 ], [ -78.018070236999961, -8.068884725999965 ], [ -78.022570361999954, -8.074373100999935 ], [ -78.028781236999976, -8.079126975999941 ], [ -78.032769986999938, -8.078879975999939 ], [ -78.034959986999979, -8.079629975999978 ], [ -78.042519986999935, -8.08580997599995 ], [ -78.049309986999958, -8.088919975999943 ], [ -78.052039986999944, -8.089629975999969 ], [ -78.05474998699998, -8.089129975999981 ], [ -78.055329986999936, -8.094809975999965 ], [ -78.05886998699998, -8.099799975999929 ], [ -78.063359986999956, -8.102889975999972 ], [ -78.063839986999938, -8.104599975999975 ], [ -78.068279986999983, -8.107719975999942 ], [ -78.069949986999973, -8.110189975999958 ], [ -78.071859986999982, -8.109259975999976 ], [ -78.076109986999938, -8.112899975999937 ], [ -78.079179986999975, -8.110589975999972 ], [ -78.080709986999977, -8.110589975999972 ], [ -78.085060986999963, -8.155513975999952 ], [ -78.086126361999959, -8.156316975999971 ], [ -78.090563736999968, -8.156936100999928 ], [ -78.096383861999982, -8.162487975999966 ], [ -78.093785486999934, -8.167529350999928 ], [ -78.089423346999979, -8.168879194999931 ], [ -78.084757947999947, -8.172023268999965 ], [ -78.083794441999942, -8.17694222199998 ], [ -78.084392611999988, -8.188204225999925 ], [ -78.083959236999988, -8.18989660099993 ], [ -78.079356736999955, -8.196232725999948 ], [ -78.079769486999965, -8.203662850999933 ], [ -78.078799486999969, -8.209008350999966 ], [ -78.077554361999944, -8.210765600999935 ], [ -78.062460986999952, -8.219820350999953 ], [ -78.058517172999984, -8.226594260999946 ], [ -78.056810525999936, -8.225141796999935 ], [ -78.053700041999946, -8.219790014999944 ], [ -78.052010041999949, -8.21903001499993 ], [ -78.04712004199996, -8.213580014999934 ], [ -78.044900041999938, -8.212240014999963 ], [ -78.042380041999934, -8.212000014999944 ], [ -78.038020041999971, -8.216010014999938 ], [ -78.033750041999951, -8.225000014999978 ], [ -78.030530041999953, -8.235840014999951 ], [ -78.02901998699997, -8.237329975999955 ], [ -78.028669986999944, -8.239149975999965 ], [ -78.035119986999973, -8.246799975999977 ], [ -78.035439986999961, -8.250009975999944 ], [ -78.034489986999972, -8.253149975999975 ], [ -78.036799986999938, -8.255949975999954 ], [ -78.04550773699998, -8.257872350999946 ], [ -78.05823411199998, -8.268808725999975 ], [ -78.064719986999989, -8.270910350999941 ], [ -78.066461236999942, -8.277585475999956 ], [ -78.067375736999963, -8.278630975999931 ], [ -78.070436736999966, -8.279336100999956 ], [ -78.074543861999985, -8.281841725999925 ], [ -78.07966836199995, -8.280748225999957 ], [ -78.081980486999953, -8.281085850999943 ], [ -78.087052111999981, -8.286303725999971 ], [ -78.089807361999988, -8.293789225999944 ], [ -78.091537736999953, -8.294606725999927 ], [ -78.094249986999955, -8.294129975999965 ], [ -78.09679998699994, -8.299199975999954 ], [ -78.099719986999958, -8.301269975999958 ], [ -78.102229986999987, -8.305379975999927 ], [ -78.106539986999962, -8.307239975999948 ], [ -78.111609986999952, -8.308279975999938 ], [ -78.116439986999978, -8.310689975999935 ], [ -78.119149986999957, -8.308509975999925 ], [ -78.119509986999958, -8.30595997599994 ], [ -78.117999986999962, -8.302839975999973 ], [ -78.114909986999976, -8.301109975999964 ], [ -78.111839986999939, -8.298129975999927 ], [ -78.11210998699994, -8.295959975999949 ], [ -78.114949986999989, -8.290339975999927 ], [ -78.113549986999942, -8.284199975999968 ], [ -78.11375998699998, -8.281979975999946 ], [ -78.118429986999956, -8.272559975999968 ], [ -78.12374998699994, -8.267379975999972 ], [ -78.125809986999968, -8.26050997599998 ], [ -78.130999986999939, -8.252199975999929 ], [ -78.131129986999952, -8.245949975999963 ], [ -78.134279986999957, -8.241559975999962 ], [ -78.135089986999958, -8.238619975999939 ], [ -78.131919986999947, -8.22936997599993 ], [ -78.122359986999982, -8.221009975999948 ], [ -78.11900998699997, -8.215719975999946 ], [ -78.119259986999964, -8.210949975999938 ], [ -78.117789986999981, -8.205759975999968 ], [ -78.120819986999948, -8.199059975999944 ], [ -78.124159986999985, -8.194729975999962 ], [ -78.125449986999968, -8.190969975999963 ], [ -78.134609986999976, -8.180939975999934 ], [ -78.135969986999953, -8.177609975999928 ], [ -78.134839986999964, -8.174729975999981 ], [ -78.135899986999959, -8.167669975999956 ], [ -78.135209986999939, -8.163469975999931 ], [ -78.140569986999935, -8.158449975999929 ], [ -78.141529986999956, -8.15451997599996 ], [ -78.143839986999978, -8.152269975999957 ], [ -78.143589986999984, -8.14988997599994 ], [ -78.147969986999954, -8.142749975999948 ], [ -78.149239986999987, -8.136849975999951 ], [ -78.157859986999938, -8.124809975999938 ], [ -78.161009986999943, -8.119219975999954 ], [ -78.161053736999975, -8.117124100999945 ], [ -78.157136861999959, -8.114148600999954 ], [ -78.150107736999985, -8.111433850999958 ], [ -78.144469361999938, -8.107360100999927 ], [ -78.132448111999963, -8.104347725999958 ], [ -78.126871111999947, -8.104433600999926 ], [ -78.119567236999956, -8.101811225999938 ], [ -78.117628111999977, -8.100308350999967 ], [ -78.113917111999967, -8.092599600999961 ], [ -78.111408236999978, -8.089587850999976 ], [ -78.106342486999949, -8.091806850999944 ], [ -78.099472111999944, -8.093317475999982 ], [ -78.097196486999962, -8.094845100999976 ], [ -78.093406861999938, -8.095589350999944 ], [ -78.090202986999941, -8.095221600999935 ], [ -78.082219986999974, -8.089979975999938 ], [ -78.079452361999984, -8.087316475999955 ], [ -78.070133111999951, -8.084675975999971 ], [ -78.056319794, -8.077289823999934 ], [ -78.050632861999986, -8.070640475999937 ], [ -78.035786111999982, -8.06900860099995 ], [ -78.034947736999982, -8.067918725999959 ], [ -78.034804986999973, -8.062787100999969 ], [ -78.031678236999937, -8.061550975999978 ] ] ] } },
{ "type": "Feature", "properties": { "ubigeo": "131008", "departamento": "LA LIBERTAD", "provincia": "SANTIAGO DE CHUCO", "capital": "SITABAMBA", "distrito": "SITABAMBA", "gasto_mef_2012": 6518846.84, "gasto_mef_2013": 8789768.36, "gasto_mef_2014": 10224477.35, "gasto_mef_2015": 5341465.53, "gasto_mef_2016": 4269431.25, "gasto_mef_2017": 4675399.1, "gasto_mef_2018": 5742385.62, "gasto_mef_2019": 4353429.3, "gasto_mef_2020": 5521107.92, "gasto_mef_2021": 3668976.37, "gasto_mef_2022": 5691502.82, "gasto_mef_2023": 7974927.04000001, "gasto_mef_2024": 11802728.91, "gasto_mef_2025": 7107526.62, "gasto_mef_2026": 1588821.81, "num_establecimientos_salud": 4, "num_ie_activas": 35, "num_ie_inactivas": 2, "num_ie_total": 37, "poblacion_2017": 3625, "ie_activas_per_1000hab": 9.6551724137931032, "establecimientos_salud_per_1000hab": 1.103448275862069, "gasto_mef_2026_per_capita": 438.29567172413806, "gasto_mef_promedio_periodo": 6218052.9893333334, "gasto_mef_promedio_per_capita": 1715.3249625747126, "log_gasto_mef_2026": 14.278503928917219, "log_poblacion_2017": 8.1958853913147962, "tendencia_gasto_mef": -86237.250928560112, "tendencia_gasto_mef_per_capita": -23.789586463051066, "proporcion_ie_inactivas": 0.054054054054054057, "area_km2": 315.39536439355385, "densidad_poblacional": 11.493510714623834, "log_densidad_poblacional": 2.5252093666768669, "comunidad_louvain": 7, "cluster_graphsage": 1 }, "geometry": { "type": "Polygon", "coordinates": [ [ [ -77.711887236999985, -7.957872600999963 ], [ -77.710958611999956, -7.960475600999928 ], [ -77.70851761199998, -7.962992225999926 ], [ -77.704417986999943, -7.960970975999942 ], [ -77.703168736999942, -7.96106010099993 ], [ -77.701882611999963, -7.962393725999959 ], [ -77.700759861999984, -7.966510725999967 ], [ -77.698654611999984, -7.970346975999973 ], [ -77.691262861999974, -7.975960975999953 ], [ -77.683272236999983, -7.977431850999949 ], [ -77.669925736999971, -7.983261100999925 ], [ -77.661529986999938, -7.982279975999973 ], [ -77.65508998699994, -7.984069975999944 ], [ -77.64720998699994, -7.984839975999932 ], [ -77.640815986999939, -7.983332975999929 ], [ -77.640366736999965, -7.988692225999955 ], [ -77.642278861999955, -7.998407225999927 ], [ -77.641614986999969, -8.00702985099997 ], [ -77.645306986999969, -8.014654850999932 ], [ -77.647029986999939, -8.028319975999977 ], [ -77.649369986999943, -8.031819975999952 ], [ -77.647789986999953, -8.038069975999974 ], [ -77.648979986999962, -8.043689975999939 ], [ -77.648719986999936, -8.04709997599997 ], [ -77.647411111999986, -8.04970747599998 ], [ -77.647909986999935, -8.050717600999974 ], [ -77.652079986999979, -8.050947600999962 ], [ -77.65437998699997, -8.052887600999952 ], [ -77.657769986999938, -8.05293760099994 ], [ -77.662139986999989, -8.055107600999975 ], [ -77.665949986999976, -8.05816760099998 ], [ -77.683679986999948, -8.062827600999981 ], [ -77.686419986999965, -8.062857600999962 ], [ -77.690979986999935, -8.060387600999945 ], [ -77.696599986999956, -8.063677600999938 ], [ -77.700059986999975, -8.064277600999958 ], [ -77.701549486999966, -8.066303975999972 ], [ -77.710182736999968, -8.068590850999954 ], [ -77.718391986999961, -8.073471600999937 ], [ -77.726888595999981, -8.071795329999929 ], [ -77.736178361999976, -8.072635600999945 ], [ -77.743388111999934, -8.070184725999979 ], [ -77.744514111999933, -8.073384225999973 ], [ -77.751271736999968, -8.077438850999954 ], [ -77.75677411199996, -8.076980600999946 ], [ -77.761046611999973, -8.075226350999969 ], [ -77.763773861999937, -8.075572850999947 ], [ -77.766842986999961, -8.078017725999928 ], [ -77.772259861999942, -8.077337975999967 ], [ -77.785784861999957, -8.079198850999944 ], [ -77.791698736999933, -8.077652100999956 ], [ -77.792990861999954, -8.076415975999964 ], [ -77.79415536199997, -8.072466100999975 ], [ -77.795796861999975, -8.071015600999942 ], [ -77.804452986999934, -8.069798850999973 ], [ -77.810441361999949, -8.06773497599994 ], [ -77.820813486999953, -8.069918475999941 ], [ -77.826033736999989, -8.070148975999928 ], [ -77.831276611999954, -8.074831600999971 ], [ -77.833278236999945, -8.075741475999962 ], [ -77.839565986999958, -8.074532475999945 ], [ -77.847338361999959, -8.075338225999928 ], [ -77.852208111999971, -8.074779475999946 ], [ -77.859632111999986, -8.066716600999939 ], [ -77.864390611999966, -8.058325475999936 ], [ -77.866640361999941, -8.056446225999935 ], [ -77.869476986999985, -8.055961600999979 ], [ -77.876447611999936, -8.059030725999946 ], [ -77.883522236999966, -8.063712475999978 ], [ -77.888222736999978, -8.063148475999981 ], [ -77.891278111999952, -8.061453850999953 ], [ -77.895625611999947, -8.061949100999925 ], [ -77.896940486999938, -8.063226225999927 ], [ -77.897917986999971, -8.074109350999947 ], [ -77.906646486999989, -8.072773475999952 ], [ -77.910746736999954, -8.075958725999953 ], [ -77.917821986999968, -8.079777600999932 ], [ -77.930412111999942, -8.08214260099993 ], [ -77.930895986999985, -8.077967975999968 ], [ -77.932238361999964, -8.074963725999964 ], [ -77.931189986999982, -8.073959975999969 ], [ -77.931349986999976, -8.07300997599998 ], [ -77.936336111999935, -8.065932350999958 ], [ -77.935519736999936, -8.062844225999982 ], [ -77.933179486999961, -8.059592350999935 ], [ -77.934905736999951, -8.049474350999958 ], [ -77.943240611999954, -8.04837947599998 ], [ -77.946348611999952, -8.050763475999929 ], [ -77.948043861999963, -8.056431975999942 ], [ -77.952723486999957, -8.055337100999964 ], [ -77.956398486999944, -8.056290975999957 ], [ -77.956687736999982, -8.053724225999929 ], [ -77.955305986999974, -8.04910285099993 ], [ -77.961730361999969, -8.039329600999963 ], [ -77.964183736999985, -8.033499975999973 ], [ -77.96449348699997, -8.030949225999962 ], [ -77.962929736999968, -8.025880850999954 ], [ -77.963594111999953, -8.021890600999939 ], [ -77.966452986999968, -8.015080600999966 ], [ -77.970633861999943, -8.012773225999979 ], [ -77.968500361999986, -8.011648100999935 ], [ -77.958643111999947, -8.000487975999931 ], [ -77.958463736999988, -7.994511350999971 ], [ -77.962174111999957, -7.979910350999944 ], [ -77.961880486999974, -7.974865350999949 ], [ -77.960639986999979, -7.970639975999973 ], [ -77.956850611999982, -7.971873100999971 ], [ -77.952657736999981, -7.975447850999956 ], [ -77.932478986999968, -7.984107225999935 ], [ -77.929760986999952, -7.988379350999935 ], [ -77.924490236999986, -7.992277350999927 ], [ -77.92547998699996, -7.996533100999955 ], [ -77.923987111999963, -7.998245475999965 ], [ -77.919991486999947, -8.000221350999936 ], [ -77.917830111999933, -7.99976397599994 ], [ -77.916178861999981, -7.994803100999945 ], [ -77.910199986999942, -7.994952350999938 ], [ -77.90560936199995, -7.993077475999939 ], [ -77.891677361999939, -7.994734850999976 ], [ -77.887815861999968, -7.99958722599996 ], [ -77.885492111999952, -7.998049475999949 ], [ -77.878775736999955, -7.988433475999955 ], [ -77.877359986999977, -7.979319975999942 ], [ -77.871299986999986, -7.982709975999967 ], [ -77.867329986999948, -7.986379975999967 ], [ -77.864588236999964, -7.987199350999958 ], [ -77.86003636199996, -7.986437100999979 ], [ -77.853274111999951, -7.982863975999976 ], [ -77.847409861999949, -7.981392350999954 ], [ -77.838274486999978, -7.97517660099993 ], [ -77.832071611999936, -7.981159100999946 ], [ -77.82673523699998, -7.983783475999928 ], [ -77.824684736999984, -7.987460975999966 ], [ -77.821236486999965, -7.990485225999976 ], [ -77.815329986999984, -7.99432997599996 ], [ -77.81017998699997, -8.002199975999929 ], [ -77.80805223699997, -8.003161225999975 ], [ -77.803927361999968, -8.007417850999957 ], [ -77.795819986999959, -8.006699975999936 ], [ -77.789209986999936, -8.007899975999976 ], [ -77.787599986999965, -8.006709975999968 ], [ -77.784869986999979, -8.00665997599998 ], [ -77.782329986999969, -8.00763997599995 ], [ -77.775999986999977, -8.003359975999956 ], [ -77.76773998699997, -8.00411997599997 ], [ -77.764119986999958, -8.003129975999968 ], [ -77.759712861999958, -8.003705725999964 ], [ -77.755309986999976, -8.002419975999942 ], [ -77.753510156999937, -8.000190069999974 ], [ -77.757279986999947, -7.996629975999952 ], [ -77.757486361999952, -7.994602100999941 ], [ -77.75626411199994, -7.990678725999942 ], [ -77.752009361999967, -7.98603985099993 ], [ -77.740519486999972, -7.980128725999975 ], [ -77.735068361999936, -7.975748100999965 ], [ -77.72805286199997, -7.972795475999931 ], [ -77.723813611999958, -7.968669725999973 ], [ -77.719691861999934, -7.968233225999938 ], [ -77.718806986999937, -7.966233100999943 ], [ -77.718253736999941, -7.958537100999934 ], [ -77.711887236999985, -7.957872600999963 ] ] ] } },
{ "type": "Feature", "properties": { "ubigeo": "131101", "departamento": "LA LIBERTAD", "provincia": "GRAN CHIMU", "capital": "CASCAS", "distrito": "CASCAS", "gasto_mef_2012": 25311141.839999966, "gasto_mef_2013": 31416067.819999944, "gasto_mef_2014": 48075169.019999951, "gasto_mef_2015": 47515615.81999997, "gasto_mef_2016": 43908604.220000029, "gasto_mef_2017": 46679240.829999916, "gasto_mef_2018": 48415193.580000058, "gasto_mef_2019": 58709835.970000073, "gasto_mef_2020": 77104906.430000052, "gasto_mef_2021": 90008893.050000027, "gasto_mef_2022": 87195094.98999989, "gasto_mef_2023": 89669108.680000022, "gasto_mef_2024": 100781502.54000002, "gasto_mef_2025": 102900836.18999992, "gasto_mef_2026": 45300258.37, "num_establecimientos_salud": 5, "num_ie_activas": 109, "num_ie_inactivas": 61, "num_ie_total": 170, "poblacion_2017": 14054, "ie_activas_per_1000hab": 7.755799060765618, "establecimientos_salud_per_1000hab": 0.35577059911768893, "gasto_mef_2026_per_capita": 3223.3000120962001, "gasto_mef_promedio_periodo": 62866097.956666663, "gasto_mef_promedio_per_capita": 4473.1818668469232, "log_gasto_mef_2026": 17.628823316043935, "log_poblacion_2017": 9.5507334833406325, "tendencia_gasto_mef": 4450666.2663211413, "tendencia_gasto_mef_per_capita": 316.68324080839199, "proporcion_ie_inactivas": 0.35882352941176471, "area_km2": 466.85710059441084, "densidad_poblacional": 30.103429897727153, "log_densidad_poblacional": 3.437318099204675, "comunidad_louvain": 4, "cluster_graphsage": 6 }, "geometry": { "type": "Polygon", "coordinates": [ [ [ -78.789340987999935, -7.395199600999945 ], [ -78.786935612999969, -7.396650350999948 ], [ -78.783904987999961, -7.402599975999976 ], [ -78.783675737999943, -7.404628850999927 ], [ -78.78591623799997, -7.41174485099998 ], [ -78.78386798799994, -7.416338725999935 ], [ -78.782640737999941, -7.422665225999936 ], [ -78.781287487999975, -7.42366872599996 ], [ -78.779729987999985, -7.423649975999979 ], [ -78.778429987999971, -7.421709975999931 ], [ -78.77701998799995, -7.416059975999929 ], [ -78.774389987999939, -7.414719975999958 ], [ -78.772079987999973, -7.411809975999972 ], [ -78.765969987999938, -7.408769975999974 ], [ -78.762349987999983, -7.408659975999967 ], [ -78.760119987999985, -7.40197997599995 ], [ -78.745265862999986, -7.407002600999931 ], [ -78.744310237999969, -7.408082350999962 ], [ -78.743391612999972, -7.413301975999957 ], [ -78.739220612999986, -7.419233350999946 ], [ -78.738219987999969, -7.420089975999929 ], [ -78.733719987999962, -7.420679975999974 ], [ -78.725759987999936, -7.417839975999925 ], [ -78.717349987999967, -7.411189975999946 ], [ -78.713329987999941, -7.409639975999937 ], [ -78.70995998799998, -7.412109975999954 ], [ -78.706229987999961, -7.411999975999947 ], [ -78.703589987999976, -7.413739975999931 ], [ -78.700709987999971, -7.413719975999925 ], [ -78.699069987999962, -7.414589975999945 ], [ -78.69622998799997, -7.413359975999981 ], [ -78.688639987999977, -7.414079975999925 ], [ -78.685099987999934, -7.411809975999972 ], [ -78.67329998799994, -7.41161997599994 ], [ -78.670749987999955, -7.410689975999958 ], [ -78.667812237999954, -7.408995225999945 ], [ -78.664783862999968, -7.40586160099997 ], [ -78.663993737999988, -7.40362135099997 ], [ -78.66143961299997, -7.40649347599998 ], [ -78.662466612999935, -7.412997850999943 ], [ -78.65527461299996, -7.422468725999977 ], [ -78.65493523799995, -7.426032850999945 ], [ -78.652196612999944, -7.427612850999935 ], [ -78.646035487999939, -7.427708850999977 ], [ -78.642795612999976, -7.429219100999944 ], [ -78.639108987999975, -7.43253710099998 ], [ -78.634978737999973, -7.440999100999932 ], [ -78.629842737999979, -7.445499975999951 ], [ -78.629335237999953, -7.449812600999962 ], [ -78.627794737999977, -7.452641850999953 ], [ -78.629498112999954, -7.466269225999952 ], [ -78.627545362999967, -7.470610600999976 ], [ -78.627317237999989, -7.478857350999931 ], [ -78.632075487999941, -7.484295975999942 ], [ -78.630934987999979, -7.489495100999932 ], [ -78.631349737999983, -7.491805850999981 ], [ -78.635538487999952, -7.49908635099996 ], [ -78.636199362999946, -7.504302475999964 ], [ -78.639618612999982, -7.507918725999957 ], [ -78.642470987999957, -7.513488725999935 ], [ -78.644282737999958, -7.514529350999965 ], [ -78.644331737999948, -7.516536975999941 ], [ -78.647000113, -7.520448725999927 ], [ -78.647784362999971, -7.524561225999946 ], [ -78.650242362999961, -7.527798600999972 ], [ -78.640783487999954, -7.537319475999936 ], [ -78.638105612999937, -7.538792350999927 ], [ -78.634004112999946, -7.542742975999943 ], [ -78.625109987999963, -7.548309975999928 ], [ -78.628419987999962, -7.549939975999962 ], [ -78.633679987999983, -7.554749975999925 ], [ -78.63924998799996, -7.556009975999928 ], [ -78.645199987999945, -7.559889975999965 ], [ -78.648139987999969, -7.560459975999947 ], [ -78.650779987999954, -7.562749975999964 ], [ -78.655319987999974, -7.564669975999948 ], [ -78.662849987999948, -7.569819975999962 ], [ -78.667519987999981, -7.571179975999939 ], [ -78.672529987999951, -7.575159975999952 ], [ -78.685587862999967, -7.582559600999957 ], [ -78.694399987999986, -7.584719975999974 ], [ -78.696777862999966, -7.58463147599997 ], [ -78.700127987999963, -7.581207225999947 ], [ -78.701820487999953, -7.57767447599997 ], [ -78.704955737999967, -7.576220475999946 ], [ -78.706159987999968, -7.573279975999981 ], [ -78.706286987999988, -7.56967797599998 ], [ -78.708941612999979, -7.567982975999939 ], [ -78.711819987999945, -7.563779975999978 ], [ -78.714569987999937, -7.561609975999943 ], [ -78.716729973999975, -7.561389977999966 ], [ -78.719145362999939, -7.563308725999946 ], [ -78.721414737999964, -7.564092225999957 ], [ -78.724579987999959, -7.56356997599994 ], [ -78.727419987999951, -7.565089975999967 ], [ -78.731759987999965, -7.563019975999964 ], [ -78.73457998799995, -7.563149975999977 ], [ -78.73679373799996, -7.564724225999953 ], [ -78.740599987999985, -7.564569975999973 ], [ -78.744839987999967, -7.558479975999944 ], [ -78.750954237999963, -7.556135100999938 ], [ -78.755109987999958, -7.555709975999946 ], [ -78.762076237999963, -7.553114350999977 ], [ -78.76756136299997, -7.55267410099998 ], [ -78.772371987999975, -7.550660600999947 ], [ -78.77361998799995, -7.549339975999942 ], [ -78.777800237999941, -7.551396100999966 ], [ -78.779889487999981, -7.550257475999956 ], [ -78.787779987999954, -7.549049975999935 ], [ -78.790289987999984, -7.549449975999948 ], [ -78.792639987999962, -7.550709975999951 ], [ -78.793909987999939, -7.552789975999929 ], [ -78.794460106999964, -7.556700107999973 ], [ -78.797429987999976, -7.558659975999944 ], [ -78.799039987999947, -7.564139975999979 ], [ -78.803179987999954, -7.566429975999938 ], [ -78.805349987999989, -7.568929975999936 ], [ -78.807319987999961, -7.573269975999949 ], [ -78.812399987999981, -7.575329975999978 ], [ -78.823103862999972, -7.574667225999974 ], [ -78.825449987999946, -7.575609975999953 ], [ -78.827549987999987, -7.578039975999957 ], [ -78.830589987999986, -7.57932997599994 ], [ -78.831649987999981, -7.585993850999955 ], [ -78.835799987999962, -7.588749975999974 ], [ -78.838954612999942, -7.590051225999957 ], [ -78.84421423799995, -7.588962850999962 ], [ -78.846529987999986, -7.589359975999969 ], [ -78.851729987999988, -7.593139975999975 ], [ -78.855266362999942, -7.59337285099997 ], [ -78.858414362999952, -7.595160600999975 ], [ -78.866995112999973, -7.59382760099993 ], [ -78.871583987999941, -7.592180725999981 ], [ -78.878861237999956, -7.593278100999953 ], [ -78.882413362999955, -7.592350600999964 ], [ -78.885589987999936, -7.593009975999962 ], [ -78.887510007999936, -7.594679979999967 ], [ -78.894290362999982, -7.594958350999946 ], [ -78.897137237999971, -7.596216350999953 ], [ -78.907763487999944, -7.598070100999962 ], [ -78.912333487999945, -7.600179600999979 ], [ -78.914257612999961, -7.601935100999981 ], [ -78.918204112999945, -7.602693475999956 ], [ -78.930492862999984, -7.610375850999958 ], [ -78.934476487999973, -7.613780850999945 ], [ -78.941451237999956, -7.617035975999954 ], [ -78.942940737999947, -7.622786850999944 ], [ -78.944192237999971, -7.621043100999941 ], [ -78.944350612999983, -7.618667350999942 ], [ -78.94233686299998, -7.611992475999955 ], [ -78.94226211299997, -7.609017100999949 ], [ -78.943188987999974, -7.60690272599993 ], [ -78.942971737999983, -7.60260197599996 ], [ -78.944492237999953, -7.599821600999974 ], [ -78.944343737999986, -7.598417975999951 ], [ -78.940753237999957, -7.597715350999977 ], [ -78.936494112999981, -7.594904350999968 ], [ -78.935149487999979, -7.587843975999931 ], [ -78.935158237999985, -7.581851600999926 ], [ -78.932616112999938, -7.579454975999965 ], [ -78.930937987999982, -7.574899725999956 ], [ -78.92754886299997, -7.572716850999939 ], [ -78.926593612999966, -7.570092100999943 ], [ -78.925071737999986, -7.569658225999945 ], [ -78.922249362999935, -7.566573225999946 ], [ -78.919098862999988, -7.565377725999952 ], [ -78.914642612999955, -7.559988225999973 ], [ -78.912773987999969, -7.551086600999952 ], [ -78.909245362999968, -7.548153350999939 ], [ -78.907390612999961, -7.547554600999945 ], [ -78.905538237999963, -7.544547475999934 ], [ -78.895908363, -7.537437350999937 ], [ -78.886061112999982, -7.533440600999938 ], [ -78.883804487999953, -7.535311725999975 ], [ -78.882600237999952, -7.53532310099996 ], [ -78.873926112999982, -7.531195975999935 ], [ -78.861497112999984, -7.531857850999927 ], [ -78.860037487999989, -7.527281850999941 ], [ -78.851087987999961, -7.522117225999978 ], [ -78.853584612999953, -7.517052350999961 ], [ -78.855261612999982, -7.515878725999926 ], [ -78.857490862999953, -7.512429850999979 ], [ -78.858567112999935, -7.508113975999947 ], [ -78.85762873799996, -7.504166600999952 ], [ -78.861058362999984, -7.497857225999951 ], [ -78.871042237999973, -7.491423725999937 ], [ -78.874388987999964, -7.48993010099997 ], [ -78.880654737999976, -7.489230350999946 ], [ -78.881715612999983, -7.488504600999931 ], [ -78.886666987999945, -7.484345975999929 ], [ -78.884640487999945, -7.480561100999978 ], [ -78.879626612999971, -7.476196475999927 ], [ -78.878405237999971, -7.47243072599997 ], [ -78.876578862999963, -7.470335725999973 ], [ -78.86760086299995, -7.466997975999959 ], [ -78.856933487999981, -7.457407725999929 ], [ -78.850629862999938, -7.45481560099995 ], [ -78.847756487999959, -7.452768850999973 ], [ -78.847063112999933, -7.450555350999934 ], [ -78.847632862999944, -7.447756475999938 ], [ -78.842399612999941, -7.443357600999946 ], [ -78.84161936299995, -7.437617350999972 ], [ -78.838414862999969, -7.436307725999939 ], [ -78.835921112999984, -7.436502850999943 ], [ -78.820937237999942, -7.425994475999971 ], [ -78.812583862999986, -7.425398350999956 ], [ -78.808348362999936, -7.42117697599997 ], [ -78.80368961299996, -7.419377850999979 ], [ -78.801791237999964, -7.410948600999973 ], [ -78.802069987999971, -7.405723975999933 ], [ -78.801408112999979, -7.403512100999933 ], [ -78.797280612999941, -7.40086497599998 ], [ -78.794354737999981, -7.397224975999961 ], [ -78.789340987999935, -7.395199600999945 ] ] ] } },
{ "type": "Feature", "properties": { "ubigeo": "131102", "departamento": "LA LIBERTAD", "provincia": "GRAN CHIMU", "capital": "LUCMA", "distrito": "LUCMA", "gasto_mef_2012": 4299062.98, "gasto_mef_2013": 6924551.05, "gasto_mef_2014": 6859844.56, "gasto_mef_2015": 5828910.94, "gasto_mef_2016": 5820024.12, "gasto_mef_2017": 4625735.01, "gasto_mef_2018": 3501428.79, "gasto_mef_2019": 2123988.55, "gasto_mef_2020": 3982459.97, "gasto_mef_2021": 5996719.26, "gasto_mef_2022": 5860949.18, "gasto_mef_2023": 3494100.32, "gasto_mef_2024": 5976708.05, "gasto_mef_2025": 8328859.52, "gasto_mef_2026": 2249949.39, "num_establecimientos_salud": 5, "num_ie_activas": 54, "num_ie_inactivas": 43, "num_ie_total": 97, "poblacion_2017": 4947, "ie_activas_per_1000hab": 10.915706488781078, "establecimientos_salud_per_1000hab": 1.0107135637760261, "gasto_mef_2026_per_capita": 454.81087325651913, "gasto_mef_promedio_periodo": 5058219.446, "gasto_mef_promedio_per_capita": 1022.482200525571, "log_gasto_mef_2026": 14.626418725048634, "log_poblacion_2017": 8.5067387335123783, "tendencia_gasto_mef": -58311.051714271693, "tendencia_gasto_mef_per_capita": -11.787154177131937, "proporcion_ie_inactivas": 0.44329896907216493, "area_km2": 287.71126886814432, "densidad_poblacional": 17.194321305041303, "log_densidad_poblacional": 2.9011095291890436, "comunidad_louvain": 4, "cluster_graphsage": 6 }, "geometry": { "type": "Polygon", "coordinates": [ [ [ -78.619689987999948, -7.54569997599998 ], [ -78.616999987999975, -7.547779975999958 ], [ -78.611049987999934, -7.547759975999952 ], [ -78.609409987999982, -7.548709975999941 ], [ -78.603689987999985, -7.549139975999935 ], [ -78.602049987999976, -7.549069975999942 ], [ -78.600149987999941, -7.547379975999945 ], [ -78.597219987999949, -7.547759975999952 ], [ -78.594729987999983, -7.546759975999976 ], [ -78.590099987999963, -7.550189975999956 ], [ -78.584619987999986, -7.549109975999954 ], [ -78.581259987999942, -7.546989975999963 ], [ -78.578349987999957, -7.548019975999978 ], [ -78.577049987999942, -7.549359975999948 ], [ -78.571199987999989, -7.54974997599993 ], [ -78.565399987999967, -7.552239975999953 ], [ -78.561899987999936, -7.552609975999928 ], [ -78.558819987999982, -7.551769975999946 ], [ -78.557689987999936, -7.55061997599995 ], [ -78.556229987999984, -7.550839975999963 ], [ -78.553729987999986, -7.557119975999967 ], [ -78.554389987999969, -7.561079975999974 ], [ -78.550529987999937, -7.56917997599993 ], [ -78.546369987999981, -7.569839975999969 ], [ -78.544689987999959, -7.570949975999952 ], [ -78.543869987999983, -7.572689975999936 ], [ -78.530209987999967, -7.577729975999944 ], [ -78.528269987999977, -7.581369975999962 ], [ -78.525099987999965, -7.582479975999945 ], [ -78.523219987999937, -7.585429975999944 ], [ -78.518569987999967, -7.587509975999978 ], [ -78.515839987999982, -7.590029975999926 ], [ -78.513969987999985, -7.595669975999954 ], [ -78.505389987999934, -7.603229975999966 ], [ -78.501969987999985, -7.608069975999967 ], [ -78.502229987999954, -7.61511997599996 ], [ -78.500349987999982, -7.61923997599996 ], [ -78.500449987999957, -7.622189975999959 ], [ -78.498849987999961, -7.626929975999929 ], [ -78.491039987999955, -7.632169975999943 ], [ -78.488539987999957, -7.636049975999981 ], [ -78.48735998799998, -7.639759975999937 ], [ -78.48281998799996, -7.640259975999982 ], [ -78.473129987999982, -7.645209975999933 ], [ -78.467899987999942, -7.645959975999972 ], [ -78.460119987999974, -7.652199975999963 ], [ -78.455228612999974, -7.654122850999954 ], [ -78.455279362999988, -7.657036225999946 ], [ -78.458893237999973, -7.657577100999958 ], [ -78.461386362999974, -7.659799975999931 ], [ -78.469099987999982, -7.662589975999936 ], [ -78.472889987999963, -7.665439975999959 ], [ -78.476019987999962, -7.665839975999972 ], [ -78.479539987999942, -7.668279975999951 ], [ -78.48412998799995, -7.67409997599998 ], [ -78.485469987999977, -7.677509975999953 ], [ -78.48902998799997, -7.679519975999938 ], [ -78.490279987999941, -7.682309975999942 ], [ -78.496619987999964, -7.685749975999954 ], [ -78.496849987999951, -7.690629975999968 ], [ -78.49899998799998, -7.694829975999937 ], [ -78.499449987999981, -7.697399975999929 ], [ -78.503859987999988, -7.698669975999962 ], [ -78.508559987999945, -7.701459975999967 ], [ -78.509999987999947, -7.703239975999963 ], [ -78.512379987999964, -7.703689975999964 ], [ -78.515509987999963, -7.709879975999968 ], [ -78.521729987999947, -7.710609975999944 ], [ -78.53307998799994, -7.72059997599996 ], [ -78.539039987999956, -7.720979975999967 ], [ -78.546209987999987, -7.723499975999971 ], [ -78.551489987999958, -7.72629997599995 ], [ -78.553319987999942, -7.72444997599996 ], [ -78.558009987999981, -7.722929975999932 ], [ -78.561399987999948, -7.71874997599997 ], [ -78.566219987999943, -7.718739975999938 ], [ -78.573879987999987, -7.71349997599998 ], [ -78.577749987999937, -7.714259975999937 ], [ -78.577539987999955, -7.713299975999973 ], [ -78.579709987999934, -7.712819975999935 ], [ -78.583469987999933, -7.706519975999981 ], [ -78.587149987999965, -7.702609975999962 ], [ -78.592039987999954, -7.701699975999929 ], [ -78.59530998799994, -7.703499975999932 ], [ -78.599469987999953, -7.702519975999962 ], [ -78.601229987999943, -7.696259975999965 ], [ -78.603549987999941, -7.692539975999978 ], [ -78.608659987999943, -7.688949975999947 ], [ -78.610509988, -7.685739975999979 ], [ -78.611819987999979, -7.684999975999972 ], [ -78.612129987999936, -7.67857997599998 ], [ -78.614439987999958, -7.675569975999963 ], [ -78.613659987999938, -7.66851997599997 ], [ -78.615489987999979, -7.666559975999974 ], [ -78.61778998799997, -7.665719975999934 ], [ -78.624529987999949, -7.666359975999967 ], [ -78.628429987999937, -7.664559975999964 ], [ -78.631049987999972, -7.660499975999926 ], [ -78.638209987999971, -7.658119975999966 ], [ -78.64064998799995, -7.655329975999962 ], [ -78.640769987999988, -7.652199975999963 ], [ -78.642339987999947, -7.650279975999979 ], [ -78.643739987999936, -7.645359975999952 ], [ -78.645869987999959, -7.644629975999976 ], [ -78.648209987999962, -7.645649975999959 ], [ -78.653009987999951, -7.645149975999971 ], [ -78.658739987999979, -7.639939975999937 ], [ -78.659139987999936, -7.638949975999935 ], [ -78.657439987999965, -7.637599975999933 ], [ -78.656029987999943, -7.634009975999959 ], [ -78.656169987999988, -7.632819975999951 ], [ -78.658139987999959, -7.631189975999973 ], [ -78.661639987999934, -7.629849975999946 ], [ -78.66312998799998, -7.628119975999937 ], [ -78.671829987999956, -7.626039975999959 ], [ -78.674299987999973, -7.626379975999953 ], [ -78.679369987999962, -7.624339975999931 ], [ -78.679889987999957, -7.622519975999978 ], [ -78.677859987999966, -7.620169975999943 ], [ -78.677849987999934, -7.61896997599996 ], [ -78.681829987999947, -7.609989975999952 ], [ -78.682059987999935, -7.606239975999927 ], [ -78.686139987999979, -7.596079975999942 ], [ -78.686899987999936, -7.594769975999952 ], [ -78.68956998799996, -7.59323997599995 ], [ -78.688999987999978, -7.590629975999946 ], [ -78.691959987999951, -7.59034997599997 ], [ -78.696777862999966, -7.58463147599997 ], [ -78.691628987999934, -7.584473100999958 ], [ -78.685587862999967, -7.582559600999957 ], [ -78.672529987999951, -7.575159975999952 ], [ -78.667519987999981, -7.571179975999939 ], [ -78.662849987999948, -7.569819975999962 ], [ -78.655319987999974, -7.564669975999948 ], [ -78.650779987999954, -7.562749975999964 ], [ -78.648139987999969, -7.560459975999947 ], [ -78.645199987999945, -7.559889975999965 ], [ -78.63924998799996, -7.556009975999928 ], [ -78.633679987999983, -7.554749975999925 ], [ -78.628419987999962, -7.549939975999962 ], [ -78.623229987999935, -7.54807997599994 ], [ -78.621059987999956, -7.545559975999936 ], [ -78.619689987999948, -7.54569997599998 ] ] ] } },
{ "type": "Feature", "properties": { "ubigeo": "131103", "departamento": "LA LIBERTAD", "provincia": "GRAN CHIMU", "capital": "COMPIN /12", "distrito": "MARMOT", "gasto_mef_2012": 1601037.2, "gasto_mef_2013": 1480841.53, "gasto_mef_2014": 1508271.69, "gasto_mef_2015": 7031960.82, "gasto_mef_2016": 1548938.97, "gasto_mef_2017": 2028606.91, "gasto_mef_2018": 2030321.99, "gasto_mef_2019": 2903113.76, "gasto_mef_2020": 1507268.27, "gasto_mef_2021": 1268961.83, "gasto_mef_2022": 5253483.57, "gasto_mef_2023": 2660509.37, "gasto_mef_2024": 2082109.17, "gasto_mef_2025": 2759713.41, "gasto_mef_2026": 1070540.05, "num_establecimientos_salud": 3, "num_ie_activas": 26, "num_ie_inactivas": 22, "num_ie_total": 48, "poblacion_2017": 2491, "ie_activas_per_1000hab": 10.437575270975513, "establecimientos_salud_per_1000hab": 1.2043356081894823, "gasto_mef_2026_per_capita": 429.76316740264963, "gasto_mef_promedio_periodo": 2449045.236, "gasto_mef_promedio_per_capita": 983.15746126053796, "log_gasto_mef_2026": 13.883674732843689, "log_poblacion_2017": 7.8208408799073439, "tendencia_gasto_mef": -5662.7758928477451, "tendencia_gasto_mef_per_capita": -2.2732942163178422, "proporcion_ie_inactivas": 0.45833333333333331, "area_km2": 300.26273320862936, "densidad_poblacional": 8.2960678249378237, "log_densidad_poblacional": 2.2295914962251313, "comunidad_louvain": 4, "cluster_graphsage": 6 }, "geometry": { "type": "Polygon", "coordinates": [ [ [ -78.790289987999984, -7.549449975999948 ], [ -78.779889487999981, -7.550257475999956 ], [ -78.777800237999941, -7.551396100999966 ], [ -78.77361998799995, -7.549339975999942 ], [ -78.772371987999975, -7.550660600999947 ], [ -78.76756136299997, -7.55267410099998 ], [ -78.762076237999963, -7.553114350999977 ], [ -78.755109987999958, -7.555709975999946 ], [ -78.750954237999963, -7.556135100999938 ], [ -78.744839987999967, -7.558479975999944 ], [ -78.740599987999985, -7.564569975999973 ], [ -78.73679373799996, -7.564724225999953 ], [ -78.73457998799995, -7.563149975999977 ], [ -78.731759987999965, -7.563019975999964 ], [ -78.727419987999951, -7.565089975999967 ], [ -78.724579987999959, -7.56356997599994 ], [ -78.721414737999964, -7.564092225999957 ], [ -78.719145362999939, -7.563308725999946 ], [ -78.716729973999975, -7.561389977999966 ], [ -78.714569987999937, -7.561609975999943 ], [ -78.711819987999945, -7.563779975999978 ], [ -78.708941612999979, -7.567982975999939 ], [ -78.706286987999988, -7.56967797599998 ], [ -78.706159987999968, -7.573279975999981 ], [ -78.704955737999967, -7.576220475999946 ], [ -78.701820487999953, -7.57767447599997 ], [ -78.700127987999963, -7.581207225999947 ], [ -78.691959987999951, -7.59034997599997 ], [ -78.688899987999946, -7.590769975999933 ], [ -78.689739987999985, -7.592839975999937 ], [ -78.686139987999979, -7.596079975999942 ], [ -78.682059987999935, -7.606239975999927 ], [ -78.681829987999947, -7.609989975999952 ], [ -78.677849987999934, -7.61896997599996 ], [ -78.677859987999966, -7.620169975999943 ], [ -78.679889987999957, -7.622519975999978 ], [ -78.679369987999962, -7.624339975999931 ], [ -78.674299987999973, -7.626379975999953 ], [ -78.671829987999956, -7.626039975999959 ], [ -78.66312998799998, -7.628119975999937 ], [ -78.661639987999934, -7.629849975999946 ], [ -78.658139987999959, -7.631189975999973 ], [ -78.656169987999988, -7.632819975999951 ], [ -78.656029987999943, -7.634009975999959 ], [ -78.657439987999965, -7.637599975999933 ], [ -78.659139987999936, -7.638949975999935 ], [ -78.658739987999979, -7.639939975999937 ], [ -78.653009987999951, -7.645149975999971 ], [ -78.648209987999962, -7.645649975999959 ], [ -78.645869987999959, -7.644629975999976 ], [ -78.643739987999936, -7.645359975999952 ], [ -78.642339987999947, -7.650279975999979 ], [ -78.640769987999988, -7.652199975999963 ], [ -78.64064998799995, -7.655329975999962 ], [ -78.638209987999971, -7.658119975999966 ], [ -78.631049987999972, -7.660499975999926 ], [ -78.628429987999937, -7.664559975999964 ], [ -78.624529987999949, -7.666359975999967 ], [ -78.61778998799997, -7.665719975999934 ], [ -78.615489987999979, -7.666559975999974 ], [ -78.613659987999938, -7.66851997599997 ], [ -78.614439987999958, -7.675569975999963 ], [ -78.612129987999936, -7.67857997599998 ], [ -78.611819987999979, -7.684999975999972 ], [ -78.610509988, -7.685739975999979 ], [ -78.608659987999943, -7.688949975999947 ], [ -78.603549987999941, -7.692539975999978 ], [ -78.601229987999943, -7.696259975999965 ], [ -78.599469987999953, -7.702519975999962 ], [ -78.595959987999947, -7.703879975999939 ], [ -78.594869987999971, -7.710169975999975 ], [ -78.596999987999936, -7.713469975999942 ], [ -78.599309987999959, -7.715339975999939 ], [ -78.599729987999979, -7.718529975999957 ], [ -78.600699987999974, -7.719479975999946 ], [ -78.598319987999957, -7.727049975999932 ], [ -78.599059987999965, -7.729799975999981 ], [ -78.600389987999961, -7.731179975999964 ], [ -78.600979987999949, -7.736229975999947 ], [ -78.604189987999973, -7.737199975999943 ], [ -78.606229987999939, -7.739379975999952 ], [ -78.60990998799997, -7.740199975999928 ], [ -78.611359987999947, -7.741249975999949 ], [ -78.612009987999954, -7.743339975999959 ], [ -78.621329987999957, -7.747519975999978 ], [ -78.624209987999961, -7.74966997599995 ], [ -78.624769987999969, -7.751179975999946 ], [ -78.627319987999954, -7.751289975999953 ], [ -78.627919987999974, -7.753039975999968 ], [ -78.631859987999974, -7.757059975999937 ], [ -78.636210238, -7.763633350999953 ], [ -78.644484487999989, -7.770056350999937 ], [ -78.650661612999954, -7.779693725999948 ], [ -78.660377362999952, -7.789970350999965 ], [ -78.663189987999942, -7.791983475999928 ], [ -78.665041487999986, -7.796993850999968 ], [ -78.66947786299994, -7.791891475999932 ], [ -78.672528737999983, -7.785274600999969 ], [ -78.678721112999938, -7.780674975999943 ], [ -78.68301661299995, -7.775793225999962 ], [ -78.689009737999982, -7.773542975999931 ], [ -78.692391612999984, -7.766674600999977 ], [ -78.697405612999944, -7.760265100999959 ], [ -78.701755237999976, -7.747059225999976 ], [ -78.703414862999978, -7.736668975999976 ], [ -78.703535112999987, -7.727697475999946 ], [ -78.708374112999934, -7.723447725999961 ], [ -78.712073362999945, -7.721780850999949 ], [ -78.713738362999948, -7.717417725999951 ], [ -78.713864612999942, -7.708272600999976 ], [ -78.712529487999973, -7.703548350999938 ], [ -78.714719112999944, -7.701817975999973 ], [ -78.719866112999966, -7.700038100999961 ], [ -78.727755987999956, -7.694309975999943 ], [ -78.730944362999935, -7.68859972599995 ], [ -78.735785487999976, -7.689451475999931 ], [ -78.742618987999947, -7.688373100999968 ], [ -78.744639362999976, -7.686040100999946 ], [ -78.74791036299996, -7.683995725999978 ], [ -78.750472112999944, -7.673401850999937 ], [ -78.752009612999984, -7.672904350999943 ], [ -78.757696237999937, -7.67429122599998 ], [ -78.76929023799994, -7.667220350999969 ], [ -78.772835112999985, -7.662441975999968 ], [ -78.772909112999969, -7.659548100999928 ], [ -78.774691362999988, -7.654529975999935 ], [ -78.782514362999962, -7.646568725999941 ], [ -78.785531362999961, -7.645743600999936 ], [ -78.792365862999986, -7.640029725999966 ], [ -78.802136362999988, -7.638640600999963 ], [ -78.803276487999938, -7.637123475999942 ], [ -78.803769112999987, -7.634106475999943 ], [ -78.801483237999946, -7.627884725999934 ], [ -78.798928362999959, -7.625969975999965 ], [ -78.794441487999961, -7.620532725999965 ], [ -78.796812237999973, -7.618085975999975 ], [ -78.797452487999976, -7.615705100999946 ], [ -78.793578237999952, -7.608169725999971 ], [ -78.794669987999953, -7.602209975999926 ], [ -78.798189988, -7.595559975999947 ], [ -78.798199987999965, -7.587309975999972 ], [ -78.80223998799994, -7.583479975999978 ], [ -78.804469987999937, -7.577739975999975 ], [ -78.805709988, -7.577309975999981 ], [ -78.806399987999953, -7.574669975999939 ], [ -78.807629987999974, -7.573449975999949 ], [ -78.803179987999954, -7.566429975999938 ], [ -78.799039987999947, -7.564139975999979 ], [ -78.798069987999952, -7.559799975999965 ], [ -78.795899987999974, -7.557259975999955 ], [ -78.794460106999964, -7.556700107999973 ], [ -78.793909987999939, -7.552789975999929 ], [ -78.792639987999962, -7.550709975999951 ], [ -78.790289987999984, -7.549449975999948 ] ] ] } },
{ "type": "Feature", "properties": { "ubigeo": "131104", "departamento": "LA LIBERTAD", "provincia": "GRAN CHIMU", "capital": "SAYAPULLO", "distrito": "SAYAPULLO", "gasto_mef_2012": 4066542.11, "gasto_mef_2013": 4217220.74, "gasto_mef_2014": 5217821.41, "gasto_mef_2015": 3290707.06, "gasto_mef_2016": 3604711.22, "gasto_mef_2017": 10299336.22, "gasto_mef_2018": 5651511.74, "gasto_mef_2019": 3523664.06, "gasto_mef_2020": 4484951.78, "gasto_mef_2021": 10409439.41, "gasto_mef_2022": 13581446.47, "gasto_mef_2023": 6764398.41, "gasto_mef_2024": 5440983.44, "gasto_mef_2025": 9347924.97, "gasto_mef_2026": 2056597.23, "num_establecimientos_salud": 4, "num_ie_activas": 72, "num_ie_inactivas": 28, "num_ie_total": 100, "poblacion_2017": 6670, "ie_activas_per_1000hab": 10.794602698650674, "establecimientos_salud_per_1000hab": 0.5997001499250374, "gasto_mef_2026_per_capita": 308.33541679160419, "gasto_mef_promedio_periodo": 6130483.7513333345, "gasto_mef_promedio_per_capita": 919.11300619690167, "log_gasto_mef_2026": 14.536563831133076, "log_poblacion_2017": 8.8055250527095161, "tendencia_gasto_mef": 216817.99621427106, "tendencia_gasto_mef_per_capita": 32.506446209036142, "proporcion_ie_inactivas": 0.28, "area_km2": 234.59782670971259, "densidad_poblacional": 28.431635934348812, "log_densidad_poblacional": 3.3820701480041957, "comunidad_louvain": 4, "cluster_graphsage": 6 }, "geometry": { "type": "Polygon", "coordinates": [ [ [ -78.403887918999942, -7.483470711999928 ], [ -78.395999987999971, -7.487769975999981 ], [ -78.392899987999954, -7.492019975999938 ], [ -78.390309987999956, -7.492599975999951 ], [ -78.384519987999965, -7.492039975999944 ], [ -78.379669987999989, -7.496539975999951 ], [ -78.373759987999961, -7.497499975999972 ], [ -78.368169987999977, -7.500319975999957 ], [ -78.365529987999935, -7.499829975999944 ], [ -78.359979987999964, -7.500389975999951 ], [ -78.348879986999975, -7.496819975999927 ], [ -78.344199986999968, -7.494089975999941 ], [ -78.340639986999975, -7.495239975999937 ], [ -78.335830986999952, -7.495248225999944 ], [ -78.327787111999953, -7.497468725999965 ], [ -78.325626236999938, -7.500928475999956 ], [ -78.322078361999957, -7.503777475999925 ], [ -78.325749986999938, -7.509904350999932 ], [ -78.326993736999952, -7.509287100999927 ], [ -78.33275211199998, -7.509491975999936 ], [ -78.339045236999937, -7.507866475999947 ], [ -78.345771486999979, -7.511484350999979 ], [ -78.349001986999951, -7.511246100999927 ], [ -78.350324986999965, -7.51519297599998 ], [ -78.354151486999967, -7.51599085099997 ], [ -78.353244736999955, -7.520560850999971 ], [ -78.353625486999988, -7.522628100999952 ], [ -78.358311112999957, -7.526062475999936 ], [ -78.360827237999956, -7.52996135099994 ], [ -78.359920487999943, -7.535220475999949 ], [ -78.362890112999935, -7.538348725999981 ], [ -78.364114237999956, -7.543766475999973 ], [ -78.363864862999947, -7.54546660099993 ], [ -78.359784487999946, -7.551065600999948 ], [ -78.358877738, -7.554533975999959 ], [ -78.359081862999972, -7.560246350999932 ], [ -78.358673737999936, -7.562966600999971 ], [ -78.356882987999938, -7.566457475999925 ], [ -78.356565612999987, -7.572940600999971 ], [ -78.360531987999934, -7.579055100999938 ], [ -78.36227798799996, -7.585566975999939 ], [ -78.366150612999945, -7.590236225999945 ], [ -78.370173018999935, -7.59328417699993 ], [ -78.378165987999978, -7.594035100999974 ], [ -78.378223612999989, -7.597122225999954 ], [ -78.379799612999989, -7.60068985099997 ], [ -78.378945987999941, -7.60263785099994 ], [ -78.378794862999939, -7.60774410099998 ], [ -78.376494612999977, -7.614675725999973 ], [ -78.376319362999936, -7.616623725999943 ], [ -78.378009737999946, -7.617824225999925 ], [ -78.376892237999982, -7.62465072599997 ], [ -78.379123612999933, -7.627879100999962 ], [ -78.382819237999968, -7.630107100999965 ], [ -78.377826112999969, -7.638681600999973 ], [ -78.37606448799994, -7.639958975999946 ], [ -78.387458987999935, -7.643990225999971 ], [ -78.395249862999947, -7.642286725999952 ], [ -78.401388862999966, -7.64233197599998 ], [ -78.404819737999958, -7.641268725999964 ], [ -78.413619112999982, -7.641218725999977 ], [ -78.418437487999938, -7.639123100999939 ], [ -78.425644487999989, -7.641261725999925 ], [ -78.430212862999952, -7.640675725999927 ], [ -78.434402362999947, -7.641136725999957 ], [ -78.437283362999949, -7.640200225999934 ], [ -78.441607737999959, -7.640606350999974 ], [ -78.446046862999935, -7.634001975999979 ], [ -78.446539112999972, -7.62548235099996 ], [ -78.447955362999949, -7.622415100999945 ], [ -78.449995487999956, -7.62540360099996 ], [ -78.454439988, -7.627249975999973 ], [ -78.457889987999977, -7.631409975999929 ], [ -78.472099987999968, -7.636509975999957 ], [ -78.479529987999967, -7.637249975999964 ], [ -78.482939987999941, -7.635189975999936 ], [ -78.489349987999958, -7.634119975999965 ], [ -78.491039987999955, -7.632169975999943 ], [ -78.498849987999961, -7.626929975999929 ], [ -78.500449987999957, -7.622189975999959 ], [ -78.500349987999982, -7.61923997599996 ], [ -78.502229987999954, -7.61511997599996 ], [ -78.502049987999953, -7.607809975999942 ], [ -78.505779987999972, -7.602779975999965 ], [ -78.514619987999936, -7.594829975999971 ], [ -78.514609987999961, -7.59216997599998 ], [ -78.515579987999956, -7.590299975999926 ], [ -78.518569987999967, -7.587509975999978 ], [ -78.523219987999937, -7.585429975999944 ], [ -78.525099987999965, -7.582479975999945 ], [ -78.528269987999977, -7.581369975999962 ], [ -78.530209987999967, -7.577729975999944 ], [ -78.543869987999983, -7.572689975999936 ], [ -78.544689987999959, -7.570949975999952 ], [ -78.546369987999981, -7.569839975999969 ], [ -78.550529987999937, -7.56917997599993 ], [ -78.554389987999969, -7.561079975999974 ], [ -78.553729987999986, -7.557119975999967 ], [ -78.555929987999946, -7.551079975999926 ], [ -78.554439987999956, -7.550329975999944 ], [ -78.550179987999968, -7.55192997599994 ], [ -78.547618987999954, -7.549895475999961 ], [ -78.545148737999966, -7.549412975999928 ], [ -78.541280987999983, -7.550290350999944 ], [ -78.539069987999937, -7.549299975999929 ], [ -78.532059987999958, -7.550509975999944 ], [ -78.524329987999977, -7.54974997599993 ], [ -78.51814498799996, -7.554761600999939 ], [ -78.510969987999943, -7.556679975999941 ], [ -78.503819987999975, -7.554919975999951 ], [ -78.502009987999941, -7.553719975999968 ], [ -78.497351112999979, -7.553382600999953 ], [ -78.490799987999935, -7.554639975999976 ], [ -78.487629987999981, -7.552769975999979 ], [ -78.486079987999972, -7.54945997599998 ], [ -78.479219987999954, -7.54553997599993 ], [ -78.478149987999984, -7.54264997599995 ], [ -78.474646487999962, -7.538959225999974 ], [ -78.470349987999953, -7.535979975999965 ], [ -78.465339987999982, -7.534639975999937 ], [ -78.459499987999948, -7.527959975999977 ], [ -78.455679987999986, -7.521959975999948 ], [ -78.453349987999957, -7.517739975999973 ], [ -78.452559987999962, -7.513719975999948 ], [ -78.445709987999976, -7.508789975999946 ], [ -78.440909987999987, -7.504079975999957 ], [ -78.43729998799995, -7.502089975999979 ], [ -78.434369987999958, -7.497479975999966 ], [ -78.429729987999963, -7.495319975999962 ], [ -78.427529987999947, -7.492419975999951 ], [ -78.422869987999945, -7.490309975999935 ], [ -78.417489987999943, -7.489419975999965 ], [ -78.415629987999978, -7.485069975999977 ], [ -78.413139987999955, -7.486139975999947 ], [ -78.409289987999955, -7.485869975999947 ], [ -78.40551998799998, -7.484759975999964 ], [ -78.403887918999942, -7.483470711999928 ] ] ] } },
{ "type": "Feature", "properties": { "ubigeo": "131201", "departamento": "LA LIBERTAD", "provincia": "VIRU", "capital": "VIRU", "distrito": "VIRU", "gasto_mef_2012": 46553338.77000007, "gasto_mef_2013": 47212037.339999855, "gasto_mef_2014": 62441149.17, "gasto_mef_2015": 74446158.759999961, "gasto_mef_2016": 82697014.4000001, "gasto_mef_2017": 82498212.370000064, "gasto_mef_2018": 120375953.05999982, "gasto_mef_2019": 137560458.31, "gasto_mef_2020": 141030071.88000029, "gasto_mef_2021": 174793098.72000062, "gasto_mef_2022": 162567982.61999983, "gasto_mef_2023": 133787846.79999979, "gasto_mef_2024": 158613616.49000001, "gasto_mef_2025": 183366875.98999953, "gasto_mef_2026": 102314113.35000016, "num_establecimientos_salud": 15, "num_ie_activas": 181, "num_ie_inactivas": 116, "num_ie_total": 297, "poblacion_2017": 55059, "ie_activas_per_1000hab": 3.2873826259103871, "establecimientos_salud_per_1000hab": 0.27243502424671717, "gasto_mef_2026_per_capita": 1858.2631967525774, "gasto_mef_promedio_periodo": 114017195.20199999, "gasto_mef_promedio_per_capita": 2070.8184892933036, "log_gasto_mef_2026": 18.443558191590576, "log_poblacion_2017": 10.916178778696599, "tendencia_gasto_mef": 8465501.2103565428, "tendencia_gasto_mef_per_capita": 153.75326850027321, "proporcion_ie_inactivas": 0.39057239057239057, "area_km2": 1085.085149100021, "densidad_poblacional": 50.741639995410878, "log_densidad_poblacional": 3.9462628731131222, "comunidad_louvain": 2, "cluster_graphsage": 0 }, "geometry": { "type": "Polygon", "coordinates": [ [ [ -78.668531487999985, -8.140723850999962 ], [ -78.659354112999949, -8.146901850999939 ], [ -78.655777737999983, -8.147474225999929 ], [ -78.647262987999966, -8.148111100999927 ], [ -78.642703487999938, -8.147542100999942 ], [ -78.640099362999933, -8.145969600999933 ], [ -78.639088612999956, -8.143001225999967 ], [ -78.63726573799994, -8.149305350999953 ], [ -78.636795237999934, -8.155526475999977 ], [ -78.642740237999988, -8.168310850999944 ], [ -78.651668237999957, -8.177139225999952 ], [ -78.653389987999958, -8.182465100999934 ], [ -78.652466612999945, -8.184655975999931 ], [ -78.647203737999973, -8.18745310099996 ], [ -78.645599987999958, -8.189793975999976 ], [ -78.643753862999972, -8.19010747599998 ], [ -78.640197237999985, -8.188982850999935 ], [ -78.637387487999945, -8.189064850999955 ], [ -78.631559737999964, -8.191088475999948 ], [ -78.628225487999941, -8.18974160099998 ], [ -78.626691362999964, -8.188130850999926 ], [ -78.623920362999968, -8.18784360099994 ], [ -78.621525362999989, -8.188593725999965 ], [ -78.61580711299996, -8.19356585099996 ], [ -78.606970362999959, -8.19539122599997 ], [ -78.605232112999943, -8.197945225999945 ], [ -78.603914362999944, -8.204573975999949 ], [ -78.601143487999934, -8.20845722599995 ], [ -78.60477723799994, -8.218549975999963 ], [ -78.604692487999955, -8.22206560099994 ], [ -78.600602612999978, -8.228471475999982 ], [ -78.59551573799996, -8.232402600999933 ], [ -78.595595737999986, -8.236411225999973 ], [ -78.588303112999938, -8.241114350999965 ], [ -78.575382987999944, -8.243690475999927 ], [ -78.566142612999954, -8.249533225999926 ], [ -78.564919987999986, -8.254819975999965 ], [ -78.566459987999963, -8.259739975999935 ], [ -78.57175998799994, -8.262229975999958 ], [ -78.571359987999983, -8.264689975999943 ], [ -78.572439987999985, -8.266629975999933 ], [ -78.571999987999959, -8.268689975999962 ], [ -78.573789987999987, -8.273069975999931 ], [ -78.576549987999954, -8.275709975999973 ], [ -78.583199988, -8.279309975999979 ], [ -78.583749112999953, -8.290812725999956 ], [ -78.585146487999964, -8.297806600999934 ], [ -78.586450487999969, -8.30005885099996 ], [ -78.590547737999941, -8.302540350999948 ], [ -78.588296862999982, -8.307498100999965 ], [ -78.583023987999979, -8.307768225999951 ], [ -78.580620737999936, -8.308720100999949 ], [ -78.574505487999943, -8.31697672599995 ], [ -78.571144737999987, -8.319891600999938 ], [ -78.558817737999959, -8.320413100999929 ], [ -78.550377862999937, -8.324210350999977 ], [ -78.550585987999966, -8.325574100999972 ], [ -78.551364487999933, -8.326776475999964 ], [ -78.55341236299995, -8.327566100999945 ], [ -78.556611237999959, -8.336279475999959 ], [ -78.563224612999988, -8.347206600999925 ], [ -78.563986112999942, -8.354696475999958 ], [ -78.566464362999966, -8.35753247599996 ], [ -78.569272987999966, -8.358310225999958 ], [ -78.571368612999947, -8.361531475999925 ], [ -78.579779612999971, -8.366461350999941 ], [ -78.580047487999934, -8.368335225999942 ], [ -78.583795112999951, -8.372002600999963 ], [ -78.588881237999942, -8.372885850999978 ], [ -78.590206237999951, -8.37425110099997 ], [ -78.590821862999974, -8.377302850999968 ], [ -78.600030487999959, -8.382268475999979 ], [ -78.60221211299995, -8.387073475999955 ], [ -78.608984612999961, -8.392949225999928 ], [ -78.609171987999957, -8.395572600999969 ], [ -78.611234862999936, -8.400081475999968 ], [ -78.611964862999969, -8.405361225999968 ], [ -78.614714862999961, -8.41087272599998 ], [ -78.616806237999981, -8.412127475999966 ], [ -78.619400362999954, -8.41767972599996 ], [ -78.621512487999951, -8.418956975999947 ], [ -78.626628237999967, -8.41901147599998 ], [ -78.628397053999947, -8.419719151999971 ], [ -78.632891362999942, -8.427372975999958 ], [ -78.636881862999985, -8.427913350999972 ], [ -78.639697612999953, -8.429559475999952 ], [ -78.651775612999984, -8.445514350999929 ], [ -78.655433612999957, -8.448357476999945 ], [ -78.656160112999942, -8.450402226999927 ], [ -78.656091737999986, -8.455665976999967 ], [ -78.659029987999986, -8.462802851999982 ], [ -78.665666362999957, -8.469598226999949 ], [ -78.667191862999971, -8.472557476999953 ], [ -78.670096112999943, -8.474193476999972 ], [ -78.673184112999934, -8.477704101999961 ], [ -78.672269487999984, -8.480783226999961 ], [ -78.673275987999943, -8.49016635199996 ], [ -78.676261737999937, -8.491185601999973 ], [ -78.682521487999963, -8.49108535199997 ], [ -78.687531862999947, -8.493149851999931 ], [ -78.691984113, -8.490746476999959 ], [ -78.696206987999972, -8.490517601999954 ], [ -78.697049987999947, -8.491360351999958 ], [ -78.69779873799996, -8.494880851999937 ], [ -78.699384237999936, -8.496391726999946 ], [ -78.708712237999976, -8.501163726999948 ], [ -78.714021237999987, -8.500893101999964 ], [ -78.717375362999974, -8.49884635199993 ], [ -78.72080073799998, -8.497999976999949 ], [ -78.722013612999945, -8.498968726999976 ], [ -78.72599473799994, -8.507687601999976 ], [ -78.733020862999979, -8.505121101999976 ], [ -78.748994112999981, -8.503978476999976 ], [ -78.75534898799998, -8.505471601999943 ], [ -78.755616487999987, -8.506922976999931 ], [ -78.754486112999984, -8.508653726999967 ], [ -78.75478273799996, -8.51323797699996 ], [ -78.754144862999965, -8.516223476999926 ], [ -78.751783362999959, -8.520905101999972 ], [ -78.750441112999965, -8.525750351999932 ], [ -78.751659612999958, -8.528666976999943 ], [ -78.751193112999943, -8.532800101999953 ], [ -78.74645011299998, -8.535889726999926 ], [ -78.746024362999947, -8.540444101999981 ], [ -78.742324237999981, -8.544249226999966 ], [ -78.73853711299995, -8.555641726999966 ], [ -78.735987112999965, -8.558864976999928 ], [ -78.735003737999989, -8.562487851999947 ], [ -78.735154737999949, -8.56537022699996 ], [ -78.732819362999976, -8.567736101999969 ], [ -78.733938487999978, -8.572955226999966 ], [ -78.739266112999985, -8.580779226999937 ], [ -78.741675737999969, -8.586994101999949 ], [ -78.741974612999968, -8.591035101999978 ], [ -78.740455112999939, -8.595671851999953 ], [ -78.744568362999985, -8.601771476999943 ], [ -78.746474612999975, -8.613992226999926 ], [ -78.74854298799994, -8.621466851999969 ], [ -78.758302612999955, -8.600335976999929 ], [ -78.766029237999987, -8.586480601999938 ], [ -78.778007862999971, -8.569412101999944 ], [ -78.794953112999963, -8.550337851999927 ], [ -78.816078112999946, -8.53079685199998 ], [ -78.831906237999988, -8.517408226999976 ], [ -78.856697237999981, -8.499042976999931 ], [ -78.859874987999945, -8.495843726999965 ], [ -78.882814487999951, -8.480339851999929 ], [ -78.907333987999948, -8.466080101999978 ], [ -78.915091737999944, -8.460083976999954 ], [ -78.925763612999958, -8.447384725999939 ], [ -78.928718737999986, -8.445113225999933 ], [ -78.92908786299995, -8.442259725999975 ], [ -78.930619237999963, -8.439302725999937 ], [ -78.932361362999984, -8.437783225999965 ], [ -78.93360348799996, -8.438259725999956 ], [ -78.934480487999963, -8.437044975999981 ], [ -78.934710987999949, -8.431359350999969 ], [ -78.935521487999949, -8.429212850999932 ], [ -78.934076112999946, -8.42773247599996 ], [ -78.930283237999959, -8.429246100999933 ], [ -78.923251987999947, -8.430097600999943 ], [ -78.913386737999986, -8.429275350999944 ], [ -78.908265612999969, -8.424531225999942 ], [ -78.900839862999987, -8.414230475999943 ], [ -78.898308737999969, -8.403976600999954 ], [ -78.895406237999964, -8.396872975999941 ], [ -78.895095737999952, -8.385464850999938 ], [ -78.896714862999943, -8.377978475999953 ], [ -78.90052998799996, -8.371449975999951 ], [ -78.892709987999979, -8.366499975999943 ], [ -78.891619987999945, -8.360049975999971 ], [ -78.889499987999955, -8.354219975999968 ], [ -78.885059987999966, -8.348989975999928 ], [ -78.883079987999963, -8.343949975999976 ], [ -78.87766998799998, -8.341409975999966 ], [ -78.872479987999952, -8.340439975999971 ], [ -78.869419987999947, -8.338289975999942 ], [ -78.867239987999938, -8.338289975999942 ], [ -78.858789987999955, -8.331309975999943 ], [ -78.856009987999983, -8.330339975999948 ], [ -78.852819987999965, -8.330579975999967 ], [ -78.849039987999959, -8.328489975999958 ], [ -78.84405998799997, -8.321309975999952 ], [ -78.840019987999938, -8.318009975999928 ], [ -78.831613862999973, -8.317184725999937 ], [ -78.827370487999985, -8.312538850999942 ], [ -78.823313612999982, -8.310024475999967 ], [ -78.819351737999966, -8.310706600999936 ], [ -78.816758112999935, -8.309992725999962 ], [ -78.814521362999983, -8.302616475999969 ], [ -78.815235987999984, -8.29947122599998 ], [ -78.81419286299996, -8.294451225999978 ], [ -78.813182987999937, -8.292496725999968 ], [ -78.809857612999963, -8.290861975999974 ], [ -78.808072987999935, -8.286888225999974 ], [ -78.812342987999955, -8.280905725999958 ], [ -78.815261237999948, -8.272374225999954 ], [ -78.809145737999984, -8.269751350999968 ], [ -78.808139237999967, -8.263312225999925 ], [ -78.806232987999977, -8.260620475999929 ], [ -78.802496362999989, -8.257551600999932 ], [ -78.803015237999944, -8.250821850999955 ], [ -78.807180237999944, -8.246301975999927 ], [ -78.808805738, -8.245777475999944 ], [ -78.808779237999943, -8.242382850999945 ], [ -78.814437612999939, -8.238449725999942 ], [ -78.815708362999942, -8.233068725999942 ], [ -78.823563737999962, -8.233320350999975 ], [ -78.826944862999937, -8.232157975999939 ], [ -78.832453987999941, -8.231639600999927 ], [ -78.837466362999976, -8.229314475999956 ], [ -78.83907673799996, -8.215542475999939 ], [ -78.837939612999946, -8.213397975999953 ], [ -78.838123487999951, -8.209616850999964 ], [ -78.840415612999948, -8.206688975999953 ], [ -78.84280298799996, -8.20029272599993 ], [ -78.842227487999935, -8.196531850999975 ], [ -78.842736112999944, -8.193828100999951 ], [ -78.841906237999979, -8.19176697599994 ], [ -78.840833612999973, -8.191103225999939 ], [ -78.840427987999988, -8.194200475999935 ], [ -78.838141112999949, -8.198236225999949 ], [ -78.831469987999981, -8.203589975999932 ], [ -78.827009987999986, -8.203469975999951 ], [ -78.824759987999983, -8.202509975999931 ], [ -78.815719987999955, -8.204789975999972 ], [ -78.81298998799997, -8.203959975999965 ], [ -78.809839987999965, -8.20632997599995 ], [ -78.802229987999965, -8.20441997599994 ], [ -78.800299987999949, -8.202119975999949 ], [ -78.797989987999983, -8.202079975999936 ], [ -78.796699987999943, -8.201199975999941 ], [ -78.794863862999989, -8.203693975999954 ], [ -78.792774987999962, -8.204439975999946 ], [ -78.790504862999967, -8.202833475999967 ], [ -78.78719461299994, -8.203244975999951 ], [ -78.784012987999972, -8.207889225999963 ], [ -78.78158061299996, -8.209552350999957 ], [ -78.781505487999937, -8.20447735099998 ], [ -78.779795362999948, -8.201623225999981 ], [ -78.779762237999989, -8.193649100999949 ], [ -78.777258987999971, -8.186736100999951 ], [ -78.777242362999971, -8.181944975999954 ], [ -78.772815987999934, -8.176656600999934 ], [ -78.763869987999954, -8.173829975999979 ], [ -78.746609987999989, -8.17358997599996 ], [ -78.742429987999969, -8.171269975999962 ], [ -78.734801362999974, -8.17220010099993 ], [ -78.729625737999982, -8.17164222599996 ], [ -78.724176487999955, -8.167375850999974 ], [ -78.715940112999988, -8.16577422599994 ], [ -78.710220362999962, -8.163028850999979 ], [ -78.707412487999989, -8.158057850999967 ], [ -78.701172862999954, -8.15522922599996 ], [ -78.699828112999967, -8.153884725999944 ], [ -78.690268237999987, -8.151941225999963 ], [ -78.681258862999982, -8.152091600999938 ], [ -78.679149362999965, -8.147286725999948 ], [ -78.672504487999959, -8.144755350999958 ], [ -78.669820862999984, -8.141087100999925 ], [ -78.668531487999985, -8.140723850999962 ] ] ] } },
{ "type": "Feature", "properties": { "ubigeo": "131202", "departamento": "LA LIBERTAD", "provincia": "VIRU", "capital": "CHAO", "distrito": "CHAO", "gasto_mef_2012": 14350012.49, "gasto_mef_2013": 7794988.22, "gasto_mef_2014": 32160310.669999987, "gasto_mef_2015": 16871020.540000014, "gasto_mef_2016": 20878761.569999989, "gasto_mef_2017": 38698184.940000013, "gasto_mef_2018": 68247143.559999898, "gasto_mef_2019": 29368226.769999973, "gasto_mef_2020": 28862165.470000017, "gasto_mef_2021": 57314676.289999895, "gasto_mef_2022": 76486872.32, "gasto_mef_2023": 86410724.420000032, "gasto_mef_2024": 55753784.080000013, "gasto_mef_2025": 36363698.46, "gasto_mef_2026": 10737134.26, "num_establecimientos_salud": 11, "num_ie_activas": 96, "num_ie_inactivas": 69, "num_ie_total": 165, "poblacion_2017": 34425, "ie_activas_per_1000hab": 2.7886710239651413, "establecimientos_salud_per_1000hab": 0.31953522149600583, "gasto_mef_2026_per_capita": 311.89932490922286, "gasto_mef_promedio_periodo": 38686513.603999987, "gasto_mef_promedio_per_capita": 1123.7912448511252, "log_gasto_mef_2026": 16.189218875896763, "log_poblacion_2017": 10.446567371831451, "tendencia_gasto_mef": 2524716.5473569827, "tendencia_gasto_mef_per_capita": 73.339623743122232, "proporcion_ie_inactivas": 0.41818181818181815, "area_km2": 1673.9526677728732, "densidad_poblacional": 20.565097605657559, "log_densidad_poblacional": 3.0710761562039881, "comunidad_louvain": 2, "cluster_graphsage": 0 }, "geometry": { "type": "Polygon", "coordinates": [ [ [ -78.537341737999952, -8.32160747599994 ], [ -78.534149987999967, -8.327099975999943 ], [ -78.527599987999963, -8.330639975999929 ], [ -78.516588987999967, -8.338321475999976 ], [ -78.510839487999988, -8.340069100999926 ], [ -78.503032612999959, -8.339879225999937 ], [ -78.498364487999936, -8.34097110099998 ], [ -78.486583612999937, -8.345957600999952 ], [ -78.483664112999975, -8.349177725999937 ], [ -78.479137487999935, -8.351083350999943 ], [ -78.484851737999975, -8.357989350999958 ], [ -78.489217362999966, -8.366299475999938 ], [ -78.495109987999967, -8.37021997599993 ], [ -78.489411987999972, -8.377631100999963 ], [ -78.483079612999973, -8.381993975999933 ], [ -78.477780737999979, -8.383339725999974 ], [ -78.471501987999943, -8.386970725999959 ], [ -78.46596023799998, -8.387598350999951 ], [ -78.459333362999985, -8.38453685099995 ], [ -78.442497987999957, -8.38228322599997 ], [ -78.440561612999943, -8.378408725999975 ], [ -78.436330237999982, -8.37496222599998 ], [ -78.436810862999948, -8.371593975999929 ], [ -78.436112487999935, -8.364941975999955 ], [ -78.433921612999939, -8.363509475999933 ], [ -78.431786862999957, -8.360602225999969 ], [ -78.429854487999989, -8.360237975999951 ], [ -78.429919987999938, -8.365709975999948 ], [ -78.428909987999987, -8.370029975999955 ], [ -78.429909987999963, -8.373759975999974 ], [ -78.426729987999977, -8.381149975999961 ], [ -78.426389987999983, -8.389579975999936 ], [ -78.42347998799994, -8.389989975999981 ], [ -78.419989987999941, -8.387359975999971 ], [ -78.416369987999985, -8.388629975999947 ], [ -78.414039987999956, -8.391509975999952 ], [ -78.410919987999989, -8.393449975999943 ], [ -78.407239987999958, -8.398419975999957 ], [ -78.406289987999969, -8.401429975999974 ], [ -78.405989987999988, -8.405769975999931 ], [ -78.408137487999966, -8.409759350999934 ], [ -78.407234362999986, -8.412312475999954 ], [ -78.404431487999943, -8.411829350999938 ], [ -78.39537186299998, -8.40194947599997 ], [ -78.392017237999937, -8.401701725999942 ], [ -78.382222112999955, -8.404543600999943 ], [ -78.373999737999952, -8.404102225999964 ], [ -78.375383487999954, -8.410523725999951 ], [ -78.37348998799996, -8.417449975999943 ], [ -78.373079987999972, -8.42427997599998 ], [ -78.375559987999964, -8.430579975999933 ], [ -78.37548998799997, -8.43409997599997 ], [ -78.377359987999967, -8.43892997599994 ], [ -78.377209987999947, -8.442399975999933 ], [ -78.374949987999969, -8.447419975999935 ], [ -78.375239987999976, -8.450419976999967 ], [ -78.374309987999936, -8.456269976999977 ], [ -78.374790014999974, -8.459589995999977 ], [ -78.372819987999947, -8.461249976999966 ], [ -78.367569987999957, -8.461929976999954 ], [ -78.359069987999987, -8.465139976999978 ], [ -78.354619986999978, -8.469189976999928 ], [ -78.350549986999965, -8.471279976999938 ], [ -78.347629986999948, -8.474459976999981 ], [ -78.344549986999937, -8.475459976999957 ], [ -78.342883986999936, -8.478806726999949 ], [ -78.342744861999961, -8.483675976999962 ], [ -78.341884611999944, -8.483351476999928 ], [ -78.339493111999957, -8.474605976999953 ], [ -78.335266611999941, -8.468965476999927 ], [ -78.33269986199997, -8.466909351999959 ], [ -78.320707361999951, -8.466956976999938 ], [ -78.295785611999975, -8.461767476999967 ], [ -78.285574486999963, -8.466627226999947 ], [ -78.270093236999969, -8.466519726999934 ], [ -78.263698486999942, -8.467382351999959 ], [ -78.261705611999957, -8.468839726999931 ], [ -78.260932361999949, -8.472676601999979 ], [ -78.262410986999953, -8.475722976999975 ], [ -78.263876861999961, -8.477108351999959 ], [ -78.268308611999942, -8.47829810199994 ], [ -78.27084698699997, -8.481546476999938 ], [ -78.273552861999974, -8.483269476999965 ], [ -78.273829861999957, -8.49784060199994 ], [ -78.272751611999979, -8.499664851999967 ], [ -78.27260161199996, -8.504510976999939 ], [ -78.275037236999935, -8.507484226999964 ], [ -78.280886736999946, -8.510537101999944 ], [ -78.279412236999974, -8.511461976999954 ], [ -78.276112611999963, -8.510963601999947 ], [ -78.274499486999957, -8.512102351999943 ], [ -78.274355611999965, -8.518823476999955 ], [ -78.269802736999964, -8.52367697699998 ], [ -78.267791736999982, -8.527033976999974 ], [ -78.268406736999964, -8.532235851999928 ], [ -78.26619848699994, -8.534676851999961 ], [ -78.266323111999952, -8.536899601999949 ], [ -78.276302486999953, -8.542720601999974 ], [ -78.281176486999982, -8.541490601999953 ], [ -78.283316111999966, -8.542176101999928 ], [ -78.286307611999973, -8.54682947699996 ], [ -78.290089861999945, -8.548894476999976 ], [ -78.286619236999968, -8.550859601999946 ], [ -78.284791111999937, -8.553830351999977 ], [ -78.284043236999935, -8.558899101999941 ], [ -78.281301111999937, -8.561350476999962 ], [ -78.282719611999937, -8.571081101999937 ], [ -78.280465236999987, -8.576196851999953 ], [ -78.272953861999952, -8.584812976999956 ], [ -78.268298236999954, -8.587962476999962 ], [ -78.262131986999975, -8.595891476999952 ], [ -78.261720736999962, -8.598738226999956 ], [ -78.263433986999985, -8.601449601999946 ], [ -78.260561111999948, -8.606585976999952 ], [ -78.260501236999971, -8.616008976999979 ], [ -78.251570236999953, -8.628302226999949 ], [ -78.249119361999988, -8.633322851999935 ], [ -78.245930986999952, -8.637130101999958 ], [ -78.241385986999944, -8.64058022699993 ], [ -78.238261736999959, -8.649511726999947 ], [ -78.235569986999963, -8.652919976999954 ], [ -78.243909986999938, -8.655589976999977 ], [ -78.245569986999953, -8.658079976999943 ], [ -78.247359986999982, -8.658579976999931 ], [ -78.254549986999962, -8.657409976999929 ], [ -78.261359986999935, -8.658139976999962 ], [ -78.27265998699994, -8.656309976999978 ], [ -78.28035998699994, -8.657999976999974 ], [ -78.28716998699997, -8.662549976999969 ], [ -78.296259986999985, -8.658719976999976 ], [ -78.298189986999944, -8.659739976999958 ], [ -78.301179986999955, -8.663949976999959 ], [ -78.310949986999958, -8.66720997699997 ], [ -78.315959986999985, -8.665329976999942 ], [ -78.321809986999938, -8.666199976999962 ], [ -78.325229986999943, -8.664899976999948 ], [ -78.329239986999937, -8.667669976999946 ], [ -78.334249986999964, -8.666449976999957 ], [ -78.336829986999987, -8.671649976999959 ], [ -78.336869986999943, -8.675089976999971 ], [ -78.338209986999971, -8.675959976999934 ], [ -78.345869986999958, -8.676039976999959 ], [ -78.347369986999979, -8.673789976999956 ], [ -78.351109986999973, -8.672339976999979 ], [ -78.354809986999953, -8.673279976999936 ], [ -78.363011362999941, -8.681178476999946 ], [ -78.373198112999944, -8.687242351999942 ], [ -78.376789112999973, -8.694236351999962 ], [ -78.379171862999954, -8.696566351999934 ], [ -78.387781362999988, -8.69847522699996 ], [ -78.390239987999962, -8.70230997699997 ], [ -78.397329987999967, -8.702559976999964 ], [ -78.403077487999951, -8.707937476999973 ], [ -78.411334487999966, -8.708756601999937 ], [ -78.414121362999936, -8.711543351999978 ], [ -78.415272487999971, -8.714148351999938 ], [ -78.425328862999947, -8.723901851999926 ], [ -78.434173612999984, -8.728808851999929 ], [ -78.435021737999989, -8.730081101999929 ], [ -78.437263237999957, -8.730747476999966 ], [ -78.438414362999936, -8.732746601999963 ], [ -78.444411862999971, -8.733776476999935 ], [ -78.448228362999942, -8.736926726999968 ], [ -78.455437612999958, -8.737593101999948 ], [ -78.45828486299996, -8.739713476999952 ], [ -78.466402612999957, -8.740864476999946 ], [ -78.469720612999936, -8.743362601999934 ], [ -78.474762862999967, -8.74437822699997 ], [ -78.478947362999975, -8.748015226999939 ], [ -78.482395987999951, -8.748073601999977 ], [ -78.484821487999966, -8.750541101999943 ], [ -78.487242487999936, -8.75116322699995 ], [ -78.492028362999974, -8.749830476999932 ], [ -78.498248487999945, -8.750968601999944 ], [ -78.500926613, -8.748655476999943 ], [ -78.50349386299996, -8.750779601999966 ], [ -78.509960362999948, -8.752314226999943 ], [ -78.51191761299998, -8.751913226999932 ], [ -78.518138737999948, -8.75298060199998 ], [ -78.526256612999987, -8.757766601999947 ], [ -78.528474237999944, -8.75996010199998 ], [ -78.530100612999945, -8.763780226999927 ], [ -78.542139612999961, -8.769251851999968 ], [ -78.551606237999977, -8.775037601999941 ], [ -78.54892248799996, -8.771693476999928 ], [ -78.548218737999946, -8.76932422699997 ], [ -78.549992237999959, -8.76592897699993 ], [ -78.558306237999943, -8.757701726999926 ], [ -78.564759987999935, -8.753839976999927 ], [ -78.565809987999955, -8.751549976999968 ], [ -78.566359987999988, -8.746499976999928 ], [ -78.568249987999934, -8.744179976999931 ], [ -78.57202998799994, -8.742829976999928 ], [ -78.572349987999985, -8.738159976999953 ], [ -78.575299987999983, -8.733879976999958 ], [ -78.574069987999962, -8.729469976999951 ], [ -78.575869987999965, -8.726289976999965 ], [ -78.575289987999952, -8.723279976999947 ], [ -78.576459987999954, -8.71910997699996 ], [ -78.576639987999954, -8.714459976999933 ], [ -78.576009987999953, -8.709209976999944 ], [ -78.573012737999989, -8.705255351999938 ], [ -78.573131737999972, -8.702994851999961 ], [ -78.578419362999966, -8.706108726999958 ], [ -78.586232987999949, -8.709276101999933 ], [ -78.588432737999938, -8.716671851999934 ], [ -78.589974237999968, -8.718577101999927 ], [ -78.594113862999961, -8.717607226999974 ], [ -78.598587862999977, -8.714781226999946 ], [ -78.606463237999947, -8.718490601999974 ], [ -78.608247238, -8.71840397699998 ], [ -78.611451487999943, -8.716845101999979 ], [ -78.612366487999964, -8.711995101999946 ], [ -78.615348612999981, -8.709882351999966 ], [ -78.615596362999952, -8.704402476999974 ], [ -78.62010973799994, -8.696714226999973 ], [ -78.624396737999973, -8.693729226999949 ], [ -78.629128612999978, -8.694986476999929 ], [ -78.633102237999935, -8.694463101999929 ], [ -78.636294487999976, -8.697292226999934 ], [ -78.637566987999946, -8.696974101999956 ], [ -78.64249786299996, -8.692106851999938 ], [ -78.646188112999937, -8.690738851999981 ], [ -78.650991737999959, -8.68526722699994 ], [ -78.654120362999947, -8.683804476999967 ], [ -78.656204112999944, -8.675971726999933 ], [ -78.659746112999983, -8.670527351999965 ], [ -78.661505612999974, -8.671502101999977 ], [ -78.665375987999937, -8.680397976999927 ], [ -78.66897886299995, -8.68010185199995 ], [ -78.674669737999977, -8.681083226999931 ], [ -78.682865237999977, -8.686299976999976 ], [ -78.688376987999959, -8.693581976999951 ], [ -78.691130862999955, -8.695964851999975 ], [ -78.702056612999968, -8.69802660199997 ], [ -78.708536737999964, -8.700667476999968 ], [ -78.713881112999957, -8.699725851999972 ], [ -78.719123737999951, -8.69654460199996 ], [ -78.724295612999981, -8.689445476999936 ], [ -78.730468737999956, -8.68520697699995 ], [ -78.736644112999954, -8.679545976999975 ], [ -78.739685612999949, -8.680331726999952 ], [ -78.743420612999955, -8.682931851999967 ], [ -78.746648487999948, -8.684080101999939 ], [ -78.744247987999984, -8.675915976999931 ], [ -78.739843737999934, -8.672826101999931 ], [ -78.737919862999945, -8.666271476999952 ], [ -78.741550737999944, -8.642312476999962 ], [ -78.743826112999955, -8.633830101999934 ], [ -78.74854298799994, -8.621466851999969 ], [ -78.746474612999975, -8.613992226999926 ], [ -78.744568362999985, -8.601771476999943 ], [ -78.740455112999939, -8.595671851999953 ], [ -78.741974612999968, -8.591035101999978 ], [ -78.741675737999969, -8.586994101999949 ], [ -78.739266112999985, -8.580779226999937 ], [ -78.733938487999978, -8.572955226999966 ], [ -78.732819362999976, -8.567736101999969 ], [ -78.735154737999949, -8.56537022699996 ], [ -78.735003737999989, -8.562487851999947 ], [ -78.735987112999965, -8.558864976999928 ], [ -78.73853711299995, -8.555641726999966 ], [ -78.742324237999981, -8.544249226999966 ], [ -78.746024362999947, -8.540444101999981 ], [ -78.74645011299998, -8.535889726999926 ], [ -78.751193112999943, -8.532800101999953 ], [ -78.751659612999958, -8.528666976999943 ], [ -78.750441112999965, -8.525750351999932 ], [ -78.751783362999959, -8.520905101999972 ], [ -78.754144862999965, -8.516223476999926 ], [ -78.75478273799996, -8.51323797699996 ], [ -78.754486112999984, -8.508653726999967 ], [ -78.755618612999967, -8.50609185199994 ], [ -78.754738237999959, -8.504816351999978 ], [ -78.74724611299996, -8.504048851999926 ], [ -78.733020862999979, -8.505121101999976 ], [ -78.72599473799994, -8.507687601999976 ], [ -78.722013612999945, -8.498968726999976 ], [ -78.72080073799998, -8.497999976999949 ], [ -78.717375362999974, -8.49884635199993 ], [ -78.714021237999987, -8.500893101999964 ], [ -78.708712237999976, -8.501163726999948 ], [ -78.699384237999936, -8.496391726999946 ], [ -78.69779873799996, -8.494880851999937 ], [ -78.697049987999947, -8.491360351999958 ], [ -78.696206987999972, -8.490517601999954 ], [ -78.691984113, -8.490746476999959 ], [ -78.687531862999947, -8.493149851999931 ], [ -78.682521487999963, -8.49108535199997 ], [ -78.676261737999937, -8.491185601999973 ], [ -78.673275987999943, -8.49016635199996 ], [ -78.672269487999984, -8.480783226999961 ], [ -78.673184112999934, -8.477704101999961 ], [ -78.670096112999943, -8.474193476999972 ], [ -78.667191862999971, -8.472557476999953 ], [ -78.665666362999957, -8.469598226999949 ], [ -78.659029987999986, -8.462802851999982 ], [ -78.656091737999986, -8.455665976999967 ], [ -78.656160112999942, -8.450402226999927 ], [ -78.655433612999957, -8.448357476999945 ], [ -78.651775612999984, -8.445514350999929 ], [ -78.639697612999953, -8.429559475999952 ], [ -78.636881862999985, -8.427913350999972 ], [ -78.632891362999942, -8.427372975999958 ], [ -78.628397053999947, -8.419719151999971 ], [ -78.626628237999967, -8.41901147599998 ], [ -78.621512487999951, -8.418956975999947 ], [ -78.619400362999954, -8.41767972599996 ], [ -78.616806237999981, -8.412127475999966 ], [ -78.614714862999961, -8.41087272599998 ], [ -78.611964862999969, -8.405361225999968 ], [ -78.611234862999936, -8.400081475999968 ], [ -78.609171987999957, -8.395572600999969 ], [ -78.608984612999961, -8.392949225999928 ], [ -78.60221211299995, -8.387073475999955 ], [ -78.600030487999959, -8.382268475999979 ], [ -78.590821862999974, -8.377302850999968 ], [ -78.590206237999951, -8.37425110099997 ], [ -78.588881237999942, -8.372885850999978 ], [ -78.583795112999951, -8.372002600999963 ], [ -78.580047487999934, -8.368335225999942 ], [ -78.579779612999971, -8.366461350999941 ], [ -78.571368612999947, -8.361531475999925 ], [ -78.569272987999966, -8.358310225999958 ], [ -78.566464362999966, -8.35753247599996 ], [ -78.563986112999942, -8.354696475999958 ], [ -78.563224612999988, -8.347206600999925 ], [ -78.556611237999959, -8.336279475999959 ], [ -78.55341236299995, -8.327566100999945 ], [ -78.551054737999948, -8.326496100999975 ], [ -78.550377862999937, -8.324210350999977 ], [ -78.546081987999969, -8.323604225999929 ], [ -78.541611487999944, -8.321540725999967 ], [ -78.537341737999952, -8.32160747599994 ] ] ] } },
{ "type": "Feature", "properties": { "ubigeo": "131203", "departamento": "LA LIBERTAD", "provincia": "VIRU", "capital": "GUADALUPITO", "distrito": "GUADALUPITO", "gasto_mef_2012": 7032386.62, "gasto_mef_2013": 6094815.82, "gasto_mef_2014": 12215002.99, "gasto_mef_2015": 5416616.49, "gasto_mef_2016": 6931872.65, "gasto_mef_2017": 5572561.86, "gasto_mef_2018": 6337282.78, "gasto_mef_2019": 12025629.65, "gasto_mef_2020": 5703050.16, "gasto_mef_2021": 5292979.11, "gasto_mef_2022": 12313637.1, "gasto_mef_2023": 7269727.9, "gasto_mef_2024": 6258414.53000001, "gasto_mef_2025": 5675702.5200000126, "gasto_mef_2026": 3824854.79, "num_establecimientos_salud": 1, "num_ie_activas": 14, "num_ie_inactivas": 10, "num_ie_total": 24, "poblacion_2017": 7207, "ie_activas_per_1000hab": 1.942555848480644, "establecimientos_salud_per_1000hab": 0.13875398917718884, "gasto_mef_2026_per_capita": 530.71386013597896, "gasto_mef_promedio_periodo": 7197635.6646666694, "gasto_mef_promedio_per_capita": 998.70066111650749, "log_gasto_mef_2026": 15.157031322571251, "log_poblacion_2017": 8.8829467992881739, "tendencia_gasto_mef": -115664.30014283633, "tendencia_gasto_mef_per_capita": -16.048883050206236, "proporcion_ie_inactivas": 0.41666666666666669, "area_km2": 427.05902671217143, "densidad_poblacional": 16.875887287724659, "log_densidad_poblacional": 2.88345272582223, "comunidad_louvain": 2, "cluster_graphsage": 5 }, "geometry": { "type": "Polygon", "coordinates": [ [ [ -78.659324862999938, -8.670998976999954 ], [ -78.656204112999944, -8.675971726999933 ], [ -78.654120362999947, -8.683804476999967 ], [ -78.650991737999959, -8.68526722699994 ], [ -78.646188112999937, -8.690738851999981 ], [ -78.64249786299996, -8.692106851999938 ], [ -78.637566987999946, -8.696974101999956 ], [ -78.636294487999976, -8.697292226999934 ], [ -78.633102237999935, -8.694463101999929 ], [ -78.629128612999978, -8.694986476999929 ], [ -78.624396737999973, -8.693729226999949 ], [ -78.62010973799994, -8.696714226999973 ], [ -78.615596362999952, -8.704402476999974 ], [ -78.615348612999981, -8.709882351999966 ], [ -78.612366487999964, -8.711995101999946 ], [ -78.611451487999943, -8.716845101999979 ], [ -78.608247238, -8.71840397699998 ], [ -78.606463237999947, -8.718490601999974 ], [ -78.598587862999977, -8.714781226999946 ], [ -78.594113862999961, -8.717607226999974 ], [ -78.589974237999968, -8.718577101999927 ], [ -78.588432737999938, -8.716671851999934 ], [ -78.586232987999949, -8.709276101999933 ], [ -78.578419362999966, -8.706108726999958 ], [ -78.573131737999972, -8.702994851999961 ], [ -78.573012737999989, -8.705255351999938 ], [ -78.576009987999953, -8.709209976999944 ], [ -78.576639987999954, -8.714789976999953 ], [ -78.576459987999954, -8.71910997699996 ], [ -78.575289987999952, -8.723279976999947 ], [ -78.575869987999965, -8.726289976999965 ], [ -78.574069987999962, -8.729469976999951 ], [ -78.575299987999983, -8.733879976999958 ], [ -78.572349987999985, -8.738159976999953 ], [ -78.572369987999934, -8.742299976999959 ], [ -78.568249987999934, -8.744179976999931 ], [ -78.56674998799997, -8.745889976999933 ], [ -78.564759987999935, -8.753839976999927 ], [ -78.558306237999943, -8.757701726999926 ], [ -78.549992237999959, -8.76592897699993 ], [ -78.548218737999946, -8.76932422699997 ], [ -78.54892248799996, -8.771693476999928 ], [ -78.55792398799997, -8.782384726999965 ], [ -78.560843112999976, -8.788236726999969 ], [ -78.565343112999983, -8.792598976999955 ], [ -78.565410862999954, -8.797910101999946 ], [ -78.569715112999972, -8.806065476999947 ], [ -78.570637737999959, -8.810087601999953 ], [ -78.575796237999953, -8.819729726999981 ], [ -78.581041487999983, -8.83698635199994 ], [ -78.582533737999938, -8.846615226999972 ], [ -78.584985362999987, -8.849244476999957 ], [ -78.585838112999966, -8.854218851999974 ], [ -78.588055987999951, -8.857731976999958 ], [ -78.587113362999958, -8.861480226999959 ], [ -78.583598612999936, -8.864170476999959 ], [ -78.582788112999935, -8.865678976999959 ], [ -78.580626987999949, -8.876777476999962 ], [ -78.578161737999949, -8.882308726999952 ], [ -78.576484737999976, -8.889046601999951 ], [ -78.578983612999934, -8.89483235199998 ], [ -78.580145737999942, -8.906423351999933 ], [ -78.582728987999985, -8.908415726999976 ], [ -78.585433612999964, -8.919917851999969 ], [ -78.590292987999987, -8.926560601999938 ], [ -78.589943612999946, -8.942622351999944 ], [ -78.59166248799994, -8.945999226999959 ], [ -78.603436612999985, -8.953684976999966 ], [ -78.608585987999959, -8.958289226999966 ], [ -78.612341987999969, -8.959803601999965 ], [ -78.615613362999966, -8.963680851999982 ], [ -78.619511362999958, -8.966529976999936 ], [ -78.629728612999941, -8.970889851999971 ], [ -78.644923862999974, -8.969228476999945 ], [ -78.644956988, -8.961923851999927 ], [ -78.642761737999933, -8.957101601999966 ], [ -78.645011737999937, -8.943451226999969 ], [ -78.643693362999954, -8.935081976999982 ], [ -78.645308612999941, -8.930023476999963 ], [ -78.648267612999973, -8.92491797699995 ], [ -78.650796862999982, -8.916085976999966 ], [ -78.654458987999988, -8.910080101999938 ], [ -78.671763612999939, -8.88576760199993 ], [ -78.689685487999952, -8.867080101999932 ], [ -78.703980487999956, -8.84927347699994 ], [ -78.731767612999988, -8.812665976999938 ], [ -78.734513613, -8.807845726999972 ], [ -78.759837862999973, -8.776009601999931 ], [ -78.761320362999982, -8.772909976999927 ], [ -78.760792987999935, -8.771181601999956 ], [ -78.758287112999938, -8.769556601999966 ], [ -78.757501987999945, -8.766939476999937 ], [ -78.760933612999963, -8.756800726999927 ], [ -78.756937487999949, -8.753685601999962 ], [ -78.752058612999974, -8.747529351999958 ], [ -78.744685487999959, -8.742540976999976 ], [ -78.74277148799996, -8.740324226999974 ], [ -78.740521487999956, -8.732556476999946 ], [ -78.741089862999956, -8.724134726999978 ], [ -78.737728487999959, -8.716566351999973 ], [ -78.737955112999941, -8.707521476999943 ], [ -78.740689487999987, -8.698539101999927 ], [ -78.746648487999948, -8.684080101999939 ], [ -78.743420612999955, -8.682931851999967 ], [ -78.739685612999949, -8.680331726999952 ], [ -78.736644112999954, -8.679545976999975 ], [ -78.730468737999956, -8.68520697699995 ], [ -78.724295612999981, -8.689445476999936 ], [ -78.719123737999951, -8.69654460199996 ], [ -78.713881112999957, -8.699725851999972 ], [ -78.708536737999964, -8.700667476999968 ], [ -78.702056612999968, -8.69802660199997 ], [ -78.691130862999955, -8.695964851999975 ], [ -78.688376987999959, -8.693581976999951 ], [ -78.682865237999977, -8.686299976999976 ], [ -78.678287237999939, -8.683240351999927 ], [ -78.673483362999946, -8.680632101999947 ], [ -78.664610487999937, -8.679849601999933 ], [ -78.661505612999974, -8.671502101999977 ], [ -78.660540862999937, -8.670689351999954 ], [ -78.659324862999938, -8.670998976999954 ] ] ] } }
]
}
